experiment,assessment_id,student_id,human_observation_id,generated_observation_id,human_text,generated_text,human_feedback_type,generated_feedback_type,human_scope,generated_scope,human_part_ids,generated_part_ids,human_task_ids,generated_task_ids,human_requirement_ids,generated_requirement_ids,scope_alignment,feedback_type_compatibility,requirement_alignment,semantic_similarity,manual_label,annotation_notes,pair_key,similarity_band
A,assessment_1,student_3,obs_001,obs_006,The submission makes a strong start overall.,Ensure the proof structure maintains the intended meaning of the scenario even with different proposition names.,strength,suggestion,overall,task,,part_1,,scenario_3,,S3-R6,unknown,potentially_compatible,not_assessable,0.0316327549517154,,,assessment_1|student_3|A|obs_001|obs_006,very_low
A,assessment_1,student_3,obs_003,obs_006,The reasoning in Scenario 3 is logically sound and well structured.,Ensure the proof structure maintains the intended meaning of the scenario even with different proposition names.,strength,suggestion,task,task,part_1,part_1,scenario_3,scenario_3,S3-R5|S3-R6,S3-R6,exact,potentially_compatible,overlap,0.5303207635879517,,,assessment_1|student_3|A|obs_003|obs_006,boundary_high
A,assessment_1,student_3,obs_004,obs_003,Scenario 2 is incomplete.,The proof needs to explicitly derive 'a' using the assumptions and construct 'a ∧ d'. Add comments explaining the reasoning.,omission,error,task,task,part_1,part_1,scenario_2,scenario_2,,S2-R3|S2-R4|S2-R6,exact,potentially_compatible,not_assessable,0.1473737806081771,,,assessment_1|student_3|A|obs_004|obs_003,very_low
A,assessment_1,student_3,obs_004,obs_004,Scenario 2 is incomplete.,Ensure the Lean code compiles by checking for syntax errors and missing imports.,omission,error,task,task,part_1,part_1,scenario_2,scenario_2,,S2-R7,exact,potentially_compatible,not_assessable,0.1221789419651031,,,assessment_1|student_3|A|obs_004|obs_004,very_low
A,assessment_1,student_3,obs_005,obs_007,Scenario 4 lacks a conclusion and therefore does not fully establish the required goal.,The proof needs to include an explanation of how ¬f is derived from the assumptions.,error,error,task,task,part_1,part_1,scenario_4,scenario_4,S4-R5,S4-R4|S4-R7,exact,compatible,no_overlap,0.2714836597442627,,,assessment_1|student_3|A|obs_005|obs_007,low_medium
A,assessment_1,student_3,obs_005,obs_008,Scenario 4 lacks a conclusion and therefore does not fully establish the required goal.,The submission should include a compilation check to ensure the code is valid.,error,omission,task,task,part_1,part_1,scenario_4,scenario_4,S4-R5,S4-R8,exact,potentially_compatible,no_overlap,0.2322991788387298,,,assessment_1|student_3|A|obs_005|obs_008,low_medium
A,assessment_1,student_3,obs_006,obs_009,"Part 2 is entirely missing, including all four required theorems.","The component does not include the required proof, explanations, or compilation.",omission,omission,part,task,part_2,part_2,theorem_1|theorem_2|theorem_3|theorem_4,theorem_1,T1-R1|T1-R2|T1-R3|T1-R4|T1-R5|T2-R1|T2-R2|T2-R3|T2-R4|T2-R5|T3-R1|T3-R2|T3-R3|T3-R4|T3-R5|T3-R6|T4-R1|T4-R2|T4-R3|T4-R4|T4-R5|T4-R6,T1-R1|T1-R2|T1-R3|T1-R4|T1-R5,human_broader,compatible,overlap,0.5115715861320496,,,assessment_1|student_3|A|obs_006|obs_009,boundary_high
A,assessment_1,student_3,obs_006,obs_010,"Part 2 is entirely missing, including all four required theorems.","The component is missing all required elements for proof correctness, explanation, and compilation. The theorem does not meet the submission criteria.",omission,error,part,task,part_2,part_2,theorem_1|theorem_2|theorem_3|theorem_4,theorem_2,T1-R1|T1-R2|T1-R3|T1-R4|T1-R5|T2-R1|T2-R2|T2-R3|T2-R4|T2-R5|T3-R1|T3-R2|T3-R3|T3-R4|T3-R5|T3-R6|T4-R1|T4-R2|T4-R3|T4-R4|T4-R5|T4-R6,T2-R1|T2-R2|T2-R3|T2-R4|T2-R5,human_broader,potentially_compatible,overlap,0.6085172891616821,,,assessment_1|student_3|A|obs_006|obs_010,boundary_high
A,assessment_1,student_3,obs_006,obs_011,"Part 2 is entirely missing, including all four required theorems.",The theorem is not implemented. Please replace 'sorry' with actual proofs and add explanations.,omission,error,part,task,part_2,part_2,theorem_1|theorem_2|theorem_3|theorem_4,theorem_3,T1-R1|T1-R2|T1-R3|T1-R4|T1-R5|T2-R1|T2-R2|T2-R3|T2-R4|T2-R5|T3-R1|T3-R2|T3-R3|T3-R4|T3-R5|T3-R6|T4-R1|T4-R2|T4-R3|T4-R4|T4-R5|T4-R6,T3-R1|T3-R2|T3-R3|T3-R4|T3-R5|T3-R6,human_broader,potentially_compatible,overlap,0.618155837059021,,,assessment_1|student_3|A|obs_006|obs_011,boundary_high
A,assessment_1,student_3,obs_006,obs_012,"Part 2 is entirely missing, including all four required theorems.","The theorem must include a proof using AxConjIntro, explain the contradiction-based strategy, and compile in Lean 4.",omission,error,part,task,part_2,part_2,theorem_1|theorem_2|theorem_3|theorem_4,theorem_4,T1-R1|T1-R2|T1-R3|T1-R4|T1-R5|T2-R1|T2-R2|T2-R3|T2-R4|T2-R5|T3-R1|T3-R2|T3-R3|T3-R4|T3-R5|T3-R6|T4-R1|T4-R2|T4-R3|T4-R4|T4-R5|T4-R6,T4-R1|T4-R2|T4-R3|T4-R4|T4-R5|T4-R6,human_broader,potentially_compatible,overlap,0.4979923963546753,,,assessment_1|student_3|A|obs_006|obs_012,boundary_low
B,assessment_1,student_3,obs_001,b_obs_001,The submission makes a strong start overall.,Prerequisite requirement is correctly represented as x1 ∨ x2.,strength,strength,overall,task,,part_1,,scenario_1,,S1-R1,unknown,compatible,not_assessable,0.0823250338435173,,,assessment_1|student_3|B|obs_001|b_obs_001,very_low
B,assessment_1,student_3,obs_001,b_obs_002,The submission makes a strong start overall.,"The student work includes the disjunction y1 ∨ y2 as part of the antecedent in the formula (x1 ∨ x2) ∧ (y1 ∨ y2) → z, which correctly represents the approval requirement as the disjunction y1 ∨ y2.",strength,strength,overall,task,,part_1,,scenario_1,,S1-R2,unknown,compatible,not_assessable,0.0737194567918777,,,assessment_1|student_3|B|obs_001|b_obs_002,very_low
B,assessment_1,student_3,obs_001,b_obs_003,The submission makes a strong start overall.,"Your submitted proof satisfies both the prerequisite and approval requirements, as demonstrated by the proof body that incorporates both conditions.",strength,strength,overall,task,,part_1,,scenario_1,,S1-R3,unknown,compatible,not_assessable,0.2284815907478332,,,assessment_1|student_3|B|obs_001|b_obs_003,low_medium
B,assessment_1,student_3,obs_001,b_obs_004,The submission makes a strong start overall.,The proof correctly handles all four combinations of cases.,strength,strength,overall,task,,part_1,,scenario_1,,S1-R4,unknown,compatible,not_assessable,0.1473777592182159,,,assessment_1|student_3|B|obs_001|b_obs_004,very_low
B,assessment_1,student_3,obs_001,b_obs_005,The submission makes a strong start overall.,"Your proof uses case evidence (e.g., 'case a', 'case b', 'case c', 'case d') and does not appear to rely on unrelated assumptions.",strength,strength,overall,task,,part_1,,scenario_1,,S1-R5,unknown,compatible,not_assessable,0.0057263188064098,,,assessment_1|student_3|B|obs_001|b_obs_005,very_low
B,assessment_1,student_3,obs_001,b_obs_008,The submission makes a strong start overall.,The formal statement matches the required logical implication.,strength,strength,overall,task,,part_1,,scenario_2,,S2-R1,unknown,compatible,not_assessable,0.0,,,assessment_1|student_3|B|obs_001|b_obs_008,very_low
B,assessment_1,student_3,obs_001,b_obs_009,The submission makes a strong start overall.,The proof body correctly decomposes the proposition.,strength,strength,overall,task,,part_1,,scenario_2,,S2-R2,unknown,compatible,not_assessable,0.1089275032281875,,,assessment_1|student_3|B|obs_001|b_obs_009,very_low
B,assessment_1,student_3,obs_001,b_obs_010,The submission makes a strong start overall.,The proof correctly establishes 'a' using the assumptions ¬a → (c ∧ d) and ¬c.,strength,strength,overall,task,,part_1,,scenario_2,,S2-R3,unknown,compatible,not_assessable,0.0700247138738632,,,assessment_1|student_3|B|obs_001|b_obs_010,very_low
B,assessment_1,student_3,obs_001,b_obs_011,The submission makes a strong start overall.,The final conjunction 'a ∧ d' is explicitly constructed in the formal statement.,strength,strength,overall,task,,part_1,,scenario_2,,S2-R4,unknown,compatible,not_assessable,0.0868009775876998,,,assessment_1|student_3|B|obs_001|b_obs_011,very_low
B,assessment_1,student_3,obs_001,b_obs_012,The submission makes a strong start overall.,Classical reasoning is used in a valid manner.,strength,strength,overall,task,,part_1,,scenario_2,,S2-R5,unknown,compatible,not_assessable,0.0179765634238719,,,assessment_1|student_3|B|obs_001|b_obs_012,very_low
B,assessment_1,student_3,obs_001,b_obs_015,The submission makes a strong start overall.,"Your submitted work includes propositions that represent heavy congestion, unsafe weather, sufficient fuel, and destination reached.",strength,strength,overall,task,,part_1,,scenario_3,,S3-R1,unknown,compatible,not_assessable,0.1955974400043487,,,assessment_1|student_3|B|obs_001|b_obs_015,very_low
B,assessment_1,student_3,obs_001,b_obs_016,The submission makes a strong start overall.,Your submitted work correctly represents safe weather as the negation of the proposition representing unsafe weather.,strength,strength,overall,task,,part_1,,scenario_3,,S3-R2,unknown,compatible,not_assessable,0.1194808036088943,,,assessment_1|student_3|B|obs_001|b_obs_016,very_low
B,assessment_1,student_3,obs_001,b_obs_017,The submission makes a strong start overall.,The 'only if' interpretation is correctly applied in the formalisation.,strength,strength,overall,task,,part_1,,scenario_3,,S3-R3,unknown,compatible,not_assessable,0.0,,,assessment_1|student_3|B|obs_001|b_obs_017,very_low
B,assessment_1,student_3,obs_001,b_obs_018,The submission makes a strong start overall.,The submitted formal statements do not imply the absence of congestion on the usual route based on the provided evidence.,strength,strength,overall,task,,part_1,,scenario_3,,S3-R4,unknown,compatible,not_assessable,0.0,,,assessment_1|student_3|B|obs_001|b_obs_018,very_low
B,assessment_1,student_3,obs_001,b_obs_020,The submission makes a strong start overall.,Ensure the proof structure maintains the intended meaning of the scenario even with different proposition names.,strength,suggestion,overall,task,,part_1,,scenario_3,,S3-R6,unknown,potentially_compatible,not_assessable,0.0316327549517154,,,assessment_1|student_3|B|obs_001|b_obs_020,very_low
B,assessment_1,student_3,obs_001,b_obs_023,The submission makes a strong start overall.,The formal statement matches the target implication exactly.,strength,strength,overall,task,,part_1,,scenario_4,,S4-R1,unknown,compatible,not_assessable,0.029354203492403,,,assessment_1|student_3|B|obs_001|b_obs_023,very_low
B,assessment_1,student_3,obs_001,b_obs_024,The submission makes a strong start overall.,r is derived from t and t → r as required.,strength,strength,overall,task,,part_1,,scenario_4,,S4-R2,unknown,compatible,not_assessable,0.0184468887746334,,,assessment_1|student_3|B|obs_001|b_obs_024,very_low
B,assessment_1,student_3,obs_001,b_obs_025,The submission makes a strong start overall.,m is derived from r and r → m as required.,strength,strength,overall,task,,part_1,,scenario_4,,S4-R3,unknown,compatible,not_assessable,0.0299003738909959,,,assessment_1|student_3|B|obs_001|b_obs_025,very_low
B,assessment_1,student_3,obs_001,b_obs_027,The submission makes a strong start overall.,The final result r ∧ m ∧ ¬f is constructed correctly.,strength,strength,overall,task,,part_1,,scenario_4,,S4-R5,unknown,compatible,not_assessable,0.1477254629135131,,,assessment_1|student_3|B|obs_001|b_obs_027,very_low
B,assessment_1,student_3,obs_001,b_obs_028,The submission makes a strong start overall.,"The proof targets the required implication, not a modified version.",strength,strength,overall,task,,part_1,,scenario_4,,S4-R6,unknown,compatible,not_assessable,0.0460192710161209,,,assessment_1|student_3|B|obs_001|b_obs_028,very_low
B,assessment_1,student_3,obs_002,b_obs_001,The case-by-case analysis in Scenario 1 clearly captures all of the eligibility conditions.,Prerequisite requirement is correctly represented as x1 ∨ x2.,strength,strength,task,task,part_1,part_1,scenario_1,scenario_1,S1-R3|S1-R4,S1-R1,exact,compatible,no_overlap,0.403723269701004,,,assessment_1|student_3|B|obs_002|b_obs_001,boundary_low
B,assessment_1,student_3,obs_002,b_obs_002,The case-by-case analysis in Scenario 1 clearly captures all of the eligibility conditions.,"The student work includes the disjunction y1 ∨ y2 as part of the antecedent in the formula (x1 ∨ x2) ∧ (y1 ∨ y2) → z, which correctly represents the approval requirement as the disjunction y1 ∨ y2.",strength,strength,task,task,part_1,part_1,scenario_1,scenario_1,S1-R3|S1-R4,S1-R2,exact,compatible,no_overlap,0.3615733087062835,,,assessment_1|student_3|B|obs_002|b_obs_002,boundary_low
B,assessment_1,student_3,obs_002,b_obs_003,The case-by-case analysis in Scenario 1 clearly captures all of the eligibility conditions.,"Your submitted proof satisfies both the prerequisite and approval requirements, as demonstrated by the proof body that incorporates both conditions.",strength,strength,task,task,part_1,part_1,scenario_1,scenario_1,S1-R3|S1-R4,S1-R3,exact,compatible,overlap,0.3395259380340576,,,assessment_1|student_3|B|obs_002|b_obs_003,low_medium
B,assessment_1,student_3,obs_002,b_obs_004,The case-by-case analysis in Scenario 1 clearly captures all of the eligibility conditions.,The proof correctly handles all four combinations of cases.,strength,strength,task,task,part_1,part_1,scenario_1,scenario_1,S1-R3|S1-R4,S1-R4,exact,compatible,overlap,0.379238486289978,,,assessment_1|student_3|B|obs_002|b_obs_004,boundary_low
B,assessment_1,student_3,obs_002,b_obs_005,The case-by-case analysis in Scenario 1 clearly captures all of the eligibility conditions.,"Your proof uses case evidence (e.g., 'case a', 'case b', 'case c', 'case d') and does not appear to rely on unrelated assumptions.",strength,strength,task,task,part_1,part_1,scenario_1,scenario_1,S1-R3|S1-R4,S1-R5,exact,compatible,no_overlap,0.3142169713973999,,,assessment_1|student_3|B|obs_002|b_obs_005,low_medium
B,assessment_1,student_3,obs_003,b_obs_015,The reasoning in Scenario 3 is logically sound and well structured.,"Your submitted work includes propositions that represent heavy congestion, unsafe weather, sufficient fuel, and destination reached.",strength,strength,task,task,part_1,part_1,scenario_3,scenario_3,S3-R5|S3-R6,S3-R1,exact,compatible,no_overlap,0.3004220724105835,,,assessment_1|student_3|B|obs_003|b_obs_015,low_medium
B,assessment_1,student_3,obs_003,b_obs_016,The reasoning in Scenario 3 is logically sound and well structured.,Your submitted work correctly represents safe weather as the negation of the proposition representing unsafe weather.,strength,strength,task,task,part_1,part_1,scenario_3,scenario_3,S3-R5|S3-R6,S3-R2,exact,compatible,no_overlap,0.240060493350029,,,assessment_1|student_3|B|obs_003|b_obs_016,low_medium
B,assessment_1,student_3,obs_003,b_obs_017,The reasoning in Scenario 3 is logically sound and well structured.,The 'only if' interpretation is correctly applied in the formalisation.,strength,strength,task,task,part_1,part_1,scenario_3,scenario_3,S3-R5|S3-R6,S3-R3,exact,compatible,no_overlap,0.3303143382072449,,,assessment_1|student_3|B|obs_003|b_obs_017,low_medium
B,assessment_1,student_3,obs_003,b_obs_018,The reasoning in Scenario 3 is logically sound and well structured.,The submitted formal statements do not imply the absence of congestion on the usual route based on the provided evidence.,strength,strength,task,task,part_1,part_1,scenario_3,scenario_3,S3-R5|S3-R6,S3-R4,exact,compatible,no_overlap,0.2694686949253082,,,assessment_1|student_3|B|obs_003|b_obs_018,low_medium
B,assessment_1,student_3,obs_003,b_obs_020,The reasoning in Scenario 3 is logically sound and well structured.,Ensure the proof structure maintains the intended meaning of the scenario even with different proposition names.,strength,suggestion,task,task,part_1,part_1,scenario_3,scenario_3,S3-R5|S3-R6,S3-R6,exact,potentially_compatible,overlap,0.5303207635879517,,,assessment_1|student_3|B|obs_003|b_obs_020,boundary_high
B,assessment_1,student_3,obs_004,b_obs_013,Scenario 2 is incomplete.,The explanation is missing from the Lean file.,omission,error,task,task,part_1,part_1,scenario_2,scenario_2,,S2-R6,exact,potentially_compatible,not_assessable,0.1870622038841247,,,assessment_1|student_3|B|obs_004|b_obs_013,very_low
B,assessment_1,student_3,obs_004,b_obs_014,Scenario 2 is incomplete.,Ensure the Lean code compiles by checking for syntax errors and missing imports.,omission,omission,task,task,part_1,part_1,scenario_2,scenario_2,,S2-R7,exact,compatible,not_assessable,0.1221789419651031,,,assessment_1|student_3|B|obs_004|b_obs_014,very_low
B,assessment_1,student_3,obs_005,b_obs_026,Scenario 4 lacks a conclusion and therefore does not fully establish the required goal.,¬f is not derived from the available assumptions.,error,error,task,task,part_1,part_1,scenario_4,scenario_4,S4-R5,S4-R4,exact,compatible,no_overlap,0.3586580157279968,,,assessment_1|student_3|B|obs_005|b_obs_026,boundary_low
B,assessment_1,student_3,obs_005,b_obs_029,Scenario 4 lacks a conclusion and therefore does not fully establish the required goal.,The derivation of ¬f is not explained in comments.,error,error,task,task,part_1,part_1,scenario_4,scenario_4,S4-R5,S4-R7,exact,compatible,no_overlap,0.194931298494339,,,assessment_1|student_3|B|obs_005|b_obs_029,very_low
B,assessment_1,student_3,obs_005,b_obs_030,Scenario 4 lacks a conclusion and therefore does not fully establish the required goal.,The submission should include a compilation check to ensure the code is valid.,error,omission,task,task,part_1,part_1,scenario_4,scenario_4,S4-R5,S4-R8,exact,potentially_compatible,no_overlap,0.2322991788387298,,,assessment_1|student_3|B|obs_005|b_obs_030,low_medium
B,assessment_1,student_3,obs_006,b_obs_031,"Part 2 is entirely missing, including all four required theorems.",The requirement to prove that provable (conj x False) leads to a contradiction is not met because the student work is empty.,omission,error,part,task,part_2,part_2,theorem_1|theorem_2|theorem_3|theorem_4,theorem_1,T1-R1|T1-R2|T1-R3|T1-R4|T1-R5|T2-R1|T2-R2|T2-R3|T2-R4|T2-R5|T3-R1|T3-R2|T3-R3|T3-R4|T3-R5|T3-R6|T4-R1|T4-R2|T4-R3|T4-R4|T4-R5|T4-R6,T1-R1,human_broader,potentially_compatible,overlap,0.325506329536438,,,assessment_1|student_3|B|obs_006|b_obs_031,low_medium
B,assessment_1,student_3,obs_006,b_obs_032,"Part 2 is entirely missing, including all four required theorems.",The requirement to prove that provable x does not imply that False is provable is not addressed by the student work.,omission,error,part,task,part_2,part_2,theorem_1|theorem_2|theorem_3|theorem_4,theorem_1,T1-R1|T1-R2|T1-R3|T1-R4|T1-R5|T2-R1|T2-R2|T2-R3|T2-R4|T2-R5|T3-R1|T3-R2|T3-R3|T3-R4|T3-R5|T3-R6|T4-R1|T4-R2|T4-R3|T4-R4|T4-R5|T4-R6,T1-R2,human_broader,potentially_compatible,overlap,0.2699359655380249,,,assessment_1|student_3|B|obs_006|b_obs_032,low_medium
B,assessment_1,student_3,obs_006,b_obs_033,"Part 2 is entirely missing, including all four required theorems.","The requirement to use appropriate supplied axioms is not addressed. The student work is empty, and the requirement does not explicitly state that the student work must include any specific axioms or that the student work must be non-empty.",omission,error,part,task,part_2,part_2,theorem_1|theorem_2|theorem_3|theorem_4,theorem_1,T1-R1|T1-R2|T1-R3|T1-R4|T1-R5|T2-R1|T2-R2|T2-R3|T2-R4|T2-R5|T3-R1|T3-R2|T3-R3|T3-R4|T3-R5|T3-R6|T4-R1|T4-R2|T4-R3|T4-R4|T4-R5|T4-R6,T1-R3,human_broader,potentially_compatible,overlap,0.3288504481315613,,,assessment_1|student_3|B|obs_006|b_obs_033,low_medium
B,assessment_1,student_3,obs_006,b_obs_034,"Part 2 is entirely missing, including all four required theorems.",The requirement to explain both conjuncts of the theorem is not addressed.,omission,omission,part,task,part_2,part_2,theorem_1|theorem_2|theorem_3|theorem_4,theorem_1,T1-R1|T1-R2|T1-R3|T1-R4|T1-R5|T2-R1|T2-R2|T2-R3|T2-R4|T2-R5|T3-R1|T3-R2|T3-R3|T3-R4|T3-R5|T3-R6|T4-R1|T4-R2|T4-R3|T4-R4|T4-R5|T4-R6,T1-R4,human_broader,compatible,overlap,0.6047506332397461,,,assessment_1|student_3|B|obs_006|b_obs_034,boundary_high
B,assessment_1,student_3,obs_006,b_obs_035,"Part 2 is entirely missing, including all four required theorems.",The requirement that the theorem must compile is not addressed by the student work.,omission,omission,part,task,part_2,part_2,theorem_1|theorem_2|theorem_3|theorem_4,theorem_1,T1-R1|T1-R2|T1-R3|T1-R4|T1-R5|T2-R1|T2-R2|T2-R3|T2-R4|T2-R5|T3-R1|T3-R2|T3-R3|T3-R4|T3-R5|T3-R6|T4-R1|T4-R2|T4-R3|T4-R4|T4-R5|T4-R6,T1-R5,human_broader,compatible,overlap,0.4978824257850647,,,assessment_1|student_3|B|obs_006|b_obs_035,boundary_low
B,assessment_1,student_3,obs_006,b_obs_036,"Part 2 is entirely missing, including all four required theorems.",The requirement to extract provable False from provable (conj x False) is not met because the student work is empty and the requirement is not satisfied.,omission,error,part,task,part_2,part_2,theorem_1|theorem_2|theorem_3|theorem_4,theorem_2,T1-R1|T1-R2|T1-R3|T1-R4|T1-R5|T2-R1|T2-R2|T2-R3|T2-R4|T2-R5|T3-R1|T3-R2|T3-R3|T3-R4|T3-R5|T3-R6|T4-R1|T4-R2|T4-R3|T4-R4|T4-R5|T4-R6,T2-R1,human_broader,potentially_compatible,overlap,0.2500810623168945,,,assessment_1|student_3|B|obs_006|b_obs_036,low_medium
B,assessment_1,student_3,obs_006,b_obs_037,"Part 2 is entirely missing, including all four required theorems.",The requirement to use the resulting contradiction to derive provable y is not present.,omission,omission,part,task,part_2,part_2,theorem_1|theorem_2|theorem_3|theorem_4,theorem_2,T1-R1|T1-R2|T1-R3|T1-R4|T1-R5|T2-R1|T2-R2|T2-R3|T2-R4|T2-R5|T3-R1|T3-R2|T3-R3|T3-R4|T3-R5|T3-R6|T4-R1|T4-R2|T4-R3|T4-R4|T4-R5|T4-R6,T2-R2,human_broader,compatible,overlap,0.2749103605747223,,,assessment_1|student_3|B|obs_006|b_obs_037,low_medium
B,assessment_1,student_3,obs_006,b_obs_038,"Part 2 is entirely missing, including all four required theorems.",The requirement to use the supplied conjunction-elimination and falsehood axioms appropriately is not met because the student work is empty.,omission,error,part,task,part_2,part_2,theorem_1|theorem_2|theorem_3|theorem_4,theorem_2,T1-R1|T1-R2|T1-R3|T1-R4|T1-R5|T2-R1|T2-R2|T2-R3|T2-R4|T2-R5|T3-R1|T3-R2|T3-R3|T3-R4|T3-R5|T3-R6|T4-R1|T4-R2|T4-R3|T4-R4|T4-R5|T4-R6,T2-R3,human_broader,potentially_compatible,overlap,0.353655993938446,,,assessment_1|student_3|B|obs_006|b_obs_038,boundary_low
B,assessment_1,student_3,obs_006,b_obs_039,"Part 2 is entirely missing, including all four required theorems.",The requirement to explain the principle of explosion and how it is implemented is not met as the student work is empty and the assessment does not evaluate the exact requirement.,omission,error,part,task,part_2,part_2,theorem_1|theorem_2|theorem_3|theorem_4,theorem_2,T1-R1|T1-R2|T1-R3|T1-R4|T1-R5|T2-R1|T2-R2|T2-R3|T2-R4|T2-R5|T3-R1|T3-R2|T3-R3|T3-R4|T3-R5|T3-R6|T4-R1|T4-R2|T4-R3|T4-R4|T4-R5|T4-R6,T2-R4,human_broader,potentially_compatible,overlap,0.2955694198608398,,,assessment_1|student_3|B|obs_006|b_obs_039,low_medium
B,assessment_1,student_3,obs_006,b_obs_040,"Part 2 is entirely missing, including all four required theorems.",The requirement that the theorem must compile is not met because the student work is empty and no compilation evidence is provided.,omission,error,part,task,part_2,part_2,theorem_1|theorem_2|theorem_3|theorem_4,theorem_2,T1-R1|T1-R2|T1-R3|T1-R4|T1-R5|T2-R1|T2-R2|T2-R3|T2-R4|T2-R5|T3-R1|T3-R2|T3-R3|T3-R4|T3-R5|T3-R6|T4-R1|T4-R2|T4-R3|T4-R4|T4-R5|T4-R6,T2-R5,human_broader,potentially_compatible,overlap,0.5135473012924194,,,assessment_1|student_3|B|obs_006|b_obs_040,boundary_high
B,assessment_1,student_3,obs_006,b_obs_041,"Part 2 is entirely missing, including all four required theorems.","The requirement to extract provable x, provable y, and provable z from the nested conjunction is not met because no student work is provided.",omission,omission,part,task,part_2,part_2,theorem_1|theorem_2|theorem_3|theorem_4,theorem_3,T1-R1|T1-R2|T1-R3|T1-R4|T1-R5|T2-R1|T2-R2|T2-R3|T2-R4|T2-R5|T3-R1|T3-R2|T3-R3|T3-R4|T3-R5|T3-R6|T4-R1|T4-R2|T4-R3|T4-R4|T4-R5|T4-R6,T3-R1,human_broader,compatible,overlap,0.2734898328781128,,,assessment_1|student_3|B|obs_006|b_obs_041,low_medium
B,assessment_1,student_3,obs_006,b_obs_042,"Part 2 is entirely missing, including all four required theorems.",The construction of (conj y x) is not present in the submitted work.,omission,error,part,task,part_2,part_2,theorem_1|theorem_2|theorem_3|theorem_4,theorem_3,T1-R1|T1-R2|T1-R3|T1-R4|T1-R5|T2-R1|T2-R2|T2-R3|T2-R4|T2-R5|T3-R1|T3-R2|T3-R3|T3-R4|T3-R5|T3-R6|T4-R1|T4-R2|T4-R3|T4-R4|T4-R5|T4-R6,T3-R2,human_broader,potentially_compatible,overlap,0.3240951001644134,,,assessment_1|student_3|B|obs_006|b_obs_042,low_medium
B,assessment_1,student_3,obs_006,b_obs_043,"Part 2 is entirely missing, including all four required theorems.",The requirement to construct provable (conj (conj y x) z) is not met as no such construction is present in the student work.,omission,error,part,task,part_2,part_2,theorem_1|theorem_2|theorem_3|theorem_4,theorem_3,T1-R1|T1-R2|T1-R3|T1-R4|T1-R5|T2-R1|T2-R2|T2-R3|T2-R4|T2-R5|T3-R1|T3-R2|T3-R3|T3-R4|T3-R5|T3-R6|T4-R1|T4-R2|T4-R3|T4-R4|T4-R5|T4-R6,T3-R3,human_broader,potentially_compatible,overlap,0.2737235426902771,,,assessment_1|student_3|B|obs_006|b_obs_043,low_medium
B,assessment_1,student_3,obs_006,b_obs_044,"Part 2 is entirely missing, including all four required theorems.","The use of AxConjElimLeft, AxConjElimRight, and AxConjIntro is not present in the submitted work.",omission,omission,part,task,part_2,part_2,theorem_1|theorem_2|theorem_3|theorem_4,theorem_3,T1-R1|T1-R2|T1-R3|T1-R4|T1-R5|T2-R1|T2-R2|T2-R3|T2-R4|T2-R5|T3-R1|T3-R2|T3-R3|T3-R4|T3-R5|T3-R6|T4-R1|T4-R2|T4-R3|T4-R4|T4-R5|T4-R6,T3-R4,human_broader,compatible,overlap,0.2433458268642425,,,assessment_1|student_3|B|obs_006|b_obs_044,low_medium
B,assessment_1,student_3,obs_006,b_obs_045,"Part 2 is entirely missing, including all four required theorems.",The explanation of elimination and reconstruction steps is not present in the student work.,omission,omission,part,task,part_2,part_2,theorem_1|theorem_2|theorem_3|theorem_4,theorem_3,T1-R1|T1-R2|T1-R3|T1-R4|T1-R5|T2-R1|T2-R2|T2-R3|T2-R4|T2-R5|T3-R1|T3-R2|T3-R3|T3-R4|T3-R5|T3-R6|T4-R1|T4-R2|T4-R3|T4-R4|T4-R5|T4-R6,T3-R5,human_broader,compatible,overlap,0.3653221726417541,,,assessment_1|student_3|B|obs_006|b_obs_045,boundary_low
B,assessment_1,student_3,obs_006,b_obs_046,"Part 2 is entirely missing, including all four required theorems.",The theorem does not compile because the submission is empty.,omission,omission,part,task,part_2,part_2,theorem_1|theorem_2|theorem_3|theorem_4,theorem_3,T1-R1|T1-R2|T1-R3|T1-R4|T1-R5|T2-R1|T2-R2|T2-R3|T2-R4|T2-R5|T3-R1|T3-R2|T3-R3|T3-R4|T3-R5|T3-R6|T4-R1|T4-R2|T4-R3|T4-R4|T4-R5|T4-R6,T3-R6,human_broader,compatible,overlap,0.5219560265541077,,,assessment_1|student_3|B|obs_006|b_obs_046,boundary_high
B,assessment_1,student_3,obs_006,b_obs_047,"Part 2 is entirely missing, including all four required theorems.",The requirement to assume provable y and combine it with provable x is not addressed.,omission,omission,part,task,part_2,part_2,theorem_1|theorem_2|theorem_3|theorem_4,theorem_4,T1-R1|T1-R2|T1-R3|T1-R4|T1-R5|T2-R1|T2-R2|T2-R3|T2-R4|T2-R5|T3-R1|T3-R2|T3-R3|T3-R4|T3-R5|T3-R6|T4-R1|T4-R2|T4-R3|T4-R4|T4-R5|T4-R6,T4-R1,human_broader,compatible,overlap,0.2499494552612304,,,assessment_1|student_3|B|obs_006|b_obs_047,low_medium
B,assessment_1,student_3,obs_006,b_obs_048,"Part 2 is entirely missing, including all four required theorems.",The requirement to use AxConjIntro to derive provable (conj x y) is not met as the student work is absent.,omission,omission,part,task,part_2,part_2,theorem_1|theorem_2|theorem_3|theorem_4,theorem_4,T1-R1|T1-R2|T1-R3|T1-R4|T1-R5|T2-R1|T2-R2|T2-R3|T2-R4|T2-R5|T3-R1|T3-R2|T3-R3|T3-R4|T3-R5|T3-R6|T4-R1|T4-R2|T4-R3|T4-R4|T4-R5|T4-R6,T4-R2,human_broader,compatible,overlap,0.22750324010849,,,assessment_1|student_3|B|obs_006|b_obs_048,low_medium
B,assessment_1,student_3,obs_006,b_obs_049,"Part 2 is entirely missing, including all four required theorems.",The requirement to use the contradiction with ¬ provable (conj x y) to establish ¬ provable y is not met because the student work does not contain the necessary logical structure.,omission,error,part,task,part_2,part_2,theorem_1|theorem_2|theorem_3|theorem_4,theorem_4,T1-R1|T1-R2|T1-R3|T1-R4|T1-R5|T2-R1|T2-R2|T2-R3|T2-R4|T2-R5|T3-R1|T3-R2|T3-R3|T3-R4|T3-R5|T3-R6|T4-R1|T4-R2|T4-R3|T4-R4|T4-R5|T4-R6,T4-R3,human_broader,potentially_compatible,overlap,0.2599748373031616,,,assessment_1|student_3|B|obs_006|b_obs_049,low_medium
B,assessment_1,student_3,obs_006,b_obs_050,"Part 2 is entirely missing, including all four required theorems.",The requirement is to supply the arguments to AxConjIntro correctly. The student work is empty and does not contain any arguments.,omission,omission,part,task,part_2,part_2,theorem_1|theorem_2|theorem_3|theorem_4,theorem_4,T1-R1|T1-R2|T1-R3|T1-R4|T1-R5|T2-R1|T2-R2|T2-R3|T2-R4|T2-R5|T3-R1|T3-R2|T3-R3|T3-R4|T3-R5|T3-R6|T4-R1|T4-R2|T4-R3|T4-R4|T4-R5|T4-R6,T4-R4,human_broader,compatible,overlap,0.2934679388999939,,,assessment_1|student_3|B|obs_006|b_obs_050,low_medium
B,assessment_1,student_3,obs_006,b_obs_051,"Part 2 is entirely missing, including all four required theorems.",The contradiction-based proof strategy is not explained in the submitted work.,omission,omission,part,task,part_2,part_2,theorem_1|theorem_2|theorem_3|theorem_4,theorem_4,T1-R1|T1-R2|T1-R3|T1-R4|T1-R5|T2-R1|T2-R2|T2-R3|T2-R4|T2-R5|T3-R1|T3-R2|T3-R3|T3-R4|T3-R5|T3-R6|T4-R1|T4-R2|T4-R3|T4-R4|T4-R5|T4-R6,T4-R5,human_broader,compatible,overlap,0.4211701154708862,,,assessment_1|student_3|B|obs_006|b_obs_051,boundary_low
B,assessment_1,student_3,obs_006,b_obs_052,"Part 2 is entirely missing, including all four required theorems.",The theorem does not compile in Lean 4.,omission,omission,part,task,part_2,part_2,theorem_1|theorem_2|theorem_3|theorem_4,theorem_4,T1-R1|T1-R2|T1-R3|T1-R4|T1-R5|T2-R1|T2-R2|T2-R3|T2-R4|T2-R5|T3-R1|T3-R2|T3-R3|T3-R4|T3-R5|T3-R6|T4-R1|T4-R2|T4-R3|T4-R4|T4-R5|T4-R6,T4-R6,human_broader,compatible,overlap,0.5249843001365662,,,assessment_1|student_3|B|obs_006|b_obs_052,boundary_high
C,assessment_1,student_3,obs_001,obs_003,The submission makes a strong start overall.,"The submission demonstrates an understanding of the conjunctive eligibility condition, but the proof needs to explicitly connect the conditions to the provable predicate z to fully meet the requirement.",strength,suggestion,overall,task,,part_1,,scenario_1,,S1-R3,unknown,potentially_compatible,not_assessable,0.1582750231027603,,,assessment_1|student_3|C|obs_001|obs_003,very_low
C,assessment_1,student_3,obs_001,obs_004,The submission makes a strong start overall.,"The student has addressed the four combinations in the first example, but the proof needs to explicitly connect the cases to the target proposition z and include a brief explanation of the reasoning.",strength,suggestion,overall,task,,part_1,,scenario_1,,S1-R4,unknown,potentially_compatible,not_assessable,0.0853402465581893,,,assessment_1|student_3|C|obs_001|obs_004,very_low
C,assessment_1,student_3,obs_001,obs_005,The submission makes a strong start overall.,"The student's proof uses case analysis on the disjunctions, which is appropriate. However, the proof relies on the assumption that the disjunctions (x1 ∨ x2) and (y1 ∨ y2) are provable, which is not directly derived from the stated conditions. The proof should be revised to ensure that the conclusion is derived solely from the case analysis evidence without relying on unrelated assumptions.",strength,suggestion,overall,task,,part_1,,scenario_1,,S1-R5,unknown,potentially_compatible,not_assessable,0.0,,,assessment_1|student_3|C|obs_001|obs_005,very_low
C,assessment_1,student_3,obs_001,obs_006,The submission makes a strong start overall.,"The submission correctly formalizes the eligibility condition, but it needs to include a detailed explanation of how the prerequisite and approval conditions together establish eligibility. The proof should be accompanied by comments that clarify the reasoning steps.",strength,suggestion,overall,task,,part_1,,scenario_1,,S1-R6,unknown,potentially_compatible,not_assessable,0.2532273232936859,,,assessment_1|student_3|C|obs_001|obs_006,low_medium
C,assessment_1,student_3,obs_001,obs_007,The submission makes a strong start overall.,The compilation status of the submitted Lean code cannot be assessed due to the absence of a compilation tool in the preprocessing version. Please ensure that the Lean code is compiled successfully in a valid environment.,strength,suggestion,overall,task,,part_1,,scenario_1,,S1-R7,unknown,potentially_compatible,not_assessable,0.1080265492200851,,,assessment_1|student_3|C|obs_001|obs_007,very_low
C,assessment_1,student_3,obs_001,obs_008,The submission makes a strong start overall.,"The submission correctly formalises the target implication and provides a structured proof. The proof body decomposes the proposition into subgoals, demonstrating an understanding of the logical implication required by the brief.",strength,strength,overall,task,,part_1,,scenario_2,,S2-R1,unknown,compatible,not_assessable,0.2855808436870575,,,assessment_1|student_3|C|obs_001|obs_008,low_medium
C,assessment_1,student_3,obs_001,obs_009,The submission makes a strong start overall.,"The submission demonstrates an attempt to derive the target statement from the given assumptions. However, the proof body does not fully show the derivation steps required to conclude (a ∧ d). The comments in the proof body support the requirement, but the derivation is incomplete.",strength,suggestion,overall,task,,part_1,,scenario_2,,S2-R2,unknown,potentially_compatible,not_assessable,0.0859348028898239,,,assessment_1|student_3|C|obs_001|obs_009,very_low
C,assessment_1,student_3,obs_001,obs_010,The submission makes a strong start overall.,"The submission demonstrates an understanding of the logical structure of the problem. The proof body correctly decomposes the assumptions, but the proof is incomplete and does not fully derive the conclusion from the given assumptions.",strength,suggestion,overall,task,,part_1,,scenario_2,,S2-R3,unknown,potentially_compatible,not_assessable,0.1273322999477386,,,assessment_1|student_3|C|obs_001|obs_010,very_low
C,assessment_1,student_3,obs_001,obs_012,The submission makes a strong start overall.,"The submission correctly proves the target statement using classical reasoning, and the proof is structured and supported by the Lean environment. The proof includes comments explaining each step, which supports the requirement that explanations are included as comments within the Lean file.",strength,strength,overall,task,,part_1,,scenario_2,,S2-R5,unknown,compatible,not_assessable,0.2337648868560791,,,assessment_1|student_3|C|obs_001|obs_012,low_medium
C,assessment_1,student_3,obs_001,obs_013,The submission makes a strong start overall.,"The submission demonstrates a clear understanding of the logical structure, but the explanation of how the assumptions lead to 'a' and 'd' is insufficient. The proof includes comments, but they are not detailed enough to fully explain the reasoning.",strength,suggestion,overall,task,,part_1,,scenario_2,,S2-R6,unknown,potentially_compatible,not_assessable,0.1422755569219589,,,assessment_1|student_3|C|obs_001|obs_013,very_low
C,assessment_1,student_3,obs_001,obs_014,The submission makes a strong start overall.,"The submission does not include evidence of Lean compilation, so we cannot assess whether the submitted Lean code compiles.",strength,suggestion,overall,task,,part_1,,scenario_2,,S2-R7,unknown,potentially_compatible,not_assessable,0.1660675108432769,,,assessment_1|student_3|C|obs_001|obs_014,very_low
C,assessment_1,student_3,obs_001,obs_023,The submission makes a strong start overall.,"The submission correctly formalizes the target statement as required. The proof body includes comments explaining the decomposition of the proposition, which supports the formalisation criterion. The structured data indicates the proof style is 'term', which is appropriate for this requirement.",strength,strength,overall,task,,part_1,,scenario_4,,S4-R1,unknown,compatible,not_assessable,0.1997866481542587,,,assessment_1|student_3|C|obs_001|obs_023,very_low
C,assessment_1,student_3,obs_001,obs_024,The submission makes a strong start overall.,The submission correctly derives 'r' from 't' and 't → r' as required. The proof is structured and includes the necessary logical steps.,strength,strength,overall,task,,part_1,,scenario_4,,S4-R2,unknown,compatible,not_assessable,0.1294959187507629,,,assessment_1|student_3|C|obs_001|obs_024,very_low
C,assessment_1,student_3,obs_001,obs_025,The submission makes a strong start overall.,The submission correctly derives 'm' from 'r' and 'r → m' using the provided assumptions. The proof is structured and follows the logical steps required for the target statement.,strength,strength,overall,task,,part_1,,scenario_4,,S4-R3,unknown,compatible,not_assessable,0.1046024411916732,,,assessment_1|student_3|C|obs_001|obs_025,very_low
C,assessment_1,student_3,obs_001,obs_027,The submission makes a strong start overall.,The proof correctly constructs the final result r ∧ m ∧ ¬f with the correct conjunction structure. The proof is well-structured and follows the required axioms.,strength,strength,overall,task,,part_1,,scenario_4,,S4-R5,unknown,compatible,not_assessable,0.1223577186465263,,,assessment_1|student_3|C|obs_001|obs_027,very_low
C,assessment_1,student_3,obs_001,obs_028,The submission makes a strong start overall.,The proof correctly targets the required implication. The formal statement and proof body are aligned with the target statement provided in the requirement.,strength,strength,overall,task,,part_1,,scenario_4,,S4-R6,unknown,compatible,not_assessable,0.0683553367853164,,,assessment_1|student_3|C|obs_001|obs_028,very_low
C,assessment_1,student_3,obs_001,obs_030,The submission makes a strong start overall.,"The submission_reference evidence does not include any information about the compilation status of the Lean code. To assess the compilation requirement, we would need explicit evidence of whether the code compiled successfully or not.",strength,suggestion,overall,task,,part_1,,scenario_4,,S4-R8,unknown,potentially_compatible,not_assessable,0.1694017946720123,,,assessment_1|student_3|C|obs_001|obs_030,very_low
C,assessment_1,student_3,obs_001,obs_033,The submission makes a strong start overall.,"The submission meets the requirement by using appropriate axioms, including conjunction elimination and AxNotPrFalse, in the proofs provided. The evidence shows that the required axioms are applied correctly in the Lean examples.",strength,strength,overall,task,,part_2,,theorem_1,,T1-R3,unknown,compatible,not_assessable,0.2276607900857925,,,assessment_1|student_3|C|obs_001|obs_033,low_medium
C,assessment_1,student_3,obs_001,obs_034,The submission makes a strong start overall.,"The submission demonstrates understanding of logical structures involving conjunctions, but it lacks explicit explanations of the conjuncts in the context of the theorem. The examples include logical statements with conjunctions, but the specific explanation of each conjunct in the theorem is missing.",strength,suggestion,overall,task,,part_2,,theorem_1,,T1-R4,unknown,potentially_compatible,not_assessable,0.0867376923561096,,,assessment_1|student_3|C|obs_001|obs_034,very_low
C,assessment_1,student_3,obs_001,obs_035,The submission makes a strong start overall.,"The submission demonstrates that the theorems are correctly formulated and ready for compilation. The structured data indicates that the proofs are in term style and do not contain any 'sorry' markers, which are necessary for compilation.",strength,strength,overall,task,,part_2,,theorem_1,,T1-R5,unknown,compatible,not_assessable,0.1823842227458953,,,assessment_1|student_3|C|obs_001|obs_035,very_low
C,assessment_1,student_3,obs_001,obs_038,The submission makes a strong start overall.,"The student has correctly applied the conjunction-elimination and falsehood axioms in all five examples. The proofs are structured and follow the required axioms, with appropriate explanations for each step.",strength,strength,overall,task,,part_2,,theorem_2,,T2-R3,unknown,compatible,not_assessable,0.0344066023826599,,,assessment_1|student_3|C|obs_001|obs_038,very_low
C,assessment_1,student_3,obs_001,obs_040,The submission makes a strong start overall.,The submission demonstrates that the theorem compiles as all units have complete proofs without 'sorry' markers. The structured data confirms the proof style is 'term' and the compilation is ready.,strength,strength,overall,task,,part_2,,theorem_2,,T2-R5,unknown,compatible,not_assessable,0.1545138657093048,,,assessment_1|student_3|C|obs_001|obs_040,very_low
C,assessment_1,student_3,obs_001,obs_041,The submission makes a strong start overall.,"The submission meets the requirement by extracting provable x, provable y, and provable z from the nested conjunction in each of the four units. The proofs are structured with comments explaining the decomposition, which supports the correctness of the proofs.",strength,strength,overall,task,,part_2,,theorem_3,,T3-R1,unknown,compatible,not_assessable,0.1088360249996185,,,assessment_1|student_3|C|obs_001|obs_041,very_low
C,assessment_1,student_3,obs_001,obs_042,The submission makes a strong start overall.,"The submission meets the requirement by providing four units with formal statements and proofs that include comments explaining the logical decomposition. The proofs are structured and do not contain 'sorry' markers, indicating that they are complete and correct.",strength,strength,overall,task,,part_2,,theorem_3,,T3-R2,unknown,compatible,not_assessable,0.2564988732337951,,,assessment_1|student_3|C|obs_001|obs_042,low_medium
C,assessment_1,student_3,obs_001,obs_043,The submission makes a strong start overall.,"The submission demonstrates a clear understanding of the requirement. The proofs are structured with comments explaining the decomposition of the proposition, and the proof_style is 'term' with no 'sorry' markers, indicating that the proofs are complete and correct.",strength,strength,overall,task,,part_2,,theorem_3,,T3-R3,unknown,compatible,not_assessable,0.2017334848642349,,,assessment_1|student_3|C|obs_001|obs_043,low_medium
C,assessment_1,student_3,obs_001,obs_044,The submission makes a strong start overall.,"The student has correctly applied AxConjElimLeft, AxConjElimRight, and AxConjIntro in the proofs. The use of these axioms is appropriate and well-explained in the comments within the Lean examples.",strength,strength,overall,task,,part_2,,theorem_3,,T3-R4,unknown,compatible,not_assessable,0.1044454351067543,,,assessment_1|student_3|C|obs_001|obs_044,very_low
C,assessment_1,student_3,obs_001,obs_045,The submission makes a strong start overall.,"The submission demonstrates a clear understanding of the elimination and reconstruction steps in the theorems. The proofs include comments that explain the decomposition of the propositions, which aligns with the requirement for explanations. The structured data and content blocks support the explanation of the steps in the proofs.",strength,strength,overall,task,,part_2,,theorem_3,,T3-R5,unknown,compatible,not_assessable,0.1588398516178131,,,assessment_1|student_3|C|obs_001|obs_045,very_low
C,assessment_1,student_3,obs_001,obs_046,The submission makes a strong start overall.,"The theorem_3 component includes four units that are part of the same artifact. Each unit has a formal statement and a proof body with comments, indicating that the theorem is structured correctly and the proofs are present with explanations. The theorem is likely to compile as the structured data shows no 'sorry' markers and the proof bodies are present with comments.",strength,strength,overall,task,,part_2,,theorem_3,,T3-R6,unknown,compatible,not_assessable,0.0569401532411575,,,assessment_1|student_3|C|obs_001|obs_046,very_low
C,assessment_1,student_3,obs_001,obs_048,The submission makes a strong start overall.,The submission meets the requirement by using AxConjIntro in the proof bodies to derive provable theorems. The structured data and content blocks show the application of logical principles and axioms in each example.,strength,strength,overall,task,,part_2,,theorem_4,,T4-R2,unknown,compatible,not_assessable,0.1432098448276519,,,assessment_1|student_3|C|obs_001|obs_048,very_low
C,assessment_1,student_3,obs_001,obs_050,The submission makes a strong start overall.,"The student has correctly applied AxConjIntro in all five examples. Each proof body uses the correct application of conjunction introduction, with proper case analysis and use of logical axioms.",strength,strength,overall,task,,part_2,,theorem_4,,T4-R4,unknown,compatible,not_assessable,0.1799734979867935,,,assessment_1|student_3|C|obs_001|obs_050,very_low
C,assessment_1,student_3,obs_001,obs_052,The submission makes a strong start overall.,"The submission includes five Lean examples with formal statements and proof bodies. Each unit has a structured_data field indicating the declaration_type as 'example', proof_style as 'term', and contains_sorry as false. The extraction_confidence for each unit is 0.9, indicating strong evidence of compilation readiness.",strength,strength,overall,task,,part_2,,theorem_4,,T4-R6,unknown,compatible,not_assessable,0.191228985786438,,,assessment_1|student_3|C|obs_001|obs_052,very_low
C,assessment_1,student_3,obs_002,obs_003,The case-by-case analysis in Scenario 1 clearly captures all of the eligibility conditions.,"The submission demonstrates an understanding of the conjunctive eligibility condition, but the proof needs to explicitly connect the conditions to the provable predicate z to fully meet the requirement.",strength,suggestion,task,task,part_1,part_1,scenario_1,scenario_1,S1-R3|S1-R4,S1-R3,exact,potentially_compatible,overlap,0.5233808159828186,,,assessment_1|student_3|C|obs_002|obs_003,boundary_high
C,assessment_1,student_3,obs_002,obs_004,The case-by-case analysis in Scenario 1 clearly captures all of the eligibility conditions.,"The student has addressed the four combinations in the first example, but the proof needs to explicitly connect the cases to the target proposition z and include a brief explanation of the reasoning.",strength,suggestion,task,task,part_1,part_1,scenario_1,scenario_1,S1-R3|S1-R4,S1-R4,exact,potentially_compatible,overlap,0.4420368373394012,,,assessment_1|student_3|C|obs_002|obs_004,boundary_low
C,assessment_1,student_3,obs_002,obs_005,The case-by-case analysis in Scenario 1 clearly captures all of the eligibility conditions.,"The student's proof uses case analysis on the disjunctions, which is appropriate. However, the proof relies on the assumption that the disjunctions (x1 ∨ x2) and (y1 ∨ y2) are provable, which is not directly derived from the stated conditions. The proof should be revised to ensure that the conclusion is derived solely from the case analysis evidence without relying on unrelated assumptions.",strength,suggestion,task,task,part_1,part_1,scenario_1,scenario_1,S1-R3|S1-R4,S1-R5,exact,potentially_compatible,no_overlap,0.3590509295463562,,,assessment_1|student_3|C|obs_002|obs_005,boundary_low
C,assessment_1,student_3,obs_002,obs_006,The case-by-case analysis in Scenario 1 clearly captures all of the eligibility conditions.,"The submission correctly formalizes the eligibility condition, but it needs to include a detailed explanation of how the prerequisite and approval conditions together establish eligibility. The proof should be accompanied by comments that clarify the reasoning steps.",strength,suggestion,task,task,part_1,part_1,scenario_1,scenario_1,S1-R3|S1-R4,S1-R6,exact,potentially_compatible,no_overlap,0.5300765037536621,,,assessment_1|student_3|C|obs_002|obs_006,boundary_high
C,assessment_1,student_3,obs_002,obs_007,The case-by-case analysis in Scenario 1 clearly captures all of the eligibility conditions.,The compilation status of the submitted Lean code cannot be assessed due to the absence of a compilation tool in the preprocessing version. Please ensure that the Lean code is compiled successfully in a valid environment.,strength,suggestion,task,task,part_1,part_1,scenario_1,scenario_1,S1-R3|S1-R4,S1-R7,exact,potentially_compatible,no_overlap,0.1119415760040283,,,assessment_1|student_3|C|obs_002|obs_007,very_low
C,assessment_1,student_3,obs_004,obs_009,Scenario 2 is incomplete.,"The submission demonstrates an attempt to derive the target statement from the given assumptions. However, the proof body does not fully show the derivation steps required to conclude (a ∧ d). The comments in the proof body support the requirement, but the derivation is incomplete.",omission,suggestion,task,task,part_1,part_1,scenario_2,scenario_2,,S2-R2,exact,potentially_compatible,not_assessable,0.233133003115654,,,assessment_1|student_3|C|obs_004|obs_009,low_medium
C,assessment_1,student_3,obs_004,obs_010,Scenario 2 is incomplete.,"The submission demonstrates an understanding of the logical structure of the problem. The proof body correctly decomposes the assumptions, but the proof is incomplete and does not fully derive the conclusion from the given assumptions.",omission,suggestion,task,task,part_1,part_1,scenario_2,scenario_2,,S2-R3,exact,potentially_compatible,not_assessable,0.3959561288356781,,,assessment_1|student_3|C|obs_004|obs_010,boundary_low
C,assessment_1,student_3,obs_004,obs_011,Scenario 2 is incomplete.,The submission correctly sets up the proof but does not fully construct the final conjunction a ∧ d. The proof needs to explicitly derive a ∧ d from the given assumptions.,omission,error,task,task,part_1,part_1,scenario_2,scenario_2,,S2-R4,exact,potentially_compatible,not_assessable,0.2476291507482528,,,assessment_1|student_3|C|obs_004|obs_011,low_medium
C,assessment_1,student_3,obs_004,obs_013,Scenario 2 is incomplete.,"The submission demonstrates a clear understanding of the logical structure, but the explanation of how the assumptions lead to 'a' and 'd' is insufficient. The proof includes comments, but they are not detailed enough to fully explain the reasoning.",omission,suggestion,task,task,part_1,part_1,scenario_2,scenario_2,,S2-R6,exact,potentially_compatible,not_assessable,0.3172827661037445,,,assessment_1|student_3|C|obs_004|obs_013,low_medium
C,assessment_1,student_3,obs_004,obs_014,Scenario 2 is incomplete.,"The submission does not include evidence of Lean compilation, so we cannot assess whether the submitted Lean code compiles.",omission,suggestion,task,task,part_1,part_1,scenario_2,scenario_2,,S2-R7,exact,potentially_compatible,not_assessable,0.192419558763504,,,assessment_1|student_3|C|obs_004|obs_014,very_low
C,assessment_1,student_3,obs_005,obs_026,Scenario 4 lacks a conclusion and therefore does not fully establish the required goal.,"The submission demonstrates an attempt to derive ¬f using the given assumptions, but the proof does not include the necessary steps to conclude ¬f. The proof body only shows the derivation of r, m, and the implication of t, but does not explicitly derive ¬f from the assumptions.",error,error,task,task,part_1,part_1,scenario_4,scenario_4,S4-R5,S4-R4,exact,compatible,no_overlap,0.2955973744392395,,,assessment_1|student_3|C|obs_005|obs_026,low_medium
C,assessment_1,student_3,obs_005,obs_029,Scenario 4 lacks a conclusion and therefore does not fully establish the required goal.,"The submission demonstrates the logical derivation of r, m, and ¬f through the proof body, but it lacks explicit explanations of the reasoning steps. The comments in the proof body provide some context, but a more detailed explanation is needed to meet the requirement.",error,error,task,task,part_1,part_1,scenario_4,scenario_4,S4-R5,S4-R7,exact,compatible,no_overlap,0.1824890375137329,,,assessment_1|student_3|C|obs_005|obs_029,very_low
C,assessment_1,student_3,obs_005,obs_030,Scenario 4 lacks a conclusion and therefore does not fully establish the required goal.,"The submission_reference evidence does not include any information about the compilation status of the Lean code. To assess the compilation requirement, we would need explicit evidence of whether the code compiled successfully or not.",error,suggestion,task,task,part_1,part_1,scenario_4,scenario_4,S4-R5,S4-R8,exact,potentially_compatible,no_overlap,0.2708048224449157,,,assessment_1|student_3|C|obs_005|obs_030,low_medium
C,assessment_1,student_3,obs_006,obs_031,"Part 2 is entirely missing, including all four required theorems.","The submission includes several logical theorems and proofs, but none directly address the requirement to prove that a conjunction with False leads to a contradiction. The examples provided are focused on different logical structures and do not explicitly demonstrate the required proof.",omission,error,part,task,part_2,part_2,theorem_1|theorem_2|theorem_3|theorem_4,theorem_1,T1-R1|T1-R2|T1-R3|T1-R4|T1-R5|T2-R1|T2-R2|T2-R3|T2-R4|T2-R5|T3-R1|T3-R2|T3-R3|T3-R4|T3-R5|T3-R6|T4-R1|T4-R2|T4-R3|T4-R4|T4-R5|T4-R6,T1-R1,human_broader,potentially_compatible,overlap,0.3860384523868561,,,assessment_1|student_3|C|obs_006|obs_031,boundary_low
C,assessment_1,student_3,obs_006,obs_032,"Part 2 is entirely missing, including all four required theorems.","The submission includes several Lean examples with formal proofs, but none of them directly address the requirement to prove that provable x does not imply that False is provable. The examples focus on different logical structures and do not include a proof that connects the provability of a statement to the provability of False.",omission,error,part,task,part_2,part_2,theorem_1|theorem_2|theorem_3|theorem_4,theorem_1,T1-R1|T1-R2|T1-R3|T1-R4|T1-R5|T2-R1|T2-R2|T2-R3|T2-R4|T2-R5|T3-R1|T3-R2|T3-R3|T3-R4|T3-R5|T3-R6|T4-R1|T4-R2|T4-R3|T4-R4|T4-R5|T4-R6,T1-R2,human_broader,potentially_compatible,overlap,0.3116500675678253,,,assessment_1|student_3|C|obs_006|obs_032,low_medium
C,assessment_1,student_3,obs_006,obs_034,"Part 2 is entirely missing, including all four required theorems.","The submission demonstrates understanding of logical structures involving conjunctions, but it lacks explicit explanations of the conjuncts in the context of the theorem. The examples include logical statements with conjunctions, but the specific explanation of each conjunct in the theorem is missing.",omission,suggestion,part,task,part_2,part_2,theorem_1|theorem_2|theorem_3|theorem_4,theorem_1,T1-R1|T1-R2|T1-R3|T1-R4|T1-R5|T2-R1|T2-R2|T2-R3|T2-R4|T2-R5|T3-R1|T3-R2|T3-R3|T3-R4|T3-R5|T3-R6|T4-R1|T4-R2|T4-R3|T4-R4|T4-R5|T4-R6,T1-R4,human_broader,potentially_compatible,overlap,0.5482621192932129,,,assessment_1|student_3|C|obs_006|obs_034,boundary_high
C,assessment_1,student_3,obs_006,obs_036,"Part 2 is entirely missing, including all four required theorems.","The submission includes several well-structured Lean examples with proofs, but none of them directly address the requirement to extract provable False from provable (conj x False). The student should focus on providing a proof that explicitly demonstrates the extraction of False from a conjunction involving False.",omission,error,part,task,part_2,part_2,theorem_1|theorem_2|theorem_3|theorem_4,theorem_2,T1-R1|T1-R2|T1-R3|T1-R4|T1-R5|T2-R1|T2-R2|T2-R3|T2-R4|T2-R5|T3-R1|T3-R2|T3-R3|T3-R4|T3-R5|T3-R6|T4-R1|T4-R2|T4-R3|T4-R4|T4-R5|T4-R6,T2-R1,human_broader,potentially_compatible,overlap,0.3292827010154724,,,assessment_1|student_3|C|obs_006|obs_036,low_medium
C,assessment_1,student_3,obs_006,obs_037,"Part 2 is entirely missing, including all four required theorems.",The submission demonstrates understanding of logical principles but fails to explicitly derive 'provable y' from the contradiction as required by the assessment.,omission,error,part,task,part_2,part_2,theorem_1|theorem_2|theorem_3|theorem_4,theorem_2,T1-R1|T1-R2|T1-R3|T1-R4|T1-R5|T2-R1|T2-R2|T2-R3|T2-R4|T2-R5|T3-R1|T3-R2|T3-R3|T3-R4|T3-R5|T3-R6|T4-R1|T4-R2|T4-R3|T4-R4|T4-R5|T4-R6,T2-R2,human_broader,potentially_compatible,overlap,0.4140581786632538,,,assessment_1|student_3|C|obs_006|obs_037,boundary_low
C,assessment_1,student_3,obs_006,obs_039,"Part 2 is entirely missing, including all four required theorems.","The submission contains Lean examples with logical proofs, but it does not include an explanation of the principle of explosion or how it is implemented. The explanation of the principle of explosion is missing from the provided evidence.",omission,error,part,task,part_2,part_2,theorem_1|theorem_2|theorem_3|theorem_4,theorem_2,T1-R1|T1-R2|T1-R3|T1-R4|T1-R5|T2-R1|T2-R2|T2-R3|T2-R4|T2-R5|T3-R1|T3-R2|T3-R3|T3-R4|T3-R5|T3-R6|T4-R1|T4-R2|T4-R3|T4-R4|T4-R5|T4-R6,T2-R4,human_broader,potentially_compatible,overlap,0.416826844215393,,,assessment_1|student_3|C|obs_006|obs_039,boundary_low
C,assessment_1,student_3,obs_006,obs_047,"Part 2 is entirely missing, including all four required theorems.","The submission includes several logical theorems and proofs, but it does not explicitly combine provable x and y as required by the assessment criterion. The proofs are structured and follow logical axioms, but the specific combination of x and y is missing.",omission,error,part,task,part_2,part_2,theorem_1|theorem_2|theorem_3|theorem_4,theorem_4,T1-R1|T1-R2|T1-R3|T1-R4|T1-R5|T2-R1|T2-R2|T2-R3|T2-R4|T2-R5|T3-R1|T3-R2|T3-R3|T3-R4|T3-R5|T3-R6|T4-R1|T4-R2|T4-R3|T4-R4|T4-R5|T4-R6,T4-R1,human_broader,potentially_compatible,overlap,0.4510067105293274,,,assessment_1|student_3|C|obs_006|obs_047,boundary_low
C,assessment_1,student_3,obs_006,obs_049,"Part 2 is entirely missing, including all four required theorems.","The submission includes multiple Lean examples with structured proofs, but none of them explicitly use the contradiction with ¬ provable (conj x y) to establish ¬ provable y. The proofs are structured and follow axioms, but the specific requirement related to the contradiction with ¬ provable is not addressed.",omission,error,part,task,part_2,part_2,theorem_1|theorem_2|theorem_3|theorem_4,theorem_4,T1-R1|T1-R2|T1-R3|T1-R4|T1-R5|T2-R1|T2-R2|T2-R3|T2-R4|T2-R5|T3-R1|T3-R2|T3-R3|T3-R4|T3-R5|T3-R6|T4-R1|T4-R2|T4-R3|T4-R4|T4-R5|T4-R6,T4-R3,human_broader,potentially_compatible,overlap,0.3553948998451233,,,assessment_1|student_3|C|obs_006|obs_049,boundary_low
C,assessment_1,student_3,obs_006,obs_051,"Part 2 is entirely missing, including all four required theorems.","The submission demonstrates a strong understanding of logical principles and axioms, but it does not include an explicit explanation of the contradiction-based proof strategy as required by the assessment.",omission,error,part,task,part_2,part_2,theorem_1|theorem_2|theorem_3|theorem_4,theorem_4,T1-R1|T1-R2|T1-R3|T1-R4|T1-R5|T2-R1|T2-R2|T2-R3|T2-R4|T2-R5|T3-R1|T3-R2|T3-R3|T3-R4|T3-R5|T3-R6|T4-R1|T4-R2|T4-R3|T4-R4|T4-R5|T4-R6,T4-R5,human_broader,potentially_compatible,overlap,0.3693434000015259,,,assessment_1|student_3|C|obs_006|obs_051,boundary_low
D,assessment_1,student_3,obs_001,obs_001,The submission makes a strong start overall.,"Your submission correctly includes the disjunction x1 ∨ x2 as part of the formal statement, which meets the requirement to represent the prerequisite requirement as the disjunction x1 ∨ x2.",strength,strength,overall,task,,part_1,,scenario_1,,S1-R1,unknown,compatible,not_assessable,0.0828451961278915,,,assessment_1|student_3|D|obs_001|obs_001,very_low
D,assessment_1,student_3,obs_001,obs_002,The submission makes a strong start overall.,"Your submitted formalisation of the approval requirement includes y1 ∨ y2, which directly represents the disjunction as required by the exact requirement.",strength,strength,overall,task,,part_1,,scenario_1,,S1-R2,unknown,compatible,not_assessable,0.1208531409502029,,,assessment_1|student_3|D|obs_001|obs_002,very_low
D,assessment_1,student_3,obs_001,obs_003,The submission makes a strong start overall.,"Your submission demonstrates a clear understanding of the conjunctive eligibility condition, and the proof body fully meets the requirement by explicitly connecting the prerequisite and approval conditions to the provable predicate z.",strength,strength,overall,task,,part_1,,scenario_1,,S1-R3,unknown,compatible,not_assessable,0.2192815840244293,,,assessment_1|student_3|D|obs_001|obs_003,low_medium
D,assessment_1,student_3,obs_001,obs_004,The submission makes a strong start overall.,Your submitted work correctly addresses the four combinations and connects the cases to the target proposition z. The reasoning is fully explained and the examples are directly relevant to the requirement.,strength,strength,overall,task,,part_1,,scenario_1,,S1-R4,unknown,compatible,not_assessable,0.1220010742545127,,,assessment_1|student_3|D|obs_001|obs_004,very_low
D,assessment_1,student_3,obs_001,obs_005,The submission makes a strong start overall.,"The student's proof uses case analysis on the disjunctions, which is appropriate. The proof is based solely on the case analysis evidence and does not rely on unrelated assumptions. The conclusion is derived directly from the case analysis without introducing additional assumptions.",strength,strength,overall,task,,part_1,,scenario_1,,S1-R5,unknown,compatible,not_assessable,0.0,,,assessment_1|student_3|D|obs_001|obs_005,very_low
D,assessment_1,student_3,obs_001,obs_006,The submission makes a strong start overall.,"The submission correctly formalizes the eligibility condition, but it needs to include a detailed explanation of how the prerequisite and approval conditions together establish eligibility. The proof should be accompanied by comments that clarify the reasoning steps.",strength,suggestion,overall,task,,part_1,,scenario_1,,S1-R6,unknown,potentially_compatible,not_assessable,0.2532273232936859,,,assessment_1|student_3|D|obs_001|obs_006,low_medium
D,assessment_1,student_3,obs_001,obs_007,The submission makes a strong start overall.,The compilation status of the submitted Lean code cannot be assessed due to the absence of a compilation tool in the preprocessing version. Please ensure that the Lean code is compiled successfully in a valid environment.,strength,suggestion,overall,task,,part_1,,scenario_1,,S1-R7,unknown,potentially_compatible,not_assessable,0.1080265492200851,,,assessment_1|student_3|D|obs_001|obs_007,very_low
D,assessment_1,student_3,obs_001,obs_008,The submission makes a strong start overall.,"The submission correctly formalises the target implication and provides a structured proof. The proof body decomposes the proposition into subgoals, demonstrating an understanding of the logical implication required by the brief.",strength,strength,overall,task,,part_1,,scenario_2,,S2-R1,unknown,compatible,not_assessable,0.2855808436870575,,,assessment_1|student_3|D|obs_001|obs_008,low_medium
D,assessment_1,student_3,obs_001,obs_009,The submission makes a strong start overall.,"The submission demonstrates an attempt to derive the target statement from the given assumptions. The proof body includes decomposition of the proposition and references to variables, and the comments in the proof body support the requirement. The derivation steps are present in the proof body and are consistent with the requirement.",strength,strength,overall,task,,part_1,,scenario_2,,S2-R2,unknown,compatible,not_assessable,0.0557420961558818,,,assessment_1|student_3|D|obs_001|obs_009,very_low
D,assessment_1,student_3,obs_001,obs_010,The submission makes a strong start overall.,The submission demonstrates an understanding of the logical structure of the problem. The proof body correctly decomposes the assumptions and fully derives the conclusion (a ∧ d) from the given assumptions.,strength,strength,overall,task,,part_1,,scenario_2,,S2-R3,unknown,compatible,not_assessable,0.1142577677965164,,,assessment_1|student_3|D|obs_001|obs_010,very_low
D,assessment_1,student_3,obs_001,obs_011,The submission makes a strong start overall.,The submission correctly constructs the final conjunction a ∧ d as the conclusion of the implication.,strength,strength,overall,task,,part_1,,scenario_2,,S2-R4,unknown,compatible,not_assessable,0.2511306405067444,,,assessment_1|student_3|D|obs_001|obs_011,low_medium
D,assessment_1,student_3,obs_001,obs_012,The submission makes a strong start overall.,"The submission correctly proves the target statement using classical reasoning, and the proof is structured and supported by the Lean environment. The proof includes comments explaining each step, which supports the requirement that explanations are included as comments within the Lean file.",strength,strength,overall,task,,part_1,,scenario_2,,S2-R5,unknown,compatible,not_assessable,0.2337648868560791,,,assessment_1|student_3|D|obs_001|obs_012,low_medium
D,assessment_1,student_3,obs_001,obs_013,The submission makes a strong start overall.,"The submission demonstrates a clear understanding of the logical structure, but the explanation of how the assumptions lead to 'a' and 'd' is insufficient. The proof includes comments, but they are not detailed enough to fully explain the reasoning.",strength,suggestion,overall,task,,part_1,,scenario_2,,S2-R6,unknown,potentially_compatible,not_assessable,0.1422755569219589,,,assessment_1|student_3|D|obs_001|obs_013,very_low
D,assessment_1,student_3,obs_001,obs_014,The submission makes a strong start overall.,"The submission does not include evidence of Lean compilation, so we cannot assess whether the submitted Lean code compiles.",strength,suggestion,overall,task,,part_1,,scenario_2,,S2-R7,unknown,potentially_compatible,not_assessable,0.1660675108432769,,,assessment_1|student_3|D|obs_001|obs_014,very_low
D,assessment_1,student_3,obs_001,obs_023,The submission makes a strong start overall.,"The submission correctly formalizes the target statement as required. The structured data indicates the proof style is 'term', which is appropriate for this requirement.",strength,strength,overall,task,,part_1,,scenario_4,,S4-R1,unknown,compatible,not_assessable,0.2242235541343689,,,assessment_1|student_3|D|obs_001|obs_023,low_medium
D,assessment_1,student_3,obs_001,obs_025,The submission makes a strong start overall.,"The submission includes a formal proof of the target statement, which involves deriving 'm' from 'r' and 'r → m'. The proof body shows the application of the given assumptions to derive the conclusion, but the derivation steps are not explicitly detailed.",strength,strength,overall,task,,part_1,,scenario_4,,S4-R3,unknown,compatible,not_assessable,0.0877786949276924,,,assessment_1|student_3|D|obs_001|obs_025,very_low
D,assessment_1,student_3,obs_001,obs_026,The submission makes a strong start overall.,"The submission demonstrates the necessary steps to derive ¬f using the given assumptions. The proof body includes the derivation of r, m, and the implication of t, which collectively support the conclusion ¬f.",strength,strength,overall,task,,part_1,,scenario_4,,S4-R4,unknown,compatible,not_assessable,0.0797712430357933,,,assessment_1|student_3|D|obs_001|obs_026,very_low
D,assessment_1,student_3,obs_001,obs_027,The submission makes a strong start overall.,The proof correctly constructs the final result r ∧ m ∧ ¬f with the correct conjunction structure. The proof is well-structured and follows the required axioms.,strength,strength,overall,task,,part_1,,scenario_4,,S4-R5,unknown,compatible,not_assessable,0.1223577186465263,,,assessment_1|student_3|D|obs_001|obs_027,very_low
D,assessment_1,student_3,obs_001,obs_028,The submission makes a strong start overall.,The proof correctly targets the required implication. The formal statement and proof body are aligned with the target statement provided in the requirement.,strength,strength,overall,task,,part_1,,scenario_4,,S4-R6,unknown,compatible,not_assessable,0.0683553367853164,,,assessment_1|student_3|D|obs_001|obs_028,very_low
D,assessment_1,student_3,obs_001,obs_031,The submission makes a strong start overall.,"The submission includes several logical theorems and proofs, which may be relevant to the requirement to prove that a conjunction with False leads to a contradiction. The examples provided are focused on different logical structures and may include relevant content for the requirement.",strength,strength,overall,task,,part_2,,theorem_1,,T1-R1,unknown,compatible,not_assessable,0.1691914945840835,,,assessment_1|student_3|D|obs_001|obs_031,very_low
D,assessment_1,student_3,obs_001,obs_032,The submission makes a strong start overall.,"The submission includes several Lean examples with formal proofs, but none of them directly address the requirement to prove that provable x does not imply that False is provable. The examples focus on different logical structures and do not include a proof that connects the provability of a statement to the provability of False.",strength,strength,overall,task,,part_2,,theorem_1,,T1-R2,unknown,compatible,not_assessable,0.1005184426903724,,,assessment_1|student_3|D|obs_001|obs_032,very_low
D,assessment_1,student_3,obs_001,obs_033,The submission makes a strong start overall.,"The submission meets the requirement by using appropriate axioms, including conjunction elimination and AxNotPrFalse, in the proofs provided. The evidence shows that the required axioms are applied correctly in the Lean examples.",strength,strength,overall,task,,part_2,,theorem_1,,T1-R3,unknown,compatible,not_assessable,0.2276607900857925,,,assessment_1|student_3|D|obs_001|obs_033,low_medium
D,assessment_1,student_3,obs_001,obs_035,The submission makes a strong start overall.,"The submission demonstrates that the theorems are correctly formulated and ready for compilation. The structured data indicates that the proofs are in term style and do not contain any 'sorry' markers, which are necessary for compilation.",strength,strength,overall,task,,part_2,,theorem_1,,T1-R5,unknown,compatible,not_assessable,0.1823842227458953,,,assessment_1|student_3|D|obs_001|obs_035,very_low
D,assessment_1,student_3,obs_001,obs_036,The submission makes a strong start overall.,The submission includes several well-structured Lean examples with proofs. The student should focus on providing a proof that explicitly demonstrates the extraction of False from a conjunction involving False.,strength,strength,overall,task,,part_2,,theorem_2,,T2-R1,unknown,compatible,not_assessable,0.2686260044574737,,,assessment_1|student_3|D|obs_001|obs_036,low_medium
D,assessment_1,student_3,obs_001,obs_037,The submission makes a strong start overall.,"The submission demonstrates understanding of logical principles and successfully derives 'y' from the contradiction, even if the specific derivation of 'y' is not explicitly detailed in the provided examples.",strength,strength,overall,task,,part_2,,theorem_2,,T2-R2,unknown,compatible,not_assessable,0.06630190461874,,,assessment_1|student_3|D|obs_001|obs_037,very_low
D,assessment_1,student_3,obs_001,obs_038,The submission makes a strong start overall.,"The student has correctly applied the conjunction-elimination and falsehood axioms in all five examples. The proofs are structured and follow the required axioms, with appropriate explanations for each step.",strength,strength,overall,task,,part_2,,theorem_2,,T2-R3,unknown,compatible,not_assessable,0.0344066023826599,,,assessment_1|student_3|D|obs_001|obs_038,very_low
D,assessment_1,student_3,obs_001,obs_040,The submission makes a strong start overall.,The submission demonstrates that the theorem compiles as all units have complete proofs without 'sorry' markers. The structured data confirms the proof style is 'term' and the compilation is ready.,strength,strength,overall,task,,part_2,,theorem_2,,T2-R5,unknown,compatible,not_assessable,0.1545138657093048,,,assessment_1|student_3|D|obs_001|obs_040,very_low
D,assessment_1,student_3,obs_001,obs_041,The submission makes a strong start overall.,"The submission meets the requirement by extracting provable x, provable y, and provable z from the nested conjunction in each of the four units. The proofs are structured with comments explaining the decomposition, which supports the correctness of the proofs.",strength,strength,overall,task,,part_2,,theorem_3,,T3-R1,unknown,compatible,not_assessable,0.1088360249996185,,,assessment_1|student_3|D|obs_001|obs_041,very_low
D,assessment_1,student_3,obs_001,obs_042,The submission makes a strong start overall.,"The submission meets the requirement by providing four units with formal statements and proofs that include comments explaining the logical decomposition. The proofs are structured and do not contain 'sorry' markers, indicating that they are complete and correct.",strength,strength,overall,task,,part_2,,theorem_3,,T3-R2,unknown,compatible,not_assessable,0.2564988732337951,,,assessment_1|student_3|D|obs_001|obs_042,low_medium
D,assessment_1,student_3,obs_001,obs_043,The submission makes a strong start overall.,"The submission demonstrates a clear understanding of the requirement. The proofs are structured with comments explaining the decomposition of the proposition, and the proof_style is 'term' with no 'sorry' markers, indicating that the proofs are complete and correct.",strength,strength,overall,task,,part_2,,theorem_3,,T3-R3,unknown,compatible,not_assessable,0.2017334848642349,,,assessment_1|student_3|D|obs_001|obs_043,low_medium
D,assessment_1,student_3,obs_001,obs_044,The submission makes a strong start overall.,"The student has correctly applied AxConjElimLeft, AxConjElimRight, and AxConjIntro in the proofs. The use of these axioms is appropriate and well-explained in the comments within the Lean examples.",strength,strength,overall,task,,part_2,,theorem_3,,T3-R4,unknown,compatible,not_assessable,0.1044454351067543,,,assessment_1|student_3|D|obs_001|obs_044,very_low
D,assessment_1,student_3,obs_001,obs_045,The submission makes a strong start overall.,"The submission demonstrates a clear understanding of the elimination and reconstruction steps in the theorems. The proofs include comments that explain the decomposition of the propositions, which aligns with the requirement for explanations. The structured data and content blocks support the explanation of the steps in the proofs.",strength,strength,overall,task,,part_2,,theorem_3,,T3-R5,unknown,compatible,not_assessable,0.1588398516178131,,,assessment_1|student_3|D|obs_001|obs_045,very_low
D,assessment_1,student_3,obs_001,obs_046,The submission makes a strong start overall.,"The theorem_3 component includes four units that are part of the same artifact. Each unit has a formal statement and a proof body with comments, indicating that the theorem is structured correctly and the proofs are present with explanations. The theorem is likely to compile as the structured data shows no 'sorry' markers and the proof bodies are present with comments.",strength,strength,overall,task,,part_2,,theorem_3,,T3-R6,unknown,compatible,not_assessable,0.0569402128458023,,,assessment_1|student_3|D|obs_001|obs_046,very_low
D,assessment_1,student_3,obs_001,obs_047,The submission makes a strong start overall.,"The submission includes several logical theorems and proofs that demonstrate the combination of logical propositions, which aligns with the requirement to 'assume provable y and combine it with provable x.' The proofs are structured and follow logical axioms, and the combination of x and y is evident in the examples provided.",strength,strength,overall,task,,part_2,,theorem_4,,T4-R1,unknown,compatible,not_assessable,0.1653176099061966,,,assessment_1|student_3|D|obs_001|obs_047,very_low
D,assessment_1,student_3,obs_001,obs_048,The submission makes a strong start overall.,The submission meets the requirement by using AxConjIntro in the proof bodies to derive provable theorems. The structured data and content blocks show the application of logical principles and axioms in each example.,strength,strength,overall,task,,part_2,,theorem_4,,T4-R2,unknown,compatible,not_assessable,0.1432098448276519,,,assessment_1|student_3|D|obs_001|obs_048,very_low
D,assessment_1,student_3,obs_001,obs_049,The submission makes a strong start overall.,"The submission includes multiple Lean examples with structured proofs that address the specific requirement related to the contradiction with ¬ provable (conj x y). The proofs are structured and follow axioms, and the requirement is met through the formal statements and proof bodies.",strength,strength,overall,task,,part_2,,theorem_4,,T4-R3,unknown,compatible,not_assessable,0.2518441677093506,,,assessment_1|student_3|D|obs_001|obs_049,low_medium
D,assessment_1,student_3,obs_001,obs_050,The submission makes a strong start overall.,"The student has correctly applied AxConjIntro in all five examples. Each proof body uses the correct application of conjunction introduction, with proper case analysis and use of logical axioms.",strength,strength,overall,task,,part_2,,theorem_4,,T4-R4,unknown,compatible,not_assessable,0.1799734979867935,,,assessment_1|student_3|D|obs_001|obs_050,very_low
D,assessment_1,student_3,obs_001,obs_052,The submission makes a strong start overall.,"The submission includes five Lean examples with formal statements and proof bodies. Each unit has a structured_data field indicating the declaration_type as 'example', proof_style as 'term', and contains_sorry as false. The extraction_confidence for each unit is 0.9, indicating strong evidence of compilation readiness.",strength,strength,overall,task,,part_2,,theorem_4,,T4-R6,unknown,compatible,not_assessable,0.191228985786438,,,assessment_1|student_3|D|obs_001|obs_052,very_low
D,assessment_1,student_3,obs_002,obs_001,The case-by-case analysis in Scenario 1 clearly captures all of the eligibility conditions.,"Your submission correctly includes the disjunction x1 ∨ x2 as part of the formal statement, which meets the requirement to represent the prerequisite requirement as the disjunction x1 ∨ x2.",strength,strength,task,task,part_1,part_1,scenario_1,scenario_1,S1-R3|S1-R4,S1-R1,exact,compatible,no_overlap,0.3698971271514892,,,assessment_1|student_3|D|obs_002|obs_001,boundary_low
D,assessment_1,student_3,obs_002,obs_002,The case-by-case analysis in Scenario 1 clearly captures all of the eligibility conditions.,"Your submitted formalisation of the approval requirement includes y1 ∨ y2, which directly represents the disjunction as required by the exact requirement.",strength,strength,task,task,part_1,part_1,scenario_1,scenario_1,S1-R3|S1-R4,S1-R2,exact,compatible,no_overlap,0.3078081011772156,,,assessment_1|student_3|D|obs_002|obs_002,low_medium
D,assessment_1,student_3,obs_002,obs_003,The case-by-case analysis in Scenario 1 clearly captures all of the eligibility conditions.,"Your submission demonstrates a clear understanding of the conjunctive eligibility condition, and the proof body fully meets the requirement by explicitly connecting the prerequisite and approval conditions to the provable predicate z.",strength,strength,task,task,part_1,part_1,scenario_1,scenario_1,S1-R3|S1-R4,S1-R3,exact,compatible,overlap,0.4621431827545166,,,assessment_1|student_3|D|obs_002|obs_003,boundary_low
D,assessment_1,student_3,obs_002,obs_004,The case-by-case analysis in Scenario 1 clearly captures all of the eligibility conditions.,Your submitted work correctly addresses the four combinations and connects the cases to the target proposition z. The reasoning is fully explained and the examples are directly relevant to the requirement.,strength,strength,task,task,part_1,part_1,scenario_1,scenario_1,S1-R3|S1-R4,S1-R4,exact,compatible,overlap,0.5000054836273193,,,assessment_1|student_3|D|obs_002|obs_004,boundary_high
D,assessment_1,student_3,obs_002,obs_005,The case-by-case analysis in Scenario 1 clearly captures all of the eligibility conditions.,"The student's proof uses case analysis on the disjunctions, which is appropriate. The proof is based solely on the case analysis evidence and does not rely on unrelated assumptions. The conclusion is derived directly from the case analysis without introducing additional assumptions.",strength,strength,task,task,part_1,part_1,scenario_1,scenario_1,S1-R3|S1-R4,S1-R5,exact,compatible,no_overlap,0.392983078956604,,,assessment_1|student_3|D|obs_002|obs_005,boundary_low
D,assessment_1,student_3,obs_002,obs_006,The case-by-case analysis in Scenario 1 clearly captures all of the eligibility conditions.,"The submission correctly formalizes the eligibility condition, but it needs to include a detailed explanation of how the prerequisite and approval conditions together establish eligibility. The proof should be accompanied by comments that clarify the reasoning steps.",strength,suggestion,task,task,part_1,part_1,scenario_1,scenario_1,S1-R3|S1-R4,S1-R6,exact,potentially_compatible,no_overlap,0.5300765037536621,,,assessment_1|student_3|D|obs_002|obs_006,boundary_high
D,assessment_1,student_3,obs_002,obs_007,The case-by-case analysis in Scenario 1 clearly captures all of the eligibility conditions.,The compilation status of the submitted Lean code cannot be assessed due to the absence of a compilation tool in the preprocessing version. Please ensure that the Lean code is compiled successfully in a valid environment.,strength,suggestion,task,task,part_1,part_1,scenario_1,scenario_1,S1-R3|S1-R4,S1-R7,exact,potentially_compatible,no_overlap,0.1119415760040283,,,assessment_1|student_3|D|obs_002|obs_007,very_low
D,assessment_1,student_3,obs_004,obs_013,Scenario 2 is incomplete.,"The submission demonstrates a clear understanding of the logical structure, but the explanation of how the assumptions lead to 'a' and 'd' is insufficient. The proof includes comments, but they are not detailed enough to fully explain the reasoning.",omission,suggestion,task,task,part_1,part_1,scenario_2,scenario_2,,S2-R6,exact,potentially_compatible,not_assessable,0.3172827661037445,,,assessment_1|student_3|D|obs_004|obs_013,low_medium
D,assessment_1,student_3,obs_004,obs_014,Scenario 2 is incomplete.,"The submission does not include evidence of Lean compilation, so we cannot assess whether the submitted Lean code compiles.",omission,suggestion,task,task,part_1,part_1,scenario_2,scenario_2,,S2-R7,exact,potentially_compatible,not_assessable,0.192419558763504,,,assessment_1|student_3|D|obs_004|obs_014,very_low
D,assessment_1,student_3,obs_005,obs_024,Scenario 4 lacks a conclusion and therefore does not fully establish the required goal.,"The submission does not explicitly derive 'r' from 't' and 't → r'. The proof provided is for a different proposition that includes 'r' as a component of the conclusion, but it does not directly derive 'r' from the given assumptions.",error,error,task,task,part_1,part_1,scenario_4,scenario_4,S4-R5,S4-R2,exact,compatible,no_overlap,0.2626397609710693,,,assessment_1|student_3|D|obs_005|obs_024,low_medium
D,assessment_1,student_3,obs_005,obs_029,Scenario 4 lacks a conclusion and therefore does not fully establish the required goal.,"The submission demonstrates the logical derivation of r, m, and ¬f through the proof body, but it lacks explicit explanations of the reasoning steps. The comments in the proof body provide some context, but a more detailed explanation is needed to meet the requirement.",error,error,task,task,part_1,part_1,scenario_4,scenario_4,S4-R5,S4-R7,exact,compatible,no_overlap,0.1824890375137329,,,assessment_1|student_3|D|obs_005|obs_029,very_low
D,assessment_1,student_3,obs_005,obs_030,Scenario 4 lacks a conclusion and therefore does not fully establish the required goal.,"The submission_reference evidence does not include any information about the compilation status of the Lean code. To assess the compilation requirement, we would need explicit evidence of whether the code compiled successfully or not.",error,error,task,task,part_1,part_1,scenario_4,scenario_4,S4-R5,S4-R8,exact,compatible,no_overlap,0.2708048224449157,,,assessment_1|student_3|D|obs_005|obs_030,low_medium
D,assessment_1,student_3,obs_006,obs_034,"Part 2 is entirely missing, including all four required theorems.","The submission includes Lean examples with logical structures involving conjunctions, but it lacks explicit explanations of the conjuncts in the context of the theorem 'Conjunction with False Is Not Provable'.",omission,error,part,task,part_2,part_2,theorem_1|theorem_2|theorem_3|theorem_4,theorem_1,T1-R1|T1-R2|T1-R3|T1-R4|T1-R5|T2-R1|T2-R2|T2-R3|T2-R4|T2-R5|T3-R1|T3-R2|T3-R3|T3-R4|T3-R5|T3-R6|T4-R1|T4-R2|T4-R3|T4-R4|T4-R5|T4-R6,T1-R4,human_broader,potentially_compatible,overlap,0.4859614968299866,,,assessment_1|student_3|D|obs_006|obs_034,boundary_low
D,assessment_1,student_3,obs_006,obs_039,"Part 2 is entirely missing, including all four required theorems.","The submission contains Lean examples with logical proofs, but it does not include an explanation of the principle of explosion or how it is implemented. The explanation of the principle of explosion is missing from the provided evidence.",omission,error,part,task,part_2,part_2,theorem_1|theorem_2|theorem_3|theorem_4,theorem_2,T1-R1|T1-R2|T1-R3|T1-R4|T1-R5|T2-R1|T2-R2|T2-R3|T2-R4|T2-R5|T3-R1|T3-R2|T3-R3|T3-R4|T3-R5|T3-R6|T4-R1|T4-R2|T4-R3|T4-R4|T4-R5|T4-R6,T2-R4,human_broader,potentially_compatible,overlap,0.416826844215393,,,assessment_1|student_3|D|obs_006|obs_039,boundary_low
D,assessment_1,student_3,obs_006,obs_051,"Part 2 is entirely missing, including all four required theorems.","The submission demonstrates a strong understanding of logical principles and axioms, but it does not include an explicit explanation of the contradiction-based proof strategy as required by the assessment.",omission,error,part,task,part_2,part_2,theorem_1|theorem_2|theorem_3|theorem_4,theorem_4,T1-R1|T1-R2|T1-R3|T1-R4|T1-R5|T2-R1|T2-R2|T2-R3|T2-R4|T2-R5|T3-R1|T3-R2|T3-R3|T3-R4|T3-R5|T3-R6|T4-R1|T4-R2|T4-R3|T4-R4|T4-R5|T4-R6,T4-R5,human_broader,potentially_compatible,overlap,0.3693434000015259,,,assessment_1|student_3|D|obs_006|obs_051,boundary_low
A,assessment_1,student_5,obs_001,obs_002,The submission is good overall.,"The proof should address all four combinations of the conditions and use case analysis evidence to derive the conclusion. Additionally, an explanation of how the conditions establish eligibility is needed.",strength,suggestion,overall,task,,part_1,,scenario_1,,S1-R4|S1-R5|S1-R6,unknown,potentially_compatible,not_assessable,0.0938494578003883,,,assessment_1|student_5|A|obs_001|obs_002,very_low
A,assessment_1,student_5,obs_001,obs_003,The submission is good overall.,The submission demonstrates strong logical reasoning and correct use of Lean's proof mechanisms.,strength,strength,overall,task,,part_1,,scenario_2,,S2-R2|S2-R4|S2-R5|S2-R7,unknown,compatible,not_assessable,0.3649399876594543,,,assessment_1|student_5|A|obs_001|obs_003,boundary_low
A,assessment_1,student_5,obs_001,obs_006,The submission is good overall.,Ensure the proof includes a brief explanation of the reasoning and the use of different proposition names.,strength,suggestion,overall,task,,part_1,,scenario_3,,S3-R6,unknown,potentially_compatible,not_assessable,0.1453277617692947,,,assessment_1|student_5|A|obs_001|obs_006,very_low
A,assessment_1,student_5,obs_001,obs_008,The submission is good overall.,"The proof correctly derives r, m, and constructs the final result with correct conjunction structure.",strength,strength,overall,task,,part_1,,scenario_4,,S4-R2|S4-R3|S4-R5|S4-R8,unknown,compatible,not_assessable,0.1714344322681427,,,assessment_1|student_5|A|obs_001|obs_008,very_low
A,assessment_1,student_5,obs_001,obs_009,The submission is good overall.,The theorem successfully proves the required properties using the provided axioms and Lean 4 syntax.,strength,strength,overall,task,,part_2,,theorem_1,,T1-R1|T1-R2|T1-R3|T1-R5,unknown,compatible,not_assessable,0.1225358843803405,,,assessment_1|student_5|A|obs_001|obs_009,very_low
A,assessment_1,student_5,obs_001,obs_011,The submission is good overall.,The theorem ex2 correctly applies the principle of explosion by deriving provable y from a contradiction.,strength,strength,overall,task,,part_2,,theorem_2,,T2-R1|T2-R2|T2-R3|T2-R5,unknown,compatible,not_assessable,0.0855426341295242,,,assessment_1|student_5|A|obs_001|obs_011,very_low
A,assessment_1,student_5,obs_001,obs_013,The submission is good overall.,The proof demonstrates a clear understanding of nested conjunctions and their manipulation using the specified axioms.,strength,strength,overall,task,,part_2,,theorem_3,,T3-R1|T3-R2|T3-R3|T3-R4|T3-R6,unknown,compatible,not_assessable,0.1279682368040084,,,assessment_1|student_5|A|obs_001|obs_013,very_low
A,assessment_1,student_5,obs_001,obs_015,The submission is good overall.,The proof strategy effectively uses the provided axioms and logical steps to derive the required conclusions.,strength,strength,overall,task,,part_2,,theorem_4,,T4-R1|T4-R2|T4-R3|T4-R4,unknown,compatible,not_assessable,0.1457185447216034,,,assessment_1|student_5|A|obs_001|obs_015,very_low
A,assessment_1,student_5,obs_002,obs_001,"Scenario 1 considers only the prerequisite pathway and does not incorporate the required approval condition, so eligibility is not established from both required inputs.",The submission does not correctly represent the prerequisite and approval conditions or explain how they establish eligibility. The proof also does not use case analysis evidence to derive the conclusion.,error,error,task,task,part_1,part_1,scenario_1,scenario_1,S1-R3|S1-R5,S1-R1|S1-R2|S1-R3|S1-R5|S1-R6,exact,compatible,overlap,0.6685922741889954,,,assessment_1|student_5|A|obs_002|obs_001,high
A,assessment_1,student_5,obs_002,obs_002,"Scenario 1 considers only the prerequisite pathway and does not incorporate the required approval condition, so eligibility is not established from both required inputs.","The proof should address all four combinations of the conditions and use case analysis evidence to derive the conclusion. Additionally, an explanation of how the conditions establish eligibility is needed.",error,suggestion,task,task,part_1,part_1,scenario_1,scenario_1,S1-R3|S1-R5,S1-R4|S1-R5|S1-R6,exact,potentially_compatible,overlap,0.576336145401001,,,assessment_1|student_5|A|obs_002|obs_002,boundary_high
A,assessment_1,student_5,obs_003,obs_005,"Scenario 3 cannot be verified because the Lean submission fails to compile after provable is redeclared using both def and opaque, producing a name conflict.","Identify which propositions represent heavy congestion, unsafe weather, sufficient fuel, and destination reached. Explain the 'only if' condition and how assumptions lead to the destination conclusion.",error,error,task,task,part_1,part_1,scenario_3,scenario_3,S3-R8,S3-R1|S3-R2|S3-R3|S3-R4|S3-R5|S3-R7,exact,compatible,no_overlap,0.1424845159053802,,,assessment_1|student_5|A|obs_003|obs_005,very_low
A,assessment_1,student_5,obs_003,obs_006,"Scenario 3 cannot be verified because the Lean submission fails to compile after provable is redeclared using both def and opaque, producing a name conflict.",Ensure the proof includes a brief explanation of the reasoning and the use of different proposition names.,error,suggestion,task,task,part_1,part_1,scenario_3,scenario_3,S3-R8,S3-R6,exact,potentially_compatible,no_overlap,0.388261467218399,,,assessment_1|student_5|A|obs_003|obs_006,boundary_low
A,assessment_1,student_5,obs_004,obs_009,All four Part 2 theorems are logically sound.,The theorem successfully proves the required properties using the provided axioms and Lean 4 syntax.,strength,strength,part,task,part_2,part_2,theorem_1|theorem_2|theorem_3|theorem_4,theorem_1,,T1-R1|T1-R2|T1-R3|T1-R5,human_broader,compatible,not_assessable,0.6086434125900269,,,assessment_1|student_5|A|obs_004|obs_009,boundary_high
A,assessment_1,student_5,obs_004,obs_011,All four Part 2 theorems are logically sound.,The theorem ex2 correctly applies the principle of explosion by deriving provable y from a contradiction.,strength,strength,part,task,part_2,part_2,theorem_1|theorem_2|theorem_3|theorem_4,theorem_2,,T2-R1|T2-R2|T2-R3|T2-R5,human_broader,compatible,not_assessable,0.4525293111801147,,,assessment_1|student_5|A|obs_004|obs_011,boundary_low
A,assessment_1,student_5,obs_004,obs_013,All four Part 2 theorems are logically sound.,The proof demonstrates a clear understanding of nested conjunctions and their manipulation using the specified axioms.,strength,strength,part,task,part_2,part_2,theorem_1|theorem_2|theorem_3|theorem_4,theorem_3,,T3-R1|T3-R2|T3-R3|T3-R4|T3-R6,human_broader,compatible,not_assessable,0.4276431798934936,,,assessment_1|student_5|A|obs_004|obs_013,boundary_low
A,assessment_1,student_5,obs_004,obs_015,All four Part 2 theorems are logically sound.,The proof strategy effectively uses the provided axioms and logical steps to derive the required conclusions.,strength,strength,part,task,part_2,part_2,theorem_1|theorem_2|theorem_3|theorem_4,theorem_4,,T4-R1|T4-R2|T4-R3|T4-R4,human_broader,compatible,not_assessable,0.4011315107345581,,,assessment_1|student_5|A|obs_004|obs_015,boundary_low
B,assessment_1,student_5,obs_001,b_obs_001,The submission is good overall.,The student work explicitly shows the disjunction x1 ∨ x2 as required by the exact requirement.,strength,strength,overall,task,,part_1,,scenario_1,,S1-R1,unknown,compatible,not_assessable,0.0224923305213451,,,assessment_1|student_5|B|obs_001|b_obs_001,very_low
B,assessment_1,student_5,obs_001,b_obs_002,The submission is good overall.,"Your submitted work includes multiple proofs that involve disjunctions (e.g., Or.elim in example_1 and example_2), which directly relate to the requirement of representing the approval requirement as y1 ∨ y2.",strength,strength,overall,task,,part_1,,scenario_1,,S1-R2,unknown,compatible,not_assessable,0.197022795677185,,,assessment_1|student_5|B|obs_001|b_obs_002,very_low
B,assessment_1,student_5,obs_001,b_obs_003,The submission is good overall.,Eligibility depends on both prerequisite and approval conditions is demonstrated through the use of multiple proofs and axioms in the student work.,strength,strength,overall,task,,part_1,,scenario_1,,S1-R3,unknown,compatible,not_assessable,0.1245514601469039,,,assessment_1|student_5|B|obs_001|b_obs_003,very_low
B,assessment_1,student_5,obs_001,b_obs_004,The submission is good overall.,Your submitted work addresses the four prerequisite–approval combinations through multiple examples and proofs.,strength,strength,overall,task,,part_1,,scenario_1,,S1-R4,unknown,compatible,not_assessable,0.278854638338089,,,assessment_1|student_5|B|obs_001|b_obs_004,low_medium
B,assessment_1,student_5,obs_001,b_obs_005,The submission is good overall.,"Your submitted work uses case analysis to derive conclusions in multiple examples, as required.",strength,strength,overall,task,,part_1,,scenario_1,,S1-R5,unknown,compatible,not_assessable,0.2290532439947128,,,assessment_1|student_5|B|obs_001|b_obs_005,low_medium
B,assessment_1,student_5,obs_001,b_obs_007,The submission is good overall.,The submitted Lean code compiles successfully.,strength,strength,overall,task,,part_1,,scenario_1,,S1-R7,unknown,compatible,not_assessable,0.2967002689838409,,,assessment_1|student_5|B|obs_001|b_obs_007,low_medium
B,assessment_1,student_5,obs_001,b_obs_009,The submission is good overall.,Derive d from b and b -> d.,strength,strength,overall,task,,part_1,,scenario_2,,S2-R2,unknown,compatible,not_assessable,0.0,,,assessment_1|student_5|B|obs_001|b_obs_009,very_low
B,assessment_1,student_5,obs_001,b_obs_011,The submission is good overall.,Construct the final conjunction a ∧ d.,strength,strength,overall,task,,part_1,,scenario_2,,S2-R4,unknown,compatible,not_assessable,0.0709254145622253,,,assessment_1|student_5|B|obs_001|b_obs_011,very_low
B,assessment_1,student_5,obs_001,b_obs_012,The submission is good overall.,"Your submitted work includes multiple proofs that use classical reasoning, such as Or.elim, by_cases, and other classical proof techniques. The use of classical reasoning is valid and supported by the Lean environment.",strength,strength,overall,task,,part_1,,scenario_2,,S2-R5,unknown,compatible,not_assessable,0.1798487901687622,,,assessment_1|student_5|B|obs_001|b_obs_012,very_low
B,assessment_1,student_5,obs_001,b_obs_014,The submission is good overall.,The submitted Lean code must compile.,strength,strength,overall,task,,part_1,,scenario_2,,S2-R7,unknown,compatible,not_assessable,0.2215374708175659,,,assessment_1|student_5|B|obs_001|b_obs_014,low_medium
B,assessment_1,student_5,obs_001,b_obs_016,The submission is good overall.,Your submitted work correctly represents safe weather as the negation of the proposition representing unsafe weather.,strength,strength,overall,task,,part_1,,scenario_3,,S3-R2,unknown,compatible,not_assessable,0.179629772901535,,,assessment_1|student_5|B|obs_001|b_obs_016,very_low
B,assessment_1,student_5,obs_001,b_obs_017,The submission is good overall.,The 'only if' condition is correctly interpreted as an implication in the context of the problem.,strength,strength,overall,task,,part_1,,scenario_3,,S3-R3,unknown,compatible,not_assessable,0.0,,,assessment_1|student_5|B|obs_001|b_obs_017,very_low
B,assessment_1,student_5,obs_001,b_obs_018,The submission is good overall.,"Your submitted work demonstrates logical connections between propositions using axioms like AxConjElimRight, AxConjElimLeft, and AxConjIntro to derive conclusions about provable statements.",strength,strength,overall,task,,part_1,,scenario_3,,S3-R4,unknown,compatible,not_assessable,0.0992399752140045,,,assessment_1|student_5|B|obs_001|b_obs_018,very_low
B,assessment_1,student_5,obs_001,b_obs_020,The submission is good overall.,Ensure the proof includes a brief explanation of the reasoning and the use of different proposition names.,strength,suggestion,overall,task,,part_1,,scenario_3,,S3-R6,unknown,potentially_compatible,not_assessable,0.1453277617692947,,,assessment_1|student_5|B|obs_001|b_obs_020,very_low
B,assessment_1,student_5,obs_001,b_obs_021,The submission is good overall.,"The student work contains proofs and definitions that could be relevant to the requirement, but the assessment does not evaluate the presence of explanations related to proposition mapping, 'only if' interpretation, or assumption logic in the student work.",strength,suggestion,overall,task,,part_1,,scenario_3,,S3-R7,unknown,potentially_compatible,not_assessable,0.0880709588527679,,,assessment_1|student_5|B|obs_001|b_obs_021,very_low
B,assessment_1,student_5,obs_001,b_obs_022,The submission is good overall.,The submitted Lean code compiles without errors.,strength,strength,overall,task,,part_1,,scenario_3,,S3-R8,unknown,compatible,not_assessable,0.1750286370515823,,,assessment_1|student_5|B|obs_001|b_obs_022,very_low
B,assessment_1,student_5,obs_001,b_obs_024,The submission is good overall.,"The student work includes multiple proofs and examples that demonstrate logical derivations involving t, r, and t -> r.",strength,strength,overall,task,,part_1,,scenario_4,,S4-R2,unknown,compatible,not_assessable,0.103765994310379,,,assessment_1|student_5|B|obs_001|b_obs_024,very_low
B,assessment_1,student_5,obs_001,b_obs_025,The submission is good overall.,Derives m from r and r -> m.,strength,strength,overall,task,,part_1,,scenario_4,,S4-R3,unknown,compatible,not_assessable,0.0205580666661262,,,assessment_1|student_5|B|obs_001|b_obs_025,very_low
B,assessment_1,student_5,obs_001,b_obs_026,The submission is good overall.,Your submitted work includes a proof of ¬f using the available assumptions.,strength,strength,overall,task,,part_1,,scenario_4,,S4-R4,unknown,compatible,not_assessable,0.2209080755710601,,,assessment_1|student_5|B|obs_001|b_obs_026,low_medium
B,assessment_1,student_5,obs_001,b_obs_027,The submission is good overall.,"The student's work includes a proof of r ∧ m ∧ ¬f using the correct conjunction structure, but the explicit construction of r ∧ m ∧ ¬f is not directly evident in the provided evidence.",strength,suggestion,overall,task,,part_1,,scenario_4,,S4-R5,unknown,potentially_compatible,not_assessable,0.0997520834207534,,,assessment_1|student_5|B|obs_001|b_obs_027,very_low
B,assessment_1,student_5,obs_001,b_obs_028,The submission is good overall.,The proof directly addresses the required implication.,strength,strength,overall,task,,part_1,,scenario_4,,S4-R6,unknown,compatible,not_assessable,0.1394555121660232,,,assessment_1|student_5|B|obs_001|b_obs_028,very_low
B,assessment_1,student_5,obs_001,b_obs_030,The submission is good overall.,The submitted Lean code must compile.,strength,strength,overall,task,,part_1,,scenario_4,,S4-R8,unknown,compatible,not_assessable,0.2215374708175659,,,assessment_1|student_5|B|obs_001|b_obs_030,low_medium
B,assessment_1,student_5,obs_001,b_obs_032,The submission is good overall.,"The student's work includes multiple theorems and examples that demonstrate the logical structure of the proof. However, the specific claim that 'provable x does not imply that False is provable' is not explicitly verified in the submitted material.",strength,suggestion,overall,task,,part_2,,theorem_1,,T1-R2,unknown,potentially_compatible,not_assessable,0.1067102700471878,,,assessment_1|student_5|B|obs_001|b_obs_032,very_low
B,assessment_1,student_5,obs_001,b_obs_033,The submission is good overall.,The theorem uses appropriate axioms including AxConjElimRight and AxNotPrFalse as required.,strength,strength,overall,task,,part_2,,theorem_1,,T1-R3,unknown,compatible,not_assessable,0.0767699033021926,,,assessment_1|student_5|B|obs_001|b_obs_033,very_low
B,assessment_1,student_5,obs_001,b_obs_035,The submission is good overall.,The theorem compiles as per the Lean 4 syntax.,strength,strength,overall,task,,part_2,,theorem_1,,T1-R5,unknown,compatible,not_assessable,0.1452866196632385,,,assessment_1|student_5|B|obs_001|b_obs_035,very_low
B,assessment_1,student_5,obs_001,b_obs_037,The submission is good overall.,The requirement to use the resulting contradiction to derive provable y is met in ex2.,strength,strength,overall,task,,part_2,,theorem_2,,T2-R2,unknown,compatible,not_assessable,0.0,,,assessment_1|student_5|B|obs_001|b_obs_037,very_low
B,assessment_1,student_5,obs_001,b_obs_038,The submission is good overall.,The requirement to use the supplied conjunction-elimination and falsehood axioms appropriately is partially met in ex2.,strength,suggestion,overall,task,,part_2,,theorem_2,,T2-R3,unknown,potentially_compatible,not_assessable,0.0605193525552749,,,assessment_1|student_5|B|obs_001|b_obs_038,very_low
B,assessment_1,student_5,obs_001,b_obs_039,The submission is good overall.,"The submission contains logical constructs and axioms that may relate to the principle of explosion, but it does not explicitly explain the principle of explosion or its implementation as required by the exact requirement.",strength,suggestion,overall,task,,part_2,,theorem_2,,T2-R4,unknown,potentially_compatible,not_assessable,0.2607228755950928,,,assessment_1|student_5|B|obs_001|b_obs_039,low_medium
B,assessment_1,student_5,obs_001,b_obs_040,The submission is good overall.,"The theorem must compile, which is met in the submission.",strength,strength,overall,task,,part_2,,theorem_2,,T2-R5,unknown,compatible,not_assessable,0.2292201519012451,,,assessment_1|student_5|B|obs_001|b_obs_040,low_medium
B,assessment_1,student_5,obs_001,b_obs_041,The submission is good overall.,"Provable x, y, z are extracted from nested conjunctions in the proof body.",strength,strength,overall,task,,part_2,,theorem_3,,T3-R1,unknown,compatible,not_assessable,0.0530852526426315,,,assessment_1|student_5|B|obs_001|b_obs_041,very_low
B,assessment_1,student_5,obs_001,b_obs_042,The submission is good overall.,Provable (conj y x) is constructed using AxConjIntro in the proof body.,strength,strength,overall,task,,part_2,,theorem_3,,T3-R2,unknown,compatible,not_assessable,0.142397254705429,,,assessment_1|student_5|B|obs_001|b_obs_042,very_low
B,assessment_1,student_5,obs_001,b_obs_043,The submission is good overall.,The student's work demonstrates the use of AxConjIntro to construct the required conj (conj y x) z.,strength,strength,overall,task,,part_2,,theorem_3,,T3-R3,unknown,compatible,not_assessable,0.1253469288349151,,,assessment_1|student_5|B|obs_001|b_obs_043,very_low
B,assessment_1,student_5,obs_001,b_obs_044,The submission is good overall.,"AxConjElimLeft, AxConjElimRight, and AxConjIntro are used appropriately in the proof body.",strength,strength,overall,task,,part_2,,theorem_3,,T3-R4,unknown,compatible,not_assessable,0.1313628703355789,,,assessment_1|student_5|B|obs_001|b_obs_044,very_low
B,assessment_1,student_5,obs_001,b_obs_046,The submission is good overall.,The theorem compiles as no 'sorry' is present in the submission.,strength,strength,overall,task,,part_2,,theorem_3,,T3-R6,unknown,compatible,not_assessable,0.201271578669548,,,assessment_1|student_5|B|obs_001|b_obs_046,low_medium
B,assessment_1,student_5,obs_001,b_obs_047,The submission is good overall.,Assume provable y and combine it with provable x.,strength,strength,overall,task,,part_2,,theorem_4,,T4-R1,unknown,compatible,not_assessable,0.0,,,assessment_1|student_5|B|obs_001|b_obs_047,very_low
B,assessment_1,student_5,obs_001,b_obs_048,The submission is good overall.,Your submitted work includes multiple proofs that use AxConjIntro to derive provable (conj x y) in various contexts.,strength,strength,overall,task,,part_2,,theorem_4,,T4-R2,unknown,compatible,not_assessable,0.2116412818431854,,,assessment_1|student_5|B|obs_001|b_obs_048,low_medium
B,assessment_1,student_5,obs_001,b_obs_050,The submission is good overall.,Supply the arguments to AxConjIntro correctly.,strength,strength,overall,task,,part_2,,theorem_4,,T4-R4,unknown,compatible,not_assessable,0.1502041518688202,,,assessment_1|student_5|B|obs_001|b_obs_050,very_low
B,assessment_1,student_5,obs_001,b_obs_052,The submission is good overall.,The theorem must compile.,strength,strength,overall,task,,part_2,,theorem_4,,T4-R6,unknown,compatible,not_assessable,0.1233245655894279,,,assessment_1|student_5|B|obs_001|b_obs_052,very_low
B,assessment_1,student_5,obs_002,b_obs_006,"Scenario 1 considers only the prerequisite pathway and does not incorporate the required approval condition, so eligibility is not established from both required inputs.",Explanation of how conditions establish eligibility is missing.,error,error,task,task,part_1,part_1,scenario_1,scenario_1,S1-R3|S1-R5,S1-R6,exact,compatible,no_overlap,0.6575034856796265,,,assessment_1|student_5|B|obs_002|b_obs_006,high
B,assessment_1,student_5,obs_003,b_obs_015,"Scenario 3 cannot be verified because the Lean submission fails to compile after provable is redeclared using both def and opaque, producing a name conflict.","No propositions are explicitly identified as heavy congestion, unsafe weather, sufficient fuel, or destination reached.",error,error,task,task,part_1,part_1,scenario_3,scenario_3,S3-R8,S3-R1,exact,compatible,no_overlap,0.2010132372379303,,,assessment_1|student_5|B|obs_003|b_obs_015,low_medium
B,assessment_1,student_5,obs_003,b_obs_019,"Scenario 3 cannot be verified because the Lean submission fails to compile after provable is redeclared using both def and opaque, producing a name conflict.",The proposition for destination_reached is not derived from the formalised assumptions.,error,error,task,task,part_1,part_1,scenario_3,scenario_3,S3-R8,S3-R5,exact,compatible,no_overlap,0.2930450439453125,,,assessment_1|student_5|B|obs_003|b_obs_019,low_medium
B,assessment_1,student_5,obs_003,b_obs_020,"Scenario 3 cannot be verified because the Lean submission fails to compile after provable is redeclared using both def and opaque, producing a name conflict.",Ensure the proof includes a brief explanation of the reasoning and the use of different proposition names.,error,suggestion,task,task,part_1,part_1,scenario_3,scenario_3,S3-R8,S3-R6,exact,potentially_compatible,no_overlap,0.388261467218399,,,assessment_1|student_5|B|obs_003|b_obs_020,boundary_low
B,assessment_1,student_5,obs_003,b_obs_021,"Scenario 3 cannot be verified because the Lean submission fails to compile after provable is redeclared using both def and opaque, producing a name conflict.","The student work contains proofs and definitions that could be relevant to the requirement, but the assessment does not evaluate the presence of explanations related to proposition mapping, 'only if' interpretation, or assumption logic in the student work.",error,suggestion,task,task,part_1,part_1,scenario_3,scenario_3,S3-R8,S3-R7,exact,potentially_compatible,no_overlap,0.3136947751045227,,,assessment_1|student_5|B|obs_003|b_obs_021,low_medium
B,assessment_1,student_5,obs_004,b_obs_032,All four Part 2 theorems are logically sound.,"The student's work includes multiple theorems and examples that demonstrate the logical structure of the proof. However, the specific claim that 'provable x does not imply that False is provable' is not explicitly verified in the submitted material.",strength,suggestion,part,task,part_2,part_2,theorem_1|theorem_2|theorem_3|theorem_4,theorem_1,,T1-R2,human_broader,potentially_compatible,not_assessable,0.5047987699508667,,,assessment_1|student_5|B|obs_004|b_obs_032,boundary_high
B,assessment_1,student_5,obs_004,b_obs_033,All four Part 2 theorems are logically sound.,The theorem uses appropriate axioms including AxConjElimRight and AxNotPrFalse as required.,strength,strength,part,task,part_2,part_2,theorem_1|theorem_2|theorem_3|theorem_4,theorem_1,,T1-R3,human_broader,compatible,not_assessable,0.4716458618640899,,,assessment_1|student_5|B|obs_004|b_obs_033,boundary_low
B,assessment_1,student_5,obs_004,b_obs_035,All four Part 2 theorems are logically sound.,The theorem compiles as per the Lean 4 syntax.,strength,strength,part,task,part_2,part_2,theorem_1|theorem_2|theorem_3|theorem_4,theorem_1,,T1-R5,human_broader,compatible,not_assessable,0.5969269275665283,,,assessment_1|student_5|B|obs_004|b_obs_035,boundary_high
B,assessment_1,student_5,obs_004,b_obs_037,All four Part 2 theorems are logically sound.,The requirement to use the resulting contradiction to derive provable y is met in ex2.,strength,strength,part,task,part_2,part_2,theorem_1|theorem_2|theorem_3|theorem_4,theorem_2,,T2-R2,human_broader,compatible,not_assessable,0.2676085829734802,,,assessment_1|student_5|B|obs_004|b_obs_037,low_medium
B,assessment_1,student_5,obs_004,b_obs_038,All four Part 2 theorems are logically sound.,The requirement to use the supplied conjunction-elimination and falsehood axioms appropriately is partially met in ex2.,strength,suggestion,part,task,part_2,part_2,theorem_1|theorem_2|theorem_3|theorem_4,theorem_2,,T2-R3,human_broader,potentially_compatible,not_assessable,0.4480962455272674,,,assessment_1|student_5|B|obs_004|b_obs_038,boundary_low
B,assessment_1,student_5,obs_004,b_obs_039,All four Part 2 theorems are logically sound.,"The submission contains logical constructs and axioms that may relate to the principle of explosion, but it does not explicitly explain the principle of explosion or its implementation as required by the exact requirement.",strength,suggestion,part,task,part_2,part_2,theorem_1|theorem_2|theorem_3|theorem_4,theorem_2,,T2-R4,human_broader,potentially_compatible,not_assessable,0.2717526257038116,,,assessment_1|student_5|B|obs_004|b_obs_039,low_medium
B,assessment_1,student_5,obs_004,b_obs_040,All four Part 2 theorems are logically sound.,"The theorem must compile, which is met in the submission.",strength,strength,part,task,part_2,part_2,theorem_1|theorem_2|theorem_3|theorem_4,theorem_2,,T2-R5,human_broader,compatible,not_assessable,0.4703552722930908,,,assessment_1|student_5|B|obs_004|b_obs_040,boundary_low
B,assessment_1,student_5,obs_004,b_obs_041,All four Part 2 theorems are logically sound.,"Provable x, y, z are extracted from nested conjunctions in the proof body.",strength,strength,part,task,part_2,part_2,theorem_1|theorem_2|theorem_3|theorem_4,theorem_3,,T3-R1,human_broader,compatible,not_assessable,0.3925316631793976,,,assessment_1|student_5|B|obs_004|b_obs_041,boundary_low
B,assessment_1,student_5,obs_004,b_obs_042,All four Part 2 theorems are logically sound.,Provable (conj y x) is constructed using AxConjIntro in the proof body.,strength,strength,part,task,part_2,part_2,theorem_1|theorem_2|theorem_3|theorem_4,theorem_3,,T3-R2,human_broader,compatible,not_assessable,0.2756518721580505,,,assessment_1|student_5|B|obs_004|b_obs_042,low_medium
B,assessment_1,student_5,obs_004,b_obs_043,All four Part 2 theorems are logically sound.,The student's work demonstrates the use of AxConjIntro to construct the required conj (conj y x) z.,strength,strength,part,task,part_2,part_2,theorem_1|theorem_2|theorem_3|theorem_4,theorem_3,,T3-R3,human_broader,compatible,not_assessable,0.1384725272655487,,,assessment_1|student_5|B|obs_004|b_obs_043,very_low
B,assessment_1,student_5,obs_004,b_obs_044,All four Part 2 theorems are logically sound.,"AxConjElimLeft, AxConjElimRight, and AxConjIntro are used appropriately in the proof body.",strength,strength,part,task,part_2,part_2,theorem_1|theorem_2|theorem_3|theorem_4,theorem_3,,T3-R4,human_broader,compatible,not_assessable,0.2189237475395202,,,assessment_1|student_5|B|obs_004|b_obs_044,low_medium
B,assessment_1,student_5,obs_004,b_obs_046,All four Part 2 theorems are logically sound.,The theorem compiles as no 'sorry' is present in the submission.,strength,strength,part,task,part_2,part_2,theorem_1|theorem_2|theorem_3|theorem_4,theorem_3,,T3-R6,human_broader,compatible,not_assessable,0.4856597483158111,,,assessment_1|student_5|B|obs_004|b_obs_046,boundary_low
B,assessment_1,student_5,obs_004,b_obs_047,All four Part 2 theorems are logically sound.,Assume provable y and combine it with provable x.,strength,strength,part,task,part_2,part_2,theorem_1|theorem_2|theorem_3|theorem_4,theorem_4,,T4-R1,human_broader,compatible,not_assessable,0.2258069962263107,,,assessment_1|student_5|B|obs_004|b_obs_047,low_medium
B,assessment_1,student_5,obs_004,b_obs_048,All four Part 2 theorems are logically sound.,Your submitted work includes multiple proofs that use AxConjIntro to derive provable (conj x y) in various contexts.,strength,strength,part,task,part_2,part_2,theorem_1|theorem_2|theorem_3|theorem_4,theorem_4,,T4-R2,human_broader,compatible,not_assessable,0.3329982757568359,,,assessment_1|student_5|B|obs_004|b_obs_048,low_medium
B,assessment_1,student_5,obs_004,b_obs_050,All four Part 2 theorems are logically sound.,Supply the arguments to AxConjIntro correctly.,strength,strength,part,task,part_2,part_2,theorem_1|theorem_2|theorem_3|theorem_4,theorem_4,,T4-R4,human_broader,compatible,not_assessable,0.1385863125324249,,,assessment_1|student_5|B|obs_004|b_obs_050,very_low
B,assessment_1,student_5,obs_004,b_obs_052,All four Part 2 theorems are logically sound.,The theorem must compile.,strength,strength,part,task,part_2,part_2,theorem_1|theorem_2|theorem_3|theorem_4,theorem_4,,T4-R6,human_broader,compatible,not_assessable,0.4979642331600189,,,assessment_1|student_5|B|obs_004|b_obs_052,boundary_low
B,assessment_1,student_5,obs_005,b_obs_039,The Part 2 theorems are well explained.,"The submission contains logical constructs and axioms that may relate to the principle of explosion, but it does not explicitly explain the principle of explosion or its implementation as required by the exact requirement.",strength,suggestion,part,task,part_2,part_2,theorem_1|theorem_2|theorem_3|theorem_4,theorem_2,T1-R4|T2-R4|T3-R5|T4-R5,T2-R4,human_broader,potentially_compatible,overlap,0.2141213715076446,,,assessment_1|student_5|B|obs_005|b_obs_039,low_medium
C,assessment_1,student_5,obs_001,obs_003,The submission is good overall.,"The proof demonstrates an attempt to satisfy both prerequisite and approval requirements, but it is incomplete and lacks full handling of all case combinations. The proof should explicitly handle all four cases (x1 ∧ y1, x1 ∧ y2, x2 ∧ y1, x2 ∧ y2) and ensure that both conditions are fully addressed.",strength,suggestion,overall,task,,part_1,,scenario_1,,S1-R3,unknown,potentially_compatible,not_assessable,0.1452269554138183,,,assessment_1|student_5|C|obs_001|obs_003,very_low
C,assessment_1,student_5,obs_001,obs_004,The submission is good overall.,"The proof demonstrates an attempt to handle the four combinations of the disjunctions, but it is incomplete and lacks the full case analysis required for all four combinations. The proof needs to be completed to ensure that all four cases are properly addressed.",strength,suggestion,overall,task,,part_1,,scenario_1,,S1-R4,unknown,potentially_compatible,not_assessable,0.1202567964792251,,,assessment_1|student_5|C|obs_001|obs_004,very_low
C,assessment_1,student_5,obs_001,obs_009,The submission is good overall.,The student's proof correctly derives d from b and b → d. The proof uses case analysis and contradiction to achieve the goal. The proof is well-structured and directly addresses the requirement.,strength,strength,overall,task,,part_1,,scenario_2,,S2-R2,unknown,compatible,not_assessable,0.1012852042913436,,,assessment_1|student_5|C|obs_001|obs_009,very_low
C,assessment_1,student_5,obs_001,obs_010,The submission is good overall.,The student has provided a proof that uses the given assumptions to derive the target statement. The proof uses case analysis and contradiction to establish the conclusion. The proof is well-structured and includes comments explaining the reasoning.,strength,strength,overall,task,,part_1,,scenario_2,,S2-R3,unknown,compatible,not_assessable,0.0997917503118515,,,assessment_1|student_5|C|obs_001|obs_010,very_low
C,assessment_1,student_5,obs_001,obs_011,The submission is good overall.,The student has successfully constructed the final conjunction a ∧ d using a proof by contradiction and case analysis. The proof is well-structured and directly addresses the requirement.,strength,strength,overall,task,,part_1,,scenario_2,,S2-R4,unknown,compatible,not_assessable,0.1178683787584304,,,assessment_1|student_5|C|obs_001|obs_011,very_low
C,assessment_1,student_5,obs_001,obs_012,The submission is good overall.,"The proof strategy used is valid and supported by the Lean environment. The proof uses case analysis and proof by contradiction to derive the target proposition, which is consistent with the requirement for classical reasoning.",strength,strength,overall,task,,part_1,,scenario_2,,S2-R5,unknown,compatible,not_assessable,0.0996645092964172,,,assessment_1|student_5|C|obs_001|obs_012,very_low
C,assessment_1,student_5,obs_001,obs_013,The submission is good overall.,The student's proof in unit_004 demonstrates how the assumptions lead to 'a ∧ d' through case analysis and contradiction. The explanation is grounded in the provided proof structure.,strength,strength,overall,task,,part_1,,scenario_2,,S2-R6,unknown,compatible,not_assessable,0.039661668241024,,,assessment_1|student_5|C|obs_001|obs_013,very_low
C,assessment_1,student_5,obs_001,obs_019,The submission is good overall.,The student has provided a proof that attempts to derive the proposition that the car reaches the destination based on the given conditions. The proof uses case analysis on the disjunction c ∨ w and applies the given conditions to derive the conclusion d. The proof is structured to handle both scenarios as required by the scenario conditions.,strength,strength,overall,task,,part_1,,scenario_3,,S3-R5,unknown,compatible,not_assessable,0.0529351271688938,,,assessment_1|student_5|C|obs_001|obs_019,very_low
C,assessment_1,student_5,obs_001,obs_020,The submission is good overall.,"The proof correctly preserves the intended meaning of the scenario, even with different proposition names or theorem structure. The student's approach aligns with the requirement to formalize the autonomous vehicle route conditions and prove that the car reaches the destination.",strength,strength,overall,task,,part_1,,scenario_3,,S3-R6,unknown,compatible,not_assessable,0.1424260735511779,,,assessment_1|student_5|C|obs_001|obs_020,very_low
C,assessment_1,student_5,obs_001,obs_022,The submission is good overall.,The compilation status of the submitted Lean code cannot be assessed as the preprocessing version does not include Lean compilation. Please ensure that the Lean code is compiled and verified for correctness.,strength,suggestion,overall,task,,part_1,,scenario_3,,S3-R8,unknown,potentially_compatible,not_assessable,0.140507161617279,,,assessment_1|student_5|C|obs_001|obs_022,very_low
C,assessment_1,student_5,obs_001,obs_023,The submission is good overall.,The student has successfully proven the target statement using the exact implication required by the brief. The proof is structured correctly and uses the given assumptions to derive the conclusion.,strength,strength,overall,task,,part_1,,scenario_4,,S4-R1,unknown,compatible,not_assessable,0.1683724075555801,,,assessment_1|student_5|C|obs_001|obs_023,very_low
C,assessment_1,student_5,obs_001,obs_024,The submission is good overall.,The student has correctly derived r from t and t -> r using the provided proof steps. The proof includes the necessary logical steps to achieve the goal.,strength,strength,overall,task,,part_1,,scenario_4,,S4-R2,unknown,compatible,not_assessable,0.124668501317501,,,assessment_1|student_5|C|obs_001|obs_024,very_low
C,assessment_1,student_5,obs_001,obs_025,The submission is good overall.,The student has correctly derived m from r and r -> m using the provided proof steps. The proof is structured and follows the logical steps required for the assessment requirement.,strength,strength,overall,task,,part_1,,scenario_4,,S4-R3,unknown,compatible,not_assessable,0.182735800743103,,,assessment_1|student_5|C|obs_001|obs_025,very_low
C,assessment_1,student_5,obs_001,obs_026,The submission is good overall.,The student has successfully derived ¬f using the given assumptions and logical steps. The proof is well-structured and directly addresses the requirement to derive ¬f.,strength,strength,overall,task,,part_1,,scenario_4,,S4-R4,unknown,compatible,not_assessable,0.1480590999126434,,,assessment_1|student_5|C|obs_001|obs_026,very_low
C,assessment_1,student_5,obs_001,obs_027,The submission is good overall.,The student has correctly constructed the final result r ∧ m ∧ ¬f with the correct conjunction structure. The proof uses the Or.elim tactic to handle the disjunction h4 and combines the derived propositions using And.intro to construct the final conjunction.,strength,strength,overall,task,,part_1,,scenario_4,,S4-R5,unknown,compatible,not_assessable,0.1272676885128021,,,assessment_1|student_5|C|obs_001|obs_027,very_low
C,assessment_1,student_5,obs_001,obs_029,The submission is good overall.,"The student has provided a complete explanation of the derivation of r, m, and ¬f. The proof includes comments that explain the logical steps, making the reasoning clear. The explanation is well-supported by the formal proof in the submission.",strength,strength,overall,task,,part_1,,scenario_4,,S4-R7,unknown,compatible,not_assessable,0.1638853847980499,,,assessment_1|student_5|C|obs_001|obs_029,very_low
C,assessment_1,student_5,obs_001,obs_031,The submission is good overall.,The student has successfully proven that provable (conj x False) leads to a contradiction. The proof is structured correctly and includes necessary comments explaining the reasoning. The use of axioms and logical steps is appropriate.,strength,strength,overall,task,,part_2,,theorem_1,,T1-R1,unknown,compatible,not_assessable,0.118351012468338,,,assessment_1|student_5|C|obs_001|obs_031,very_low
C,assessment_1,student_5,obs_001,obs_032,The submission is good overall.,The student has successfully proven the required theorem using the provided axioms and logical reasoning. The proof is well-structured and includes comments explaining the reasoning steps. The use of case analysis and the application of the axioms are appropriate for the task.,strength,strength,overall,task,,part_2,,theorem_1,,T1-R2,unknown,compatible,not_assessable,0.1706627309322357,,,assessment_1|student_5|C|obs_001|obs_032,very_low
C,assessment_1,student_5,obs_001,obs_033,The submission is good overall.,The student's proof correctly uses the axioms AxConjElimRight and AxNotPrFalse as required for the requirement. The proof is well-structured and includes comments explaining the use of these axioms.,strength,strength,overall,task,,part_2,,theorem_1,,T1-R3,unknown,compatible,not_assessable,0.1211217939853668,,,assessment_1|student_5|C|obs_001|obs_033,very_low
C,assessment_1,student_5,obs_001,obs_034,The submission is good overall.,The student has correctly explained both conjuncts of the theorem. The proof includes detailed comments that clarify the logical steps for both parts of the theorem.,strength,strength,overall,task,,part_2,,theorem_1,,T1-R4,unknown,compatible,not_assessable,0.1346812844276428,,,assessment_1|student_5|C|obs_001|obs_034,very_low
C,assessment_1,student_5,obs_001,obs_035,The submission is good overall.,The theorem 'ex1' is correctly compiled with a term-style proof. The proof uses the provided axioms to construct the proof and does not contain any 'sorry' markers.,strength,strength,overall,task,,part_2,,theorem_1,,T1-R5,unknown,compatible,not_assessable,0.1086090579628944,,,assessment_1|student_5|C|obs_001|obs_035,very_low
C,assessment_1,student_5,obs_001,obs_036,The submission is good overall.,"The student has successfully implemented the proof for the requirement, using the provided axioms and including explanatory comments. The proof is correct and meets the requirement.",strength,strength,overall,task,,part_2,,theorem_2,,T2-R1,unknown,compatible,not_assessable,0.1828756332397461,,,assessment_1|student_5|C|obs_001|obs_036,very_low
C,assessment_1,student_5,obs_001,obs_037,The submission is good overall.,"The student has successfully derived provable y from the contradiction, demonstrating correct proof correctness. The comments in the proof body provide necessary explanations for the steps taken.",strength,strength,overall,task,,part_2,,theorem_2,,T2-R2,unknown,compatible,not_assessable,0.1553400158882141,,,assessment_1|student_5|C|obs_001|obs_037,very_low
C,assessment_1,student_5,obs_001,obs_038,The submission is good overall.,The student has correctly applied the conjunction-elimination and falsehood axioms in the proof of theorem ex2. The use of AxConjElimRight and AxNotPrFalse is appropriate and well-explained with comments.,strength,strength,overall,task,,part_2,,theorem_2,,T2-R3,unknown,compatible,not_assessable,0.0973501205444336,,,assessment_1|student_5|C|obs_001|obs_038,very_low
C,assessment_1,student_5,obs_001,obs_040,The submission is good overall.,"The theorem 'ex2' is correctly defined and its proof is provided, using the necessary axioms. The comments in the proof body explain the logical steps, which supports the compilation and correctness of the theorem.",strength,strength,overall,task,,part_2,,theorem_2,,T2-R5,unknown,compatible,not_assessable,0.1029574871063232,,,assessment_1|student_5|C|obs_001|obs_040,very_low
C,assessment_1,student_5,obs_001,obs_041,The submission is good overall.,"The student's proof demonstrates the ability to extract provable components from a nested conjunction. The use of the provided axioms and the logical steps taken to recombine the components meet the requirement. The comments in the proof body provide some explanation, but more detailed comments could enhance clarity.",strength,strength,overall,task,,part_2,,theorem_3,,T3-R1,unknown,compatible,not_assessable,0.0718142241239547,,,assessment_1|student_5|C|obs_001|obs_041,very_low
C,assessment_1,student_5,obs_001,obs_042,The submission is good overall.,The student has successfully constructed a proof for the requirement. The proof uses the provided axioms to extract and recombine components of the nested conjunction. The comments in the proof provide explanations of the steps taken.,strength,strength,overall,task,,part_2,,theorem_3,,T3-R2,unknown,compatible,not_assessable,0.0392069593071937,,,assessment_1|student_5|C|obs_001|obs_042,very_low
C,assessment_1,student_5,obs_001,obs_043,The submission is good overall.,"The student has successfully constructed a proof that meets the requirement. The proof uses the provided axioms to extract and recombine components, demonstrating correct reasoning. The comments in the code provide explanations of each step, which is good practice.",strength,strength,overall,task,,part_2,,theorem_3,,T3-R3,unknown,compatible,not_assessable,0.1528238952159881,,,assessment_1|student_5|C|obs_001|obs_043,very_low
C,assessment_1,student_5,obs_001,obs_044,The submission is good overall.,"The student has successfully applied the required axioms to prove the theorem. The use of AxConjElimLeft, AxConjElimRight, and AxConjIntro is appropriate and correctly implemented.",strength,strength,overall,task,,part_2,,theorem_3,,T3-R4,unknown,compatible,not_assessable,0.1101138591766357,,,assessment_1|student_5|C|obs_001|obs_044,very_low
C,assessment_1,student_5,obs_001,obs_045,The submission is good overall.,The student has provided a clear and detailed explanation of the elimination and reconstruction steps in the proof. The comments in the code clearly label each step and describe the logical operations involved. This meets the requirement for explaining the steps.,strength,strength,overall,task,,part_2,,theorem_3,,T3-R5,unknown,compatible,not_assessable,0.1653132438659668,,,assessment_1|student_5|C|obs_001|obs_045,very_low
C,assessment_1,student_5,obs_001,obs_046,The submission is good overall.,"The theorem_3 component compiles correctly with the provided axioms. The proof uses the defined axioms for conjunction elimination and introduction, and the theorem is properly declared with no 'sorry' markers.",strength,strength,overall,task,,part_2,,theorem_3,,T3-R6,unknown,compatible,not_assessable,0.087078720331192,,,assessment_1|student_5|C|obs_001|obs_046,very_low
C,assessment_1,student_5,obs_001,obs_047,The submission is good overall.,"The student has met the requirement by proving the theorem using the given assumptions. The proof is structured correctly and uses the necessary axioms. The comments in the proof provide some explanation, but more detailed comments could be added for clarity.",strength,strength,overall,task,,part_2,,theorem_4,,T4-R1,unknown,compatible,not_assessable,0.1022939831018447,,,assessment_1|student_5|C|obs_001|obs_047,very_low
C,assessment_1,student_5,obs_001,obs_048,The submission is good overall.,"The student's proof correctly uses AxConjIntro to derive the conclusion. The proof by contradiction approach is appropriately applied, and the use of the axiom is evident in the proof body.",strength,strength,overall,task,,part_2,,theorem_4,,T4-R2,unknown,compatible,not_assessable,0.1421529650688171,,,assessment_1|student_5|C|obs_001|obs_048,very_low
C,assessment_1,student_5,obs_001,obs_049,The submission is good overall.,"The student has successfully implemented the proof using the contradiction with ¬ provable (conj x y) to establish ¬ provable y. The proof is well-structured and uses the provided axioms appropriately. The comments in the proof body provide some context, but could be more detailed.",strength,strength,overall,task,,part_2,,theorem_4,,T4-R3,unknown,compatible,not_assessable,0.1091331392526626,,,assessment_1|student_5|C|obs_001|obs_049,very_low
C,assessment_1,student_5,obs_001,obs_050,The submission is good overall.,The student has correctly applied the AxConjIntro axiom with the required arguments in the proof for theorem ex4. The use of AxConjIntro with provable x and provable y is consistent with the requirement.,strength,strength,overall,task,,part_2,,theorem_4,,T4-R4,unknown,compatible,not_assessable,0.1380530446767807,,,assessment_1|student_5|C|obs_001|obs_050,very_low
C,assessment_1,student_5,obs_001,obs_051,The submission is good overall.,The student has demonstrated an understanding of the contradiction-based proof strategy by implementing a proof by contradiction in the theorem ex4. The proof body includes comments that explain the assumption of provable y and the subsequent contradiction.,strength,strength,overall,task,,part_2,,theorem_4,,T4-R5,unknown,compatible,not_assessable,0.0957743823528289,,,assessment_1|student_5|C|obs_001|obs_051,very_low
C,assessment_1,student_5,obs_001,obs_052,The submission is good overall.,"The theorem_4 component compiles successfully. The theorem is correctly defined with a proof body, and all supporting axioms are present and properly structured. The code is well-formed and does not contain any syntax errors.",strength,strength,overall,task,,part_2,,theorem_4,,T4-R6,unknown,compatible,not_assessable,0.1150281429290771,,,assessment_1|student_5|C|obs_001|obs_052,very_low
C,assessment_1,student_5,obs_002,obs_001,"Scenario 1 considers only the prerequisite pathway and does not incorporate the required approval condition, so eligibility is not established from both required inputs.","The student's proof includes case analysis on the disjunctions x1 ∨ x2 and y1 ∨ y2, but the formalisation of the prerequisite requirement is not explicitly stated as the disjunction x1 ∨ x2. The requirement is to correctly represent the prerequisite requirement as the disjunction x1 ∨ x2, which is not fully demonstrated in the proof.",error,error,task,task,part_1,part_1,scenario_1,scenario_1,S1-R3|S1-R5,S1-R1,exact,compatible,no_overlap,0.4878990948200226,,,assessment_1|student_5|C|obs_002|obs_001,boundary_low
C,assessment_1,student_5,obs_002,obs_002,"Scenario 1 considers only the prerequisite pathway and does not incorporate the required approval condition, so eligibility is not established from both required inputs.",The submission does not correctly formalize the approval requirement as the disjunction y1 ∨ y2. The proof body uses case analysis on y1 ∨ y2 but does not explicitly represent the approval requirement as a disjunction in the formal statement.,error,error,task,task,part_1,part_1,scenario_1,scenario_1,S1-R3|S1-R5,S1-R2,exact,compatible,no_overlap,0.5339879989624023,,,assessment_1|student_5|C|obs_002|obs_002,boundary_high
C,assessment_1,student_5,obs_002,obs_003,"Scenario 1 considers only the prerequisite pathway and does not incorporate the required approval condition, so eligibility is not established from both required inputs.","The proof demonstrates an attempt to satisfy both prerequisite and approval requirements, but it is incomplete and lacks full handling of all case combinations. The proof should explicitly handle all four cases (x1 ∧ y1, x1 ∧ y2, x2 ∧ y1, x2 ∧ y2) and ensure that both conditions are fully addressed.",error,suggestion,task,task,part_1,part_1,scenario_1,scenario_1,S1-R3|S1-R5,S1-R3,exact,potentially_compatible,overlap,0.5056029558181763,,,assessment_1|student_5|C|obs_002|obs_003,boundary_high
C,assessment_1,student_5,obs_002,obs_004,"Scenario 1 considers only the prerequisite pathway and does not incorporate the required approval condition, so eligibility is not established from both required inputs.","The proof demonstrates an attempt to handle the four combinations of the disjunctions, but it is incomplete and lacks the full case analysis required for all four combinations. The proof needs to be completed to ensure that all four cases are properly addressed.",error,suggestion,task,task,part_1,part_1,scenario_1,scenario_1,S1-R3|S1-R5,S1-R4,exact,potentially_compatible,no_overlap,0.3642322421073913,,,assessment_1|student_5|C|obs_002|obs_004,boundary_low
C,assessment_1,student_5,obs_002,obs_005,"Scenario 1 considers only the prerequisite pathway and does not incorporate the required approval condition, so eligibility is not established from both required inputs.","The proof in the submission uses case analysis on the disjunctions, but it is incomplete and does not fully connect the disjunction assumptions to the conclusion z. The hypotheses h1, h3, and h4 are not defined, which may lead to an incomplete proof.",error,error,task,task,part_1,part_1,scenario_1,scenario_1,S1-R3|S1-R5,S1-R5,exact,compatible,overlap,0.3767756223678589,,,assessment_1|student_5|C|obs_002|obs_005,boundary_low
C,assessment_1,student_5,obs_002,obs_006,"Scenario 1 considers only the prerequisite pathway and does not incorporate the required approval condition, so eligibility is not established from both required inputs.","The proof demonstrates case analysis on the disjunctions, but it is incomplete and lacks a clear explanation of how the conditions establish eligibility. The explanation is missing, and the proof does not fully connect the prerequisite and approval conditions to the eligibility requirement.",error,error,task,task,part_1,part_1,scenario_1,scenario_1,S1-R3|S1-R5,S1-R6,exact,compatible,no_overlap,0.6569080352783203,,,assessment_1|student_5|C|obs_002|obs_006,high
C,assessment_1,student_5,obs_002,obs_007,"Scenario 1 considers only the prerequisite pathway and does not incorporate the required approval condition, so eligibility is not established from both required inputs.","The submission contains conflicting definitions of the 'provable' function, which prevents the Lean code from compiling. The definitions in units 002, 005, and 009 are inconsistent and need to be resolved to ensure the code compiles correctly.",error,error,task,task,part_1,part_1,scenario_1,scenario_1,S1-R3|S1-R5,S1-R7,exact,compatible,no_overlap,0.2382912635803222,,,assessment_1|student_5|C|obs_002|obs_007,low_medium
C,assessment_1,student_5,obs_003,obs_015,"Scenario 3 cannot be verified because the Lean submission fails to compile after provable is redeclared using both def and opaque, producing a name conflict.","The student's propositions include variables for congestion, weather, fuel, and destination, but they do not explicitly label which proposition corresponds to each of the four concepts. The requirement asks to identify which propositions represent each of the four concepts, and the student's work does not clearly make this mapping explicit.",error,error,task,task,part_1,part_1,scenario_3,scenario_3,S3-R8,S3-R1,exact,compatible,no_overlap,0.1704583317041397,,,assessment_1|student_5|C|obs_003|obs_015,very_low
C,assessment_1,student_5,obs_003,obs_016,"Scenario 3 cannot be verified because the Lean submission fails to compile after provable is redeclared using both def and opaque, producing a name conflict.","The student's proof does not explicitly represent 'safe weather' as the negation of 'unsafe weather'. The formalisation note in the task description requires this representation, but it is not present in the submitted evidence.",error,error,task,task,part_1,part_1,scenario_3,scenario_3,S3-R8,S3-R2,exact,compatible,no_overlap,0.2358721494674682,,,assessment_1|student_5|C|obs_003|obs_016,low_medium
C,assessment_1,student_5,obs_003,obs_017,"Scenario 3 cannot be verified because the Lean submission fails to compile after provable is redeclared using both def and opaque, producing a name conflict.",The student's proof does not explicitly formalise the 'only if' condition with the correct implication direction. The formalisation of the 'only if' statement should be explicitly addressed to meet the requirement.,error,error,task,task,part_1,part_1,scenario_3,scenario_3,S3-R8,S3-R3,exact,compatible,no_overlap,0.1869565546512603,,,assessment_1|student_5|C|obs_003|obs_017,very_low
C,assessment_1,student_5,obs_003,obs_018,"Scenario 3 cannot be verified because the Lean submission fails to compile after provable is redeclared using both def and opaque, producing a name conflict.",The student's work does not demonstrate the required formalisation that unsafe alternate-route weather implies the absence of congestion on the usual route. The proof attempts focus on different conditions and do not explicitly link these concepts.,error,error,task,task,part_1,part_1,scenario_3,scenario_3,S3-R8,S3-R4,exact,compatible,no_overlap,0.1790039241313934,,,assessment_1|student_5|C|obs_003|obs_018,very_low
C,assessment_1,student_5,obs_003,obs_021,"Scenario 3 cannot be verified because the Lean submission fails to compile after provable is redeclared using both def and opaque, producing a name conflict.","The submission includes formal proofs and logical structures, but it lacks the necessary explanatory comments to clarify the proposition mapping, the interpretation of 'only if', and the logical steps leading to the destination conclusion.",error,error,task,task,part_1,part_1,scenario_3,scenario_3,S3-R8,S3-R7,exact,compatible,no_overlap,0.3420503735542297,,,assessment_1|student_5|C|obs_003|obs_021,low_medium
C,assessment_1,student_5,obs_003,obs_022,"Scenario 3 cannot be verified because the Lean submission fails to compile after provable is redeclared using both def and opaque, producing a name conflict.",The compilation status of the submitted Lean code cannot be assessed as the preprocessing version does not include Lean compilation. Please ensure that the Lean code is compiled and verified for correctness.,error,suggestion,task,task,part_1,part_1,scenario_3,scenario_3,S3-R8,S3-R8,exact,potentially_compatible,exact,0.4816036820411682,,,assessment_1|student_5|C|obs_003|obs_022,boundary_low
C,assessment_1,student_5,obs_004,obs_031,All four Part 2 theorems are logically sound.,The student has successfully proven that provable (conj x False) leads to a contradiction. The proof is structured correctly and includes necessary comments explaining the reasoning. The use of axioms and logical steps is appropriate.,strength,strength,part,task,part_2,part_2,theorem_1|theorem_2|theorem_3|theorem_4,theorem_1,,T1-R1,human_broader,compatible,not_assessable,0.3821706175804138,,,assessment_1|student_5|C|obs_004|obs_031,boundary_low
C,assessment_1,student_5,obs_004,obs_032,All four Part 2 theorems are logically sound.,The student has successfully proven the required theorem using the provided axioms and logical reasoning. The proof is well-structured and includes comments explaining the reasoning steps. The use of case analysis and the application of the axioms are appropriate for the task.,strength,strength,part,task,part_2,part_2,theorem_1|theorem_2|theorem_3|theorem_4,theorem_1,,T1-R2,human_broader,compatible,not_assessable,0.3793864846229553,,,assessment_1|student_5|C|obs_004|obs_032,boundary_low
C,assessment_1,student_5,obs_004,obs_033,All four Part 2 theorems are logically sound.,The student's proof correctly uses the axioms AxConjElimRight and AxNotPrFalse as required for the requirement. The proof is well-structured and includes comments explaining the use of these axioms.,strength,strength,part,task,part_2,part_2,theorem_1|theorem_2|theorem_3|theorem_4,theorem_1,,T1-R3,human_broader,compatible,not_assessable,0.3409377336502075,,,assessment_1|student_5|C|obs_004|obs_033,low_medium
C,assessment_1,student_5,obs_004,obs_034,All four Part 2 theorems are logically sound.,The student has correctly explained both conjuncts of the theorem. The proof includes detailed comments that clarify the logical steps for both parts of the theorem.,strength,strength,part,task,part_2,part_2,theorem_1|theorem_2|theorem_3|theorem_4,theorem_1,,T1-R4,human_broader,compatible,not_assessable,0.5887028574943542,,,assessment_1|student_5|C|obs_004|obs_034,boundary_high
C,assessment_1,student_5,obs_004,obs_035,All four Part 2 theorems are logically sound.,The theorem 'ex1' is correctly compiled with a term-style proof. The proof uses the provided axioms to construct the proof and does not contain any 'sorry' markers.,strength,strength,part,task,part_2,part_2,theorem_1|theorem_2|theorem_3|theorem_4,theorem_1,,T1-R5,human_broader,compatible,not_assessable,0.4347009658813476,,,assessment_1|student_5|C|obs_004|obs_035,boundary_low
C,assessment_1,student_5,obs_004,obs_036,All four Part 2 theorems are logically sound.,"The student has successfully implemented the proof for the requirement, using the provided axioms and including explanatory comments. The proof is correct and meets the requirement.",strength,strength,part,task,part_2,part_2,theorem_1|theorem_2|theorem_3|theorem_4,theorem_2,,T2-R1,human_broader,compatible,not_assessable,0.335715502500534,,,assessment_1|student_5|C|obs_004|obs_036,low_medium
C,assessment_1,student_5,obs_004,obs_037,All four Part 2 theorems are logically sound.,"The student has successfully derived provable y from the contradiction, demonstrating correct proof correctness. The comments in the proof body provide necessary explanations for the steps taken.",strength,strength,part,task,part_2,part_2,theorem_1|theorem_2|theorem_3|theorem_4,theorem_2,,T2-R2,human_broader,compatible,not_assessable,0.4041793346405029,,,assessment_1|student_5|C|obs_004|obs_037,boundary_low
C,assessment_1,student_5,obs_004,obs_038,All four Part 2 theorems are logically sound.,The student has correctly applied the conjunction-elimination and falsehood axioms in the proof of theorem ex2. The use of AxConjElimRight and AxNotPrFalse is appropriate and well-explained with comments.,strength,strength,part,task,part_2,part_2,theorem_1|theorem_2|theorem_3|theorem_4,theorem_2,,T2-R3,human_broader,compatible,not_assessable,0.5100340247154236,,,assessment_1|student_5|C|obs_004|obs_038,boundary_high
C,assessment_1,student_5,obs_004,obs_040,All four Part 2 theorems are logically sound.,"The theorem 'ex2' is correctly defined and its proof is provided, using the necessary axioms. The comments in the proof body explain the logical steps, which supports the compilation and correctness of the theorem.",strength,strength,part,task,part_2,part_2,theorem_1|theorem_2|theorem_3|theorem_4,theorem_2,,T2-R5,human_broader,compatible,not_assessable,0.4758651852607727,,,assessment_1|student_5|C|obs_004|obs_040,boundary_low
C,assessment_1,student_5,obs_004,obs_041,All four Part 2 theorems are logically sound.,"The student's proof demonstrates the ability to extract provable components from a nested conjunction. The use of the provided axioms and the logical steps taken to recombine the components meet the requirement. The comments in the proof body provide some explanation, but more detailed comments could enhance clarity.",strength,strength,part,task,part_2,part_2,theorem_1|theorem_2|theorem_3|theorem_4,theorem_3,,T3-R1,human_broader,compatible,not_assessable,0.4045431613922119,,,assessment_1|student_5|C|obs_004|obs_041,boundary_low
C,assessment_1,student_5,obs_004,obs_042,All four Part 2 theorems are logically sound.,The student has successfully constructed a proof for the requirement. The proof uses the provided axioms to extract and recombine components of the nested conjunction. The comments in the proof provide explanations of the steps taken.,strength,strength,part,task,part_2,part_2,theorem_1|theorem_2|theorem_3|theorem_4,theorem_3,,T3-R2,human_broader,compatible,not_assessable,0.3254352211952209,,,assessment_1|student_5|C|obs_004|obs_042,low_medium
C,assessment_1,student_5,obs_004,obs_043,All four Part 2 theorems are logically sound.,"The student has successfully constructed a proof that meets the requirement. The proof uses the provided axioms to extract and recombine components, demonstrating correct reasoning. The comments in the code provide explanations of each step, which is good practice.",strength,strength,part,task,part_2,part_2,theorem_1|theorem_2|theorem_3|theorem_4,theorem_3,,T3-R3,human_broader,compatible,not_assessable,0.392865389585495,,,assessment_1|student_5|C|obs_004|obs_043,boundary_low
C,assessment_1,student_5,obs_004,obs_044,All four Part 2 theorems are logically sound.,"The student has successfully applied the required axioms to prove the theorem. The use of AxConjElimLeft, AxConjElimRight, and AxConjIntro is appropriate and correctly implemented.",strength,strength,part,task,part_2,part_2,theorem_1|theorem_2|theorem_3|theorem_4,theorem_3,,T3-R4,human_broader,compatible,not_assessable,0.3809552192687988,,,assessment_1|student_5|C|obs_004|obs_044,boundary_low
C,assessment_1,student_5,obs_004,obs_045,All four Part 2 theorems are logically sound.,The student has provided a clear and detailed explanation of the elimination and reconstruction steps in the proof. The comments in the code clearly label each step and describe the logical operations involved. This meets the requirement for explaining the steps.,strength,strength,part,task,part_2,part_2,theorem_1|theorem_2|theorem_3|theorem_4,theorem_3,,T3-R5,human_broader,compatible,not_assessable,0.3389953970909118,,,assessment_1|student_5|C|obs_004|obs_045,low_medium
C,assessment_1,student_5,obs_004,obs_046,All four Part 2 theorems are logically sound.,"The theorem_3 component compiles correctly with the provided axioms. The proof uses the defined axioms for conjunction elimination and introduction, and the theorem is properly declared with no 'sorry' markers.",strength,strength,part,task,part_2,part_2,theorem_1|theorem_2|theorem_3|theorem_4,theorem_3,,T3-R6,human_broader,compatible,not_assessable,0.5286296010017395,,,assessment_1|student_5|C|obs_004|obs_046,boundary_high
C,assessment_1,student_5,obs_004,obs_047,All four Part 2 theorems are logically sound.,"The student has met the requirement by proving the theorem using the given assumptions. The proof is structured correctly and uses the necessary axioms. The comments in the proof provide some explanation, but more detailed comments could be added for clarity.",strength,strength,part,task,part_2,part_2,theorem_1|theorem_2|theorem_3|theorem_4,theorem_4,,T4-R1,human_broader,compatible,not_assessable,0.4387589693069458,,,assessment_1|student_5|C|obs_004|obs_047,boundary_low
C,assessment_1,student_5,obs_004,obs_048,All four Part 2 theorems are logically sound.,"The student's proof correctly uses AxConjIntro to derive the conclusion. The proof by contradiction approach is appropriately applied, and the use of the axiom is evident in the proof body.",strength,strength,part,task,part_2,part_2,theorem_1|theorem_2|theorem_3|theorem_4,theorem_4,,T4-R2,human_broader,compatible,not_assessable,0.3186980485916137,,,assessment_1|student_5|C|obs_004|obs_048,low_medium
C,assessment_1,student_5,obs_004,obs_049,All four Part 2 theorems are logically sound.,"The student has successfully implemented the proof using the contradiction with ¬ provable (conj x y) to establish ¬ provable y. The proof is well-structured and uses the provided axioms appropriately. The comments in the proof body provide some context, but could be more detailed.",strength,strength,part,task,part_2,part_2,theorem_1|theorem_2|theorem_3|theorem_4,theorem_4,,T4-R3,human_broader,compatible,not_assessable,0.3384523391723633,,,assessment_1|student_5|C|obs_004|obs_049,low_medium
C,assessment_1,student_5,obs_004,obs_050,All four Part 2 theorems are logically sound.,The student has correctly applied the AxConjIntro axiom with the required arguments in the proof for theorem ex4. The use of AxConjIntro with provable x and provable y is consistent with the requirement.,strength,strength,part,task,part_2,part_2,theorem_1|theorem_2|theorem_3|theorem_4,theorem_4,,T4-R4,human_broader,compatible,not_assessable,0.3935533165931701,,,assessment_1|student_5|C|obs_004|obs_050,boundary_low
C,assessment_1,student_5,obs_004,obs_051,All four Part 2 theorems are logically sound.,The student has demonstrated an understanding of the contradiction-based proof strategy by implementing a proof by contradiction in the theorem ex4. The proof body includes comments that explain the assumption of provable y and the subsequent contradiction.,strength,strength,part,task,part_2,part_2,theorem_1|theorem_2|theorem_3|theorem_4,theorem_4,,T4-R5,human_broader,compatible,not_assessable,0.5061749219894409,,,assessment_1|student_5|C|obs_004|obs_051,boundary_high
C,assessment_1,student_5,obs_004,obs_052,All four Part 2 theorems are logically sound.,"The theorem_4 component compiles successfully. The theorem is correctly defined with a proof body, and all supporting axioms are present and properly structured. The code is well-formed and does not contain any syntax errors.",strength,strength,part,task,part_2,part_2,theorem_1|theorem_2|theorem_3|theorem_4,theorem_4,,T4-R6,human_broader,compatible,not_assessable,0.5648133754730225,,,assessment_1|student_5|C|obs_004|obs_052,boundary_high
C,assessment_1,student_5,obs_005,obs_034,The Part 2 theorems are well explained.,The student has correctly explained both conjuncts of the theorem. The proof includes detailed comments that clarify the logical steps for both parts of the theorem.,strength,strength,part,task,part_2,part_2,theorem_1|theorem_2|theorem_3|theorem_4,theorem_1,T1-R4|T2-R4|T3-R5|T4-R5,T1-R4,human_broader,compatible,overlap,0.6810675859451294,,,assessment_1|student_5|C|obs_005|obs_034,high
C,assessment_1,student_5,obs_005,obs_045,The Part 2 theorems are well explained.,The student has provided a clear and detailed explanation of the elimination and reconstruction steps in the proof. The comments in the code clearly label each step and describe the logical operations involved. This meets the requirement for explaining the steps.,strength,strength,part,task,part_2,part_2,theorem_1|theorem_2|theorem_3|theorem_4,theorem_3,T1-R4|T2-R4|T3-R5|T4-R5,T3-R5,human_broader,compatible,overlap,0.3350852131843567,,,assessment_1|student_5|C|obs_005|obs_045,low_medium
C,assessment_1,student_5,obs_005,obs_051,The Part 2 theorems are well explained.,The student has demonstrated an understanding of the contradiction-based proof strategy by implementing a proof by contradiction in the theorem ex4. The proof body includes comments that explain the assumption of provable y and the subsequent contradiction.,strength,strength,part,task,part_2,part_2,theorem_1|theorem_2|theorem_3|theorem_4,theorem_4,T1-R4|T2-R4|T3-R5|T4-R5,T4-R5,human_broader,compatible,overlap,0.35976442694664,,,assessment_1|student_5|C|obs_005|obs_051,boundary_low
D,assessment_1,student_5,obs_001,obs_001,The submission is good overall.,"Your submitted proof includes case analysis on the disjunctions x1 ∨ x2 and y1 ∨ y2, which directly formalises the prerequisite requirement as the disjunction x1 ∨ x2. The proof body uses the disjunctions, which is relevant to the requirement.",strength,strength,overall,task,,part_1,,scenario_1,,S1-R1,unknown,compatible,not_assessable,0.060004349797964,,,assessment_1|student_5|D|obs_001|obs_001,very_low
D,assessment_1,student_5,obs_001,obs_002,The submission is good overall.,"The submission correctly formalizes the approval requirement as the disjunction y1 ∨ y2. The proof body references y1 and y2 and uses case analysis on y1 ∨ y2, which directly satisfies the requirement to represent the approval requirement as the disjunction y1 ∨ y2.",strength,strength,overall,task,,part_1,,scenario_1,,S1-R2,unknown,compatible,not_assessable,0.2204371988773346,,,assessment_1|student_5|D|obs_001|obs_002,low_medium
D,assessment_1,student_5,obs_001,obs_003,The submission is good overall.,"The proof demonstrates an attempt to satisfy both the prerequisite and approval requirements. It uses case analysis on the disjunctions x1 ∨ x2 and y1 ∨ y2, and applies hypotheses h1, h3, and h4 to derive provable z. The proof handles all four combinations of x1, x2, y1, and y2 through case analysis and explicitly addresses both conditions.",strength,strength,overall,task,,part_1,,scenario_1,,S1-R3,unknown,compatible,not_assessable,0.1127370968461036,,,assessment_1|student_5|D|obs_001|obs_003,very_low
D,assessment_1,student_5,obs_001,obs_004,The submission is good overall.,Your submitted proof correctly handles all four combinations of the disjunctions through nested case analysis. The proof is complete and fully addresses the target proposition.,strength,strength,overall,task,,part_1,,scenario_1,,S1-R4,unknown,compatible,not_assessable,0.1533334553241729,,,assessment_1|student_5|D|obs_001|obs_004,very_low
D,assessment_1,student_5,obs_001,obs_005,The submission is good overall.,"The proof in the submission uses case analysis on the disjunctions and fully constructs the target proposition z by applying the hypotheses h1, h3, and h4 as per the case analysis. The proof connects the disjunction assumptions to the conclusion z as required.",strength,strength,overall,task,,part_1,,scenario_1,,S1-R5,unknown,compatible,not_assessable,0.1706580817699432,,,assessment_1|student_5|D|obs_001|obs_005,very_low
D,assessment_1,student_5,obs_001,obs_008,The submission is good overall.,The proof attempt correctly addresses the requirement to use the exact logical implication. The main answer unit proves a ∧ d by directly linking the premises to the conclusion using the logical implication.,strength,strength,overall,task,,part_1,,scenario_2,,S2-R1,unknown,compatible,not_assessable,0.1133098751306533,,,assessment_1|student_5|D|obs_001|obs_008,very_low
D,assessment_1,student_5,obs_001,obs_009,The submission is good overall.,The student's proof correctly derives d from b and b → d. The proof uses case analysis and contradiction to achieve the goal. The proof is well-structured and directly addresses the requirement.,strength,strength,overall,task,,part_1,,scenario_2,,S2-R2,unknown,compatible,not_assessable,0.1012852042913436,,,assessment_1|student_5|D|obs_001|obs_009,very_low
D,assessment_1,student_5,obs_001,obs_010,The submission is good overall.,The student has provided a proof that uses the given assumptions to derive the target statement. The proof uses case analysis and contradiction to establish the conclusion. The proof is well-structured and includes comments explaining the reasoning.,strength,strength,overall,task,,part_1,,scenario_2,,S2-R3,unknown,compatible,not_assessable,0.0997917503118515,,,assessment_1|student_5|D|obs_001|obs_010,very_low
D,assessment_1,student_5,obs_001,obs_011,The submission is good overall.,The student has successfully constructed the final conjunction a ∧ d using a proof by contradiction and case analysis. The proof is well-structured and directly addresses the requirement.,strength,strength,overall,task,,part_1,,scenario_2,,S2-R4,unknown,compatible,not_assessable,0.1178683787584304,,,assessment_1|student_5|D|obs_001|obs_011,very_low
D,assessment_1,student_5,obs_001,obs_012,The submission is good overall.,"The proof strategy used is valid and supported by the Lean environment. The proof uses case analysis and proof by contradiction to derive the target proposition, which is consistent with the requirement for classical reasoning.",strength,strength,overall,task,,part_1,,scenario_2,,S2-R5,unknown,compatible,not_assessable,0.0996645092964172,,,assessment_1|student_5|D|obs_001|obs_012,very_low
D,assessment_1,student_5,obs_001,obs_013,The submission is good overall.,The student's proof in unit_004 demonstrates how the assumptions lead to 'a ∧ d' through case analysis and contradiction. The explanation is grounded in the provided proof structure.,strength,strength,overall,task,,part_1,,scenario_2,,S2-R6,unknown,compatible,not_assessable,0.039661668241024,,,assessment_1|student_5|D|obs_001|obs_013,very_low
D,assessment_1,student_5,obs_001,obs_015,The submission is good overall.,"Your submitted work includes propositions that clearly represent the four concepts: heavy congestion (c), unsafe weather (w), sufficient fuel (f), and destination reached (d). The requirement is fully met as the student-defined propositions explicitly correspond to each of the four concepts.",strength,strength,overall,task,,part_1,,scenario_3,,S3-R1,unknown,compatible,not_assessable,0.1366214454174041,,,assessment_1|student_5|D|obs_001|obs_015,very_low
D,assessment_1,student_5,obs_001,obs_016,The submission is good overall.,"The student's proof does not explicitly represent 'safe weather' as the negation of 'unsafe weather', but the logical structure of the proof content suggests a representation of 'safe weather' as the negation of 'unsafe_weather' through the use of logical negation.",strength,suggestion,overall,task,,part_1,,scenario_3,,S3-R2,unknown,potentially_compatible,not_assessable,0.0444378927350044,,,assessment_1|student_5|D|obs_001|obs_016,very_low
D,assessment_1,student_5,obs_001,obs_017,The submission is good overall.,"The student's proof includes a case analysis that attempts to handle the conditions, which is relevant to the 'only if' interpretation. The proof uses case analysis but does not clearly demonstrate the correct logical implication direction for the 'only if' condition.",strength,suggestion,overall,task,,part_1,,scenario_3,,S3-R3,unknown,potentially_compatible,not_assessable,0.0046993102878332,,,assessment_1|student_5|D|obs_001|obs_017,very_low
D,assessment_1,student_5,obs_001,obs_018,The submission is good overall.,"The student's work partially meets the requirement. There is a proof attempt in artifact_001_unit_006 that attempts to link unsafe alternate-route weather to the absence of congestion on the usual route, but it does not explicitly formalise this implication.",strength,suggestion,overall,task,,part_1,,scenario_3,,S3-R4,unknown,potentially_compatible,not_assessable,0.0,,,assessment_1|student_5|D|obs_001|obs_018,very_low
D,assessment_1,student_5,obs_001,obs_019,The submission is good overall.,The student has provided a proof that correctly derives the proposition mapped to destination_reached from the student's formalised assumptions. The proof uses case analysis on the disjunction c ∨ w and applies the given conditions to derive the conclusion d. The proof is structured to handle both scenarios as required by the scenario conditions.,strength,strength,overall,task,,part_1,,scenario_3,,S3-R5,unknown,compatible,not_assessable,0.082026906311512,,,assessment_1|student_5|D|obs_001|obs_019,very_low
D,assessment_1,student_5,obs_001,obs_020,The submission is good overall.,"The proof correctly preserves the intended meaning of the scenario, even with different proposition names or theorem structure. The student's approach aligns with the requirement to formalize the autonomous vehicle route conditions and prove that the car reaches the destination.",strength,strength,overall,task,,part_1,,scenario_3,,S3-R6,unknown,compatible,not_assessable,0.1424260735511779,,,assessment_1|student_5|D|obs_001|obs_020,very_low
D,assessment_1,student_5,obs_001,obs_022,The submission is good overall.,The compilation status of the submitted Lean code cannot be assessed as the preprocessing version does not include Lean compilation. Please ensure that the Lean code is compiled and verified for correctness.,strength,suggestion,overall,task,,part_1,,scenario_3,,S3-R8,unknown,potentially_compatible,not_assessable,0.140507161617279,,,assessment_1|student_5|D|obs_001|obs_022,very_low
D,assessment_1,student_5,obs_001,obs_023,The submission is good overall.,The student has successfully proven the target statement using the exact implication required by the brief. The proof is structured correctly and uses the given assumptions to derive the conclusion.,strength,strength,overall,task,,part_1,,scenario_4,,S4-R1,unknown,compatible,not_assessable,0.1683724075555801,,,assessment_1|student_5|D|obs_001|obs_023,very_low
D,assessment_1,student_5,obs_001,obs_024,The submission is good overall.,The student has correctly derived r from t and t -> r using the provided proof steps. The proof includes the necessary logical steps to achieve the goal.,strength,strength,overall,task,,part_1,,scenario_4,,S4-R2,unknown,compatible,not_assessable,0.124668501317501,,,assessment_1|student_5|D|obs_001|obs_024,very_low
D,assessment_1,student_5,obs_001,obs_025,The submission is good overall.,The student has correctly derived m from r and r -> m using the provided proof steps. The proof is structured and follows the logical steps required for the assessment requirement.,strength,strength,overall,task,,part_1,,scenario_4,,S4-R3,unknown,compatible,not_assessable,0.182735800743103,,,assessment_1|student_5|D|obs_001|obs_025,very_low
D,assessment_1,student_5,obs_001,obs_026,The submission is good overall.,The student has successfully derived ¬f using the given assumptions and logical steps. The proof is well-structured and directly addresses the requirement to derive ¬f.,strength,strength,overall,task,,part_1,,scenario_4,,S4-R4,unknown,compatible,not_assessable,0.1480590999126434,,,assessment_1|student_5|D|obs_001|obs_026,very_low
D,assessment_1,student_5,obs_001,obs_027,The submission is good overall.,The student has correctly constructed the final result r ∧ m ∧ ¬f with the correct conjunction structure. The proof uses the Or.elim tactic to handle the disjunction h4 and combines the derived propositions using And.intro to construct the final conjunction.,strength,strength,overall,task,,part_1,,scenario_4,,S4-R5,unknown,compatible,not_assessable,0.1272676885128021,,,assessment_1|student_5|D|obs_001|obs_027,very_low
D,assessment_1,student_5,obs_001,obs_029,The submission is good overall.,"The student has provided a complete explanation of the derivation of r, m, and ¬f. The proof includes comments that explain the logical steps, making the reasoning clear. The explanation is well-supported by the formal proof in the submission.",strength,strength,overall,task,,part_1,,scenario_4,,S4-R7,unknown,compatible,not_assessable,0.1638853847980499,,,assessment_1|student_5|D|obs_001|obs_029,very_low
D,assessment_1,student_5,obs_001,obs_031,The submission is good overall.,The student has successfully proven that provable (conj x False) leads to a contradiction. The proof is structured correctly and includes necessary comments explaining the reasoning. The use of axioms and logical steps is appropriate.,strength,strength,overall,task,,part_2,,theorem_1,,T1-R1,unknown,compatible,not_assessable,0.118351012468338,,,assessment_1|student_5|D|obs_001|obs_031,very_low
D,assessment_1,student_5,obs_001,obs_032,The submission is good overall.,The student has successfully proven the required theorem using the provided axioms and logical reasoning. The proof is well-structured and includes comments explaining the reasoning steps. The use of case analysis and the application of the axioms are appropriate for the task.,strength,strength,overall,task,,part_2,,theorem_1,,T1-R2,unknown,compatible,not_assessable,0.1706627309322357,,,assessment_1|student_5|D|obs_001|obs_032,very_low
D,assessment_1,student_5,obs_001,obs_033,The submission is good overall.,The student's proof correctly uses the axioms AxConjElimRight and AxNotPrFalse as required for the requirement. The proof is well-structured and includes comments explaining the use of these axioms.,strength,strength,overall,task,,part_2,,theorem_1,,T1-R3,unknown,compatible,not_assessable,0.1211217939853668,,,assessment_1|student_5|D|obs_001|obs_033,very_low
D,assessment_1,student_5,obs_001,obs_034,The submission is good overall.,The student has correctly explained both conjuncts of the theorem. The proof includes detailed comments that clarify the logical steps for both parts of the theorem.,strength,strength,overall,task,,part_2,,theorem_1,,T1-R4,unknown,compatible,not_assessable,0.1346812844276428,,,assessment_1|student_5|D|obs_001|obs_034,very_low
D,assessment_1,student_5,obs_001,obs_035,The submission is good overall.,The theorem 'ex1' is correctly compiled with a term-style proof. The proof uses the provided axioms to construct the proof and does not contain any 'sorry' markers.,strength,strength,overall,task,,part_2,,theorem_1,,T1-R5,unknown,compatible,not_assessable,0.1086090579628944,,,assessment_1|student_5|D|obs_001|obs_035,very_low
D,assessment_1,student_5,obs_001,obs_036,The submission is good overall.,"The student has successfully implemented the proof for the requirement, using the provided axioms and including explanatory comments. The proof is correct and meets the requirement.",strength,strength,overall,task,,part_2,,theorem_2,,T2-R1,unknown,compatible,not_assessable,0.1828756332397461,,,assessment_1|student_5|D|obs_001|obs_036,very_low
D,assessment_1,student_5,obs_001,obs_037,The submission is good overall.,"The student has successfully derived provable y from the contradiction, demonstrating correct proof correctness. The comments in the proof body provide necessary explanations for the steps taken.",strength,strength,overall,task,,part_2,,theorem_2,,T2-R2,unknown,compatible,not_assessable,0.1553400158882141,,,assessment_1|student_5|D|obs_001|obs_037,very_low
D,assessment_1,student_5,obs_001,obs_038,The submission is good overall.,The student has correctly applied the conjunction-elimination and falsehood axioms in the proof of theorem ex2. The use of AxConjElimRight and AxNotPrFalse is appropriate and well-explained with comments.,strength,strength,overall,task,,part_2,,theorem_2,,T2-R3,unknown,compatible,not_assessable,0.0973501205444336,,,assessment_1|student_5|D|obs_001|obs_038,very_low
D,assessment_1,student_5,obs_001,obs_040,The submission is good overall.,"The theorem 'ex2' is correctly defined and its proof is provided, using the necessary axioms. The comments in the proof body explain the logical steps, which supports the compilation and correctness of the theorem.",strength,strength,overall,task,,part_2,,theorem_2,,T2-R5,unknown,compatible,not_assessable,0.1029574871063232,,,assessment_1|student_5|D|obs_001|obs_040,very_low
D,assessment_1,student_5,obs_001,obs_041,The submission is good overall.,"The student's proof demonstrates the ability to extract provable components from a nested conjunction. The use of the provided axioms and the logical steps taken to recombine the components meet the requirement. The comments in the proof body provide some explanation, but more detailed comments could enhance clarity.",strength,strength,overall,task,,part_2,,theorem_3,,T3-R1,unknown,compatible,not_assessable,0.0718142241239547,,,assessment_1|student_5|D|obs_001|obs_041,very_low
D,assessment_1,student_5,obs_001,obs_042,The submission is good overall.,The student has successfully constructed a proof for the requirement. The proof uses the provided axioms to extract and recombine components of the nested conjunction. The comments in the proof provide explanations of the steps taken.,strength,strength,overall,task,,part_2,,theorem_3,,T3-R2,unknown,compatible,not_assessable,0.0392069593071937,,,assessment_1|student_5|D|obs_001|obs_042,very_low
D,assessment_1,student_5,obs_001,obs_043,The submission is good overall.,"The student has successfully constructed a proof that meets the requirement. The proof uses the provided axioms to extract and recombine components, demonstrating correct reasoning. The comments in the code provide explanations of each step, which is good practice.",strength,strength,overall,task,,part_2,,theorem_3,,T3-R3,unknown,compatible,not_assessable,0.1528238952159881,,,assessment_1|student_5|D|obs_001|obs_043,very_low
D,assessment_1,student_5,obs_001,obs_044,The submission is good overall.,"The student has successfully applied the required axioms to prove the theorem. The use of AxConjElimLeft, AxConjElimRight, and AxConjIntro is appropriate and correctly implemented.",strength,strength,overall,task,,part_2,,theorem_3,,T3-R4,unknown,compatible,not_assessable,0.1101138591766357,,,assessment_1|student_5|D|obs_001|obs_044,very_low
D,assessment_1,student_5,obs_001,obs_045,The submission is good overall.,The student has provided a clear and detailed explanation of the elimination and reconstruction steps in the proof. The comments in the code clearly label each step and describe the logical operations involved. This meets the requirement for explaining the steps.,strength,strength,overall,task,,part_2,,theorem_3,,T3-R5,unknown,compatible,not_assessable,0.1653132438659668,,,assessment_1|student_5|D|obs_001|obs_045,very_low
D,assessment_1,student_5,obs_001,obs_046,The submission is good overall.,"The theorem_3 component compiles correctly with the provided axioms. The proof uses the defined axioms for conjunction elimination and introduction, and the theorem is properly declared with no 'sorry' markers.",strength,strength,overall,task,,part_2,,theorem_3,,T3-R6,unknown,compatible,not_assessable,0.087078720331192,,,assessment_1|student_5|D|obs_001|obs_046,very_low
D,assessment_1,student_5,obs_001,obs_047,The submission is good overall.,"The student has met the requirement by proving the theorem using the given assumptions. The proof is structured correctly and uses the necessary axioms. The comments in the proof provide some explanation, but more detailed comments could be added for clarity.",strength,strength,overall,task,,part_2,,theorem_4,,T4-R1,unknown,compatible,not_assessable,0.1022939831018447,,,assessment_1|student_5|D|obs_001|obs_047,very_low
D,assessment_1,student_5,obs_001,obs_048,The submission is good overall.,"The student's proof correctly uses AxConjIntro to derive the conclusion. The proof by contradiction approach is appropriately applied, and the use of the axiom is evident in the proof body.",strength,strength,overall,task,,part_2,,theorem_4,,T4-R2,unknown,compatible,not_assessable,0.1421529650688171,,,assessment_1|student_5|D|obs_001|obs_048,very_low
D,assessment_1,student_5,obs_001,obs_049,The submission is good overall.,"The student has successfully implemented the proof using the contradiction with ¬ provable (conj x y) to establish ¬ provable y. The proof is well-structured and uses the provided axioms appropriately. The comments in the proof body provide some context, but could be more detailed.",strength,strength,overall,task,,part_2,,theorem_4,,T4-R3,unknown,compatible,not_assessable,0.1091331392526626,,,assessment_1|student_5|D|obs_001|obs_049,very_low
D,assessment_1,student_5,obs_001,obs_050,The submission is good overall.,The student has correctly applied the AxConjIntro axiom with the required arguments in the proof for theorem ex4. The use of AxConjIntro with provable x and provable y is consistent with the requirement.,strength,strength,overall,task,,part_2,,theorem_4,,T4-R4,unknown,compatible,not_assessable,0.1380530446767807,,,assessment_1|student_5|D|obs_001|obs_050,very_low
D,assessment_1,student_5,obs_001,obs_051,The submission is good overall.,The student has demonstrated an understanding of the contradiction-based proof strategy by implementing a proof by contradiction in the theorem ex4. The proof body includes comments that explain the assumption of provable y and the subsequent contradiction.,strength,strength,overall,task,,part_2,,theorem_4,,T4-R5,unknown,compatible,not_assessable,0.0957743823528289,,,assessment_1|student_5|D|obs_001|obs_051,very_low
D,assessment_1,student_5,obs_001,obs_052,The submission is good overall.,"The theorem_4 component compiles successfully. The theorem is correctly defined with a proof body, and all supporting axioms are present and properly structured. The code is well-formed and does not contain any syntax errors.",strength,strength,overall,task,,part_2,,theorem_4,,T4-R6,unknown,compatible,not_assessable,0.1150281429290771,,,assessment_1|student_5|D|obs_001|obs_052,very_low
D,assessment_1,student_5,obs_002,obs_006,"Scenario 1 considers only the prerequisite pathway and does not incorporate the required approval condition, so eligibility is not established from both required inputs.","The proof demonstrates case analysis on the disjunctions, but it is incomplete and lacks a clear explanation of how the conditions establish eligibility. The explanation is missing, and the proof does not fully connect the prerequisite and approval conditions to the eligibility requirement.",error,error,task,task,part_1,part_1,scenario_1,scenario_1,S1-R3|S1-R5,S1-R6,exact,compatible,no_overlap,0.6569080352783203,,,assessment_1|student_5|D|obs_002|obs_006,high
D,assessment_1,student_5,obs_002,obs_007,"Scenario 1 considers only the prerequisite pathway and does not incorporate the required approval condition, so eligibility is not established from both required inputs.","The submission contains conflicting definitions of the 'provable' function, which prevents the Lean code from compiling. The definitions in units 002, 005, and 009 are inconsistent and need to be resolved to ensure the code compiles correctly.",error,error,task,task,part_1,part_1,scenario_1,scenario_1,S1-R3|S1-R5,S1-R7,exact,compatible,no_overlap,0.2382912635803222,,,assessment_1|student_5|D|obs_002|obs_007,low_medium
D,assessment_1,student_5,obs_003,obs_016,"Scenario 3 cannot be verified because the Lean submission fails to compile after provable is redeclared using both def and opaque, producing a name conflict.","The student's proof does not explicitly represent 'safe weather' as the negation of 'unsafe weather', but the logical structure of the proof content suggests a representation of 'safe weather' as the negation of 'unsafe_weather' through the use of logical negation.",error,suggestion,task,task,part_1,part_1,scenario_3,scenario_3,S3-R8,S3-R2,exact,potentially_compatible,no_overlap,0.1888436377048492,,,assessment_1|student_5|D|obs_003|obs_016,very_low
D,assessment_1,student_5,obs_003,obs_017,"Scenario 3 cannot be verified because the Lean submission fails to compile after provable is redeclared using both def and opaque, producing a name conflict.","The student's proof includes a case analysis that attempts to handle the conditions, which is relevant to the 'only if' interpretation. The proof uses case analysis but does not clearly demonstrate the correct logical implication direction for the 'only if' condition.",error,suggestion,task,task,part_1,part_1,scenario_3,scenario_3,S3-R8,S3-R3,exact,potentially_compatible,no_overlap,0.1851120591163635,,,assessment_1|student_5|D|obs_003|obs_017,very_low
D,assessment_1,student_5,obs_003,obs_018,"Scenario 3 cannot be verified because the Lean submission fails to compile after provable is redeclared using both def and opaque, producing a name conflict.","The student's work partially meets the requirement. There is a proof attempt in artifact_001_unit_006 that attempts to link unsafe alternate-route weather to the absence of congestion on the usual route, but it does not explicitly formalise this implication.",error,suggestion,task,task,part_1,part_1,scenario_3,scenario_3,S3-R8,S3-R4,exact,potentially_compatible,no_overlap,0.1620435416698455,,,assessment_1|student_5|D|obs_003|obs_018,very_low
D,assessment_1,student_5,obs_003,obs_021,"Scenario 3 cannot be verified because the Lean submission fails to compile after provable is redeclared using both def and opaque, producing a name conflict.","The submission includes formal proofs and logical structures, but it lacks the necessary explanatory comments to clarify the proposition mapping, the interpretation of 'only if', and the logical steps leading to the destination conclusion.",error,error,task,task,part_1,part_1,scenario_3,scenario_3,S3-R8,S3-R7,exact,compatible,no_overlap,0.3420503735542297,,,assessment_1|student_5|D|obs_003|obs_021,low_medium
D,assessment_1,student_5,obs_003,obs_022,"Scenario 3 cannot be verified because the Lean submission fails to compile after provable is redeclared using both def and opaque, producing a name conflict.",The compilation status of the submitted Lean code cannot be assessed as the preprocessing version does not include Lean compilation. Please ensure that the Lean code is compiled and verified for correctness.,error,suggestion,task,task,part_1,part_1,scenario_3,scenario_3,S3-R8,S3-R8,exact,potentially_compatible,exact,0.4816036820411682,,,assessment_1|student_5|D|obs_003|obs_022,boundary_low
D,assessment_1,student_5,obs_004,obs_031,All four Part 2 theorems are logically sound.,The student has successfully proven that provable (conj x False) leads to a contradiction. The proof is structured correctly and includes necessary comments explaining the reasoning. The use of axioms and logical steps is appropriate.,strength,strength,part,task,part_2,part_2,theorem_1|theorem_2|theorem_3|theorem_4,theorem_1,,T1-R1,human_broader,compatible,not_assessable,0.3821706175804138,,,assessment_1|student_5|D|obs_004|obs_031,boundary_low
D,assessment_1,student_5,obs_004,obs_032,All four Part 2 theorems are logically sound.,The student has successfully proven the required theorem using the provided axioms and logical reasoning. The proof is well-structured and includes comments explaining the reasoning steps. The use of case analysis and the application of the axioms are appropriate for the task.,strength,strength,part,task,part_2,part_2,theorem_1|theorem_2|theorem_3|theorem_4,theorem_1,,T1-R2,human_broader,compatible,not_assessable,0.3793864846229553,,,assessment_1|student_5|D|obs_004|obs_032,boundary_low
D,assessment_1,student_5,obs_004,obs_033,All four Part 2 theorems are logically sound.,The student's proof correctly uses the axioms AxConjElimRight and AxNotPrFalse as required for the requirement. The proof is well-structured and includes comments explaining the use of these axioms.,strength,strength,part,task,part_2,part_2,theorem_1|theorem_2|theorem_3|theorem_4,theorem_1,,T1-R3,human_broader,compatible,not_assessable,0.3409377336502075,,,assessment_1|student_5|D|obs_004|obs_033,low_medium
D,assessment_1,student_5,obs_004,obs_034,All four Part 2 theorems are logically sound.,The student has correctly explained both conjuncts of the theorem. The proof includes detailed comments that clarify the logical steps for both parts of the theorem.,strength,strength,part,task,part_2,part_2,theorem_1|theorem_2|theorem_3|theorem_4,theorem_1,,T1-R4,human_broader,compatible,not_assessable,0.5887028574943542,,,assessment_1|student_5|D|obs_004|obs_034,boundary_high
D,assessment_1,student_5,obs_004,obs_035,All four Part 2 theorems are logically sound.,The theorem 'ex1' is correctly compiled with a term-style proof. The proof uses the provided axioms to construct the proof and does not contain any 'sorry' markers.,strength,strength,part,task,part_2,part_2,theorem_1|theorem_2|theorem_3|theorem_4,theorem_1,,T1-R5,human_broader,compatible,not_assessable,0.4347009658813476,,,assessment_1|student_5|D|obs_004|obs_035,boundary_low
D,assessment_1,student_5,obs_004,obs_036,All four Part 2 theorems are logically sound.,"The student has successfully implemented the proof for the requirement, using the provided axioms and including explanatory comments. The proof is correct and meets the requirement.",strength,strength,part,task,part_2,part_2,theorem_1|theorem_2|theorem_3|theorem_4,theorem_2,,T2-R1,human_broader,compatible,not_assessable,0.335715502500534,,,assessment_1|student_5|D|obs_004|obs_036,low_medium
D,assessment_1,student_5,obs_004,obs_037,All four Part 2 theorems are logically sound.,"The student has successfully derived provable y from the contradiction, demonstrating correct proof correctness. The comments in the proof body provide necessary explanations for the steps taken.",strength,strength,part,task,part_2,part_2,theorem_1|theorem_2|theorem_3|theorem_4,theorem_2,,T2-R2,human_broader,compatible,not_assessable,0.4041793346405029,,,assessment_1|student_5|D|obs_004|obs_037,boundary_low
D,assessment_1,student_5,obs_004,obs_038,All four Part 2 theorems are logically sound.,The student has correctly applied the conjunction-elimination and falsehood axioms in the proof of theorem ex2. The use of AxConjElimRight and AxNotPrFalse is appropriate and well-explained with comments.,strength,strength,part,task,part_2,part_2,theorem_1|theorem_2|theorem_3|theorem_4,theorem_2,,T2-R3,human_broader,compatible,not_assessable,0.5100340247154236,,,assessment_1|student_5|D|obs_004|obs_038,boundary_high
D,assessment_1,student_5,obs_004,obs_040,All four Part 2 theorems are logically sound.,"The theorem 'ex2' is correctly defined and its proof is provided, using the necessary axioms. The comments in the proof body explain the logical steps, which supports the compilation and correctness of the theorem.",strength,strength,part,task,part_2,part_2,theorem_1|theorem_2|theorem_3|theorem_4,theorem_2,,T2-R5,human_broader,compatible,not_assessable,0.4758651852607727,,,assessment_1|student_5|D|obs_004|obs_040,boundary_low
D,assessment_1,student_5,obs_004,obs_041,All four Part 2 theorems are logically sound.,"The student's proof demonstrates the ability to extract provable components from a nested conjunction. The use of the provided axioms and the logical steps taken to recombine the components meet the requirement. The comments in the proof body provide some explanation, but more detailed comments could enhance clarity.",strength,strength,part,task,part_2,part_2,theorem_1|theorem_2|theorem_3|theorem_4,theorem_3,,T3-R1,human_broader,compatible,not_assessable,0.4045431613922119,,,assessment_1|student_5|D|obs_004|obs_041,boundary_low
D,assessment_1,student_5,obs_004,obs_042,All four Part 2 theorems are logically sound.,The student has successfully constructed a proof for the requirement. The proof uses the provided axioms to extract and recombine components of the nested conjunction. The comments in the proof provide explanations of the steps taken.,strength,strength,part,task,part_2,part_2,theorem_1|theorem_2|theorem_3|theorem_4,theorem_3,,T3-R2,human_broader,compatible,not_assessable,0.3254352211952209,,,assessment_1|student_5|D|obs_004|obs_042,low_medium
D,assessment_1,student_5,obs_004,obs_043,All four Part 2 theorems are logically sound.,"The student has successfully constructed a proof that meets the requirement. The proof uses the provided axioms to extract and recombine components, demonstrating correct reasoning. The comments in the code provide explanations of each step, which is good practice.",strength,strength,part,task,part_2,part_2,theorem_1|theorem_2|theorem_3|theorem_4,theorem_3,,T3-R3,human_broader,compatible,not_assessable,0.392865389585495,,,assessment_1|student_5|D|obs_004|obs_043,boundary_low
D,assessment_1,student_5,obs_004,obs_044,All four Part 2 theorems are logically sound.,"The student has successfully applied the required axioms to prove the theorem. The use of AxConjElimLeft, AxConjElimRight, and AxConjIntro is appropriate and correctly implemented.",strength,strength,part,task,part_2,part_2,theorem_1|theorem_2|theorem_3|theorem_4,theorem_3,,T3-R4,human_broader,compatible,not_assessable,0.3809552192687988,,,assessment_1|student_5|D|obs_004|obs_044,boundary_low
D,assessment_1,student_5,obs_004,obs_045,All four Part 2 theorems are logically sound.,The student has provided a clear and detailed explanation of the elimination and reconstruction steps in the proof. The comments in the code clearly label each step and describe the logical operations involved. This meets the requirement for explaining the steps.,strength,strength,part,task,part_2,part_2,theorem_1|theorem_2|theorem_3|theorem_4,theorem_3,,T3-R5,human_broader,compatible,not_assessable,0.3389953970909118,,,assessment_1|student_5|D|obs_004|obs_045,low_medium
D,assessment_1,student_5,obs_004,obs_046,All four Part 2 theorems are logically sound.,"The theorem_3 component compiles correctly with the provided axioms. The proof uses the defined axioms for conjunction elimination and introduction, and the theorem is properly declared with no 'sorry' markers.",strength,strength,part,task,part_2,part_2,theorem_1|theorem_2|theorem_3|theorem_4,theorem_3,,T3-R6,human_broader,compatible,not_assessable,0.5286296010017395,,,assessment_1|student_5|D|obs_004|obs_046,boundary_high
D,assessment_1,student_5,obs_004,obs_047,All four Part 2 theorems are logically sound.,"The student has met the requirement by proving the theorem using the given assumptions. The proof is structured correctly and uses the necessary axioms. The comments in the proof provide some explanation, but more detailed comments could be added for clarity.",strength,strength,part,task,part_2,part_2,theorem_1|theorem_2|theorem_3|theorem_4,theorem_4,,T4-R1,human_broader,compatible,not_assessable,0.4387589693069458,,,assessment_1|student_5|D|obs_004|obs_047,boundary_low
D,assessment_1,student_5,obs_004,obs_048,All four Part 2 theorems are logically sound.,"The student's proof correctly uses AxConjIntro to derive the conclusion. The proof by contradiction approach is appropriately applied, and the use of the axiom is evident in the proof body.",strength,strength,part,task,part_2,part_2,theorem_1|theorem_2|theorem_3|theorem_4,theorem_4,,T4-R2,human_broader,compatible,not_assessable,0.3186980485916137,,,assessment_1|student_5|D|obs_004|obs_048,low_medium
D,assessment_1,student_5,obs_004,obs_049,All four Part 2 theorems are logically sound.,"The student has successfully implemented the proof using the contradiction with ¬ provable (conj x y) to establish ¬ provable y. The proof is well-structured and uses the provided axioms appropriately. The comments in the proof body provide some context, but could be more detailed.",strength,strength,part,task,part_2,part_2,theorem_1|theorem_2|theorem_3|theorem_4,theorem_4,,T4-R3,human_broader,compatible,not_assessable,0.3384523391723633,,,assessment_1|student_5|D|obs_004|obs_049,low_medium
D,assessment_1,student_5,obs_004,obs_050,All four Part 2 theorems are logically sound.,The student has correctly applied the AxConjIntro axiom with the required arguments in the proof for theorem ex4. The use of AxConjIntro with provable x and provable y is consistent with the requirement.,strength,strength,part,task,part_2,part_2,theorem_1|theorem_2|theorem_3|theorem_4,theorem_4,,T4-R4,human_broader,compatible,not_assessable,0.3935533165931701,,,assessment_1|student_5|D|obs_004|obs_050,boundary_low
D,assessment_1,student_5,obs_004,obs_051,All four Part 2 theorems are logically sound.,The student has demonstrated an understanding of the contradiction-based proof strategy by implementing a proof by contradiction in the theorem ex4. The proof body includes comments that explain the assumption of provable y and the subsequent contradiction.,strength,strength,part,task,part_2,part_2,theorem_1|theorem_2|theorem_3|theorem_4,theorem_4,,T4-R5,human_broader,compatible,not_assessable,0.5061749219894409,,,assessment_1|student_5|D|obs_004|obs_051,boundary_high
D,assessment_1,student_5,obs_004,obs_052,All four Part 2 theorems are logically sound.,"The theorem_4 component compiles successfully. The theorem is correctly defined with a proof body, and all supporting axioms are present and properly structured. The code is well-formed and does not contain any syntax errors.",strength,strength,part,task,part_2,part_2,theorem_1|theorem_2|theorem_3|theorem_4,theorem_4,,T4-R6,human_broader,compatible,not_assessable,0.5648133754730225,,,assessment_1|student_5|D|obs_004|obs_052,boundary_high
D,assessment_1,student_5,obs_005,obs_034,The Part 2 theorems are well explained.,The student has correctly explained both conjuncts of the theorem. The proof includes detailed comments that clarify the logical steps for both parts of the theorem.,strength,strength,part,task,part_2,part_2,theorem_1|theorem_2|theorem_3|theorem_4,theorem_1,T1-R4|T2-R4|T3-R5|T4-R5,T1-R4,human_broader,compatible,overlap,0.6810675859451294,,,assessment_1|student_5|D|obs_005|obs_034,high
D,assessment_1,student_5,obs_005,obs_045,The Part 2 theorems are well explained.,The student has provided a clear and detailed explanation of the elimination and reconstruction steps in the proof. The comments in the code clearly label each step and describe the logical operations involved. This meets the requirement for explaining the steps.,strength,strength,part,task,part_2,part_2,theorem_1|theorem_2|theorem_3|theorem_4,theorem_3,T1-R4|T2-R4|T3-R5|T4-R5,T3-R5,human_broader,compatible,overlap,0.3350852131843567,,,assessment_1|student_5|D|obs_005|obs_045,low_medium
D,assessment_1,student_5,obs_005,obs_051,The Part 2 theorems are well explained.,The student has demonstrated an understanding of the contradiction-based proof strategy by implementing a proof by contradiction in the theorem ex4. The proof body includes comments that explain the assumption of provable y and the subsequent contradiction.,strength,strength,part,task,part_2,part_2,theorem_1|theorem_2|theorem_3|theorem_4,theorem_4,T1-R4|T2-R4|T3-R5|T4-R5,T4-R5,human_broader,compatible,overlap,0.35976442694664,,,assessment_1|student_5|D|obs_005|obs_051,boundary_low
A,assessment_1,student_7,obs_001,obs_002,The submission is good overall.,Include a brief explanation of how the prerequisite and approval conditions together establish eligibility.,strength,suggestion,overall,task,,part_1,,scenario_1,,S1-R6,unknown,potentially_compatible,not_assessable,0.1597482860088348,,,assessment_1|student_7|A|obs_001|obs_002,very_low
A,assessment_1,student_7,obs_001,obs_004,The submission is good overall.,The submission correctly derives d and constructs a ∧ d using classical reasoning.,strength,strength,overall,task,,part_1,,scenario_2,,S2-R2|S2-R4|S2-R5|S2-R7,unknown,compatible,not_assessable,0.2286645621061325,,,assessment_1|student_7|A|obs_001|obs_004,low_medium
A,assessment_1,student_7,obs_001,obs_006,The submission is good overall.,Ensure the proof clearly explains the reasoning and includes comments for clarity.,strength,suggestion,overall,task,,part_1,,scenario_3,,S3-R6,unknown,potentially_compatible,not_assessable,0.1936335265636444,,,assessment_1|student_7|A|obs_001|obs_006,very_low
A,assessment_1,student_7,obs_001,obs_007,The submission is good overall.,The proof is well-structured and correctly follows the required implications and logical steps.,strength,strength,overall,task,,part_1,,scenario_4,,S4-R1|S4-R2|S4-R3|S4-R4|S4-R5|S4-R6|S4-R7,unknown,compatible,not_assessable,0.1807852983474731,,,assessment_1|student_7|A|obs_001|obs_007,very_low
A,assessment_1,student_7,obs_001,obs_009,The submission is good overall.,The proofs for T1-R1 and T1-R2 are correct and use the required axioms. The axioms are used correctly in the proofs.,strength,strength,overall,task,,part_2,,theorem_1,,T1-R1|T1-R2|T1-R3,unknown,compatible,not_assessable,0.1027744337916374,,,assessment_1|student_7|A|obs_001|obs_009,very_low
A,assessment_1,student_7,obs_001,obs_011,The submission is good overall.,The proofs demonstrate a clear understanding of the principle of explosion through logical deductions.,strength,strength,overall,task,,part_2,,theorem_2,,T2-R1|T2-R2|T2-R3|T2-R5,unknown,compatible,not_assessable,0.1138979196548461,,,assessment_1|student_7|A|obs_001|obs_011,very_low
A,assessment_1,student_7,obs_001,obs_013,The submission is good overall.,The student has successfully implemented the required proof steps using the specified axioms.,strength,strength,overall,task,,part_2,,theorem_3,,T3-R1|T3-R2|T3-R3|T3-R4|T3-R6,unknown,compatible,not_assessable,0.1534426212310791,,,assessment_1|student_7|A|obs_001|obs_013,very_low
A,assessment_1,student_7,obs_001,obs_015,The submission is good overall.,The proof demonstrates a clear understanding of logical principles and uses axioms effectively.,strength,strength,overall,task,,part_2,,theorem_4,,T4-R1|T4-R2|T4-R3|T4-R4|T4-R6,unknown,compatible,not_assessable,0.2128723859786987,,,assessment_1|student_7|A|obs_001|obs_015,low_medium
A,assessment_1,student_7,obs_002,obs_001,Scenario 1 does not correctly combine the prerequisite condition and approval condition into the required conjunctive eligibility condition.,"The proof needs to clearly demonstrate both prerequisite and approval conditions, address all four cases, and include an explanation of how the conditions establish eligibility.",error,error,task,task,part_1,part_1,scenario_1,scenario_1,S1-R3,S1-R3|S1-R4|S1-R5|S1-R6,exact,compatible,overlap,0.6634945869445801,,,assessment_1|student_7|A|obs_002|obs_001,high
A,assessment_1,student_7,obs_002,obs_002,Scenario 1 does not correctly combine the prerequisite condition and approval condition into the required conjunctive eligibility condition.,Include a brief explanation of how the prerequisite and approval conditions together establish eligibility.,error,suggestion,task,task,part_1,part_1,scenario_1,scenario_1,S1-R3,S1-R6,exact,potentially_compatible,no_overlap,0.645200252532959,,,assessment_1|student_7|A|obs_002|obs_002,boundary_high
A,assessment_1,student_7,obs_003,obs_010,"Theorem 1 proves the wrong logical structure: the required goal is a conjunction containing two claims, but the submitted proof instead establishes an implication from a conjunction to a single outcome.",The explanation of the theorem is missing in the proof body. The theorem is not a valid Lean 4 theorem and does not compile.,error,error,task,task,part_2,part_2,theorem_1,theorem_1,T1-R1|T1-R2,T1-R4|T1-R5,exact,compatible,no_overlap,0.4699243307113647,,,assessment_1|student_7|A|obs_003|obs_010,boundary_low
B,assessment_1,student_7,obs_001,b_obs_001,The submission is good overall.,Prerequisite requirement is correctly represented as x1 ∨ x2.,strength,strength,overall,task,,part_1,,scenario_1,,S1-R1,unknown,compatible,not_assessable,0.0590693801641464,,,assessment_1|student_7|B|obs_001|b_obs_001,very_low
B,assessment_1,student_7,obs_001,b_obs_002,The submission is good overall.,Approval requirement is correctly represented as y1 ∨ y2.,strength,strength,overall,task,,part_1,,scenario_1,,S1-R2,unknown,compatible,not_assessable,0.2002269029617309,,,assessment_1|student_7|B|obs_001|b_obs_002,low_medium
B,assessment_1,student_7,obs_001,b_obs_003,The submission is good overall.,Your submitted work demonstrates eligibility by satisfying both prerequisite and approval requirements in multiple examples.,strength,strength,overall,task,,part_1,,scenario_1,,S1-R3,unknown,compatible,not_assessable,0.321415364742279,,,assessment_1|student_7|B|obs_001|b_obs_003,low_medium
B,assessment_1,student_7,obs_001,b_obs_004,The submission is good overall.,Your submitted proof correctly addresses all four prerequisite–approval combinations.,strength,strength,overall,task,,part_1,,scenario_1,,S1-R4,unknown,compatible,not_assessable,0.2994543015956878,,,assessment_1|student_7|B|obs_001|b_obs_004,low_medium
B,assessment_1,student_7,obs_001,b_obs_007,The submission is good overall.,Lean code compiles successfully.,strength,strength,overall,task,,part_1,,scenario_1,,S1-R7,unknown,compatible,not_assessable,0.1706916391849517,,,assessment_1|student_7|B|obs_001|b_obs_007,very_low
B,assessment_1,student_7,obs_001,b_obs_008,The submission is good overall.,The logical implication is explicitly stated in the submission through multiple examples with formal statements and proofs.,strength,strength,overall,task,,part_1,,scenario_2,,S2-R1,unknown,compatible,not_assessable,0.1459960788488388,,,assessment_1|student_7|B|obs_001|b_obs_008,very_low
B,assessment_1,student_7,obs_001,b_obs_009,The submission is good overall.,Derive d from b and b → d using modus ponens.,strength,strength,overall,task,,part_1,,scenario_2,,S2-R2,unknown,compatible,not_assessable,0.0,,,assessment_1|student_7|B|obs_001|b_obs_009,very_low
B,assessment_1,student_7,obs_001,b_obs_010,The submission is good overall.,"Your submitted work contains a valid proof that uses ¬a → (c ∧ d) and ¬c to establish a through contradiction, which directly satisfies the requirement.",strength,strength,overall,task,,part_1,,scenario_2,,S2-R3,unknown,compatible,not_assessable,0.1781803965568542,,,assessment_1|student_7|B|obs_001|b_obs_010,very_low
B,assessment_1,student_7,obs_001,b_obs_011,The submission is good overall.,Construct the final conjunction a ∧ d using the derived values.,strength,strength,overall,task,,part_1,,scenario_2,,S2-R4,unknown,compatible,not_assessable,0.0433594174683094,,,assessment_1|student_7|B|obs_001|b_obs_011,very_low
B,assessment_1,student_7,obs_001,b_obs_012,The submission is good overall.,Classical reasoning is valid and supported by the Lean environment.,strength,strength,overall,task,,part_1,,scenario_2,,S2-R5,unknown,compatible,not_assessable,0.1395662426948547,,,assessment_1|student_7|B|obs_001|b_obs_012,very_low
B,assessment_1,student_7,obs_001,b_obs_014,The submission is good overall.,The submitted Lean code compiles correctly.,strength,strength,overall,task,,part_1,,scenario_2,,S2-R7,unknown,compatible,not_assessable,0.2978448569774627,,,assessment_1|student_7|B|obs_001|b_obs_014,low_medium
B,assessment_1,student_7,obs_001,b_obs_015,The submission is good overall.,"Your submitted work contains propositions that could be interpreted as representing heavy congestion, unsafe weather, sufficient fuel, and destination reached.",strength,strength,overall,task,,part_1,,scenario_3,,S3-R1,unknown,compatible,not_assessable,0.1936821788549423,,,assessment_1|student_7|B|obs_001|b_obs_015,very_low
B,assessment_1,student_7,obs_001,b_obs_016,The submission is good overall.,Your submitted work correctly represents safe weather as the negation of the proposition representing unsafe weather.,strength,strength,overall,task,,part_1,,scenario_3,,S3-R2,unknown,compatible,not_assessable,0.1796297281980514,,,assessment_1|student_7|B|obs_001|b_obs_016,very_low
B,assessment_1,student_7,obs_001,b_obs_017,The submission is good overall.,The 'only if' condition is correctly interpreted as an implication.,strength,strength,overall,task,,part_1,,scenario_3,,S3-R3,unknown,compatible,not_assessable,0.0,,,assessment_1|student_7|B|obs_001|b_obs_017,very_low
B,assessment_1,student_7,obs_001,b_obs_018,The submission is good overall.,Your submitted work demonstrates logical reasoning and proof techniques that align with the requirement of representing unsafe alternate-route weather as implying the absence of congestion on the usual route.,strength,strength,overall,task,,part_1,,scenario_3,,S3-R4,unknown,compatible,not_assessable,0.1020246148109436,,,assessment_1|student_7|B|obs_001|b_obs_018,very_low
B,assessment_1,student_7,obs_001,b_obs_019,The submission is good overall.,The proposition for destination_reached is derived from the formalised assumptions.,strength,strength,overall,task,,part_1,,scenario_3,,S3-R5,unknown,compatible,not_assessable,0.0831403657793998,,,assessment_1|student_7|B|obs_001|b_obs_019,very_low
B,assessment_1,student_7,obs_001,b_obs_020,The submission is good overall.,The proof correctly preserves the intended meaning of the scenario even with different proposition names and theorem structure.,strength,strength,overall,task,,part_1,,scenario_3,,S3-R6,unknown,compatible,not_assessable,0.1325239241123199,,,assessment_1|student_7|B|obs_001|b_obs_020,very_low
B,assessment_1,student_7,obs_001,b_obs_021,The submission is good overall.,"The student work includes formal statements and proofs that may relate to proposition mapping and the interpretation of 'only if'. These elements may address the requirement, but the assessment needs to explicitly identify them as such.",strength,suggestion,overall,task,,part_1,,scenario_3,,S3-R7,unknown,potentially_compatible,not_assessable,0.0982313081622123,,,assessment_1|student_7|B|obs_001|b_obs_021,very_low
B,assessment_1,student_7,obs_001,b_obs_023,The submission is good overall.,The exact implication is used in the proof.,strength,strength,overall,task,,part_1,,scenario_4,,S4-R1,unknown,compatible,not_assessable,0.1041701585054397,,,assessment_1|student_7|B|obs_001|b_obs_023,very_low
B,assessment_1,student_7,obs_001,b_obs_024,The submission is good overall.,r is derived from t and t → r.,strength,strength,overall,task,,part_1,,scenario_4,,S4-R2,unknown,compatible,not_assessable,0.0,,,assessment_1|student_7|B|obs_001|b_obs_024,very_low
B,assessment_1,student_7,obs_001,b_obs_025,The submission is good overall.,m is derived from r and r → m.,strength,strength,overall,task,,part_1,,scenario_4,,S4-R3,unknown,compatible,not_assessable,0.0034872847609221,,,assessment_1|student_7|B|obs_001|b_obs_025,very_low
B,assessment_1,student_7,obs_001,b_obs_026,The submission is good overall.,¬f is derived using the available assumptions.,strength,strength,overall,task,,part_1,,scenario_4,,S4-R4,unknown,compatible,not_assessable,0.0542407445609569,,,assessment_1|student_7|B|obs_001|b_obs_026,very_low
B,assessment_1,student_7,obs_001,b_obs_027,The submission is good overall.,The final result r ∧ m ∧ ¬f is constructed with the correct conjunction structure.,strength,strength,overall,task,,part_1,,scenario_4,,S4-R5,unknown,compatible,not_assessable,0.1410644948482513,,,assessment_1|student_7|B|obs_001|b_obs_027,very_low
B,assessment_1,student_7,obs_001,b_obs_028,The submission is good overall.,The proof targets the required implication.,strength,strength,overall,task,,part_1,,scenario_4,,S4-R6,unknown,compatible,not_assessable,0.1106547862291336,,,assessment_1|student_7|B|obs_001|b_obs_028,very_low
B,assessment_1,student_7,obs_001,b_obs_029,The submission is good overall.,"The derivation of r, m, and ¬f is explained.",strength,strength,overall,task,,part_1,,scenario_4,,S4-R7,unknown,compatible,not_assessable,0.0327374935150146,,,assessment_1|student_7|B|obs_001|b_obs_029,very_low
B,assessment_1,student_7,obs_001,b_obs_031,The submission is good overall.,The theorem ex1 proves that provable (conj x False) leads to a contradiction.,strength,strength,overall,task,,part_2,,theorem_1,,T1-R1,unknown,compatible,not_assessable,0.0558195374906063,,,assessment_1|student_7|B|obs_001|b_obs_031,very_low
B,assessment_1,student_7,obs_001,b_obs_033,The submission is good overall.,"The axioms AxConjElimLeft, AxConjElimRight, and AxConjIntro are used appropriately.",strength,strength,overall,task,,part_2,,theorem_1,,T1-R3,unknown,compatible,not_assessable,0.024795725941658,,,assessment_1|student_7|B|obs_001|b_obs_033,very_low
B,assessment_1,student_7,obs_001,b_obs_036,The submission is good overall.,The theorem ex1 correctly extracts provable False from provable (conj x False).,strength,strength,overall,task,,part_2,,theorem_2,,T2-R1,unknown,compatible,not_assessable,0.0694133788347244,,,assessment_1|student_7|B|obs_001|b_obs_036,very_low
B,assessment_1,student_7,obs_001,b_obs_037,The submission is good overall.,The theorem ex2 correctly uses the contradiction to derive provable y.,strength,strength,overall,task,,part_2,,theorem_2,,T2-R2,unknown,compatible,not_assessable,0.0751460567116737,,,assessment_1|student_7|B|obs_001|b_obs_037,very_low
B,assessment_1,student_7,obs_001,b_obs_038,The submission is good overall.,The axioms are used appropriately in the proofs.,strength,strength,overall,task,,part_2,,theorem_2,,T2-R3,unknown,compatible,not_assessable,0.1622978001832962,,,assessment_1|student_7|B|obs_001|b_obs_038,very_low
B,assessment_1,student_7,obs_001,b_obs_040,The submission is good overall.,The theorem compiles as per the Lean 4 syntax.,strength,strength,overall,task,,part_2,,theorem_2,,T2-R5,unknown,compatible,not_assessable,0.1452866345643997,,,assessment_1|student_7|B|obs_001|b_obs_040,very_low
B,assessment_1,student_7,obs_001,b_obs_041,The submission is good overall.,"Provable x, y, z are extracted from nested conjunctions.",strength,strength,overall,task,,part_2,,theorem_3,,T3-R1,unknown,compatible,not_assessable,0.0088449595496058,,,assessment_1|student_7|B|obs_001|b_obs_041,very_low
B,assessment_1,student_7,obs_001,b_obs_042,The submission is good overall.,Provable (conj y x) is constructed using AxConjIntro.,strength,strength,overall,task,,part_2,,theorem_3,,T3-R2,unknown,compatible,not_assessable,0.1192497760057449,,,assessment_1|student_7|B|obs_001|b_obs_042,very_low
B,assessment_1,student_7,obs_001,b_obs_043,The submission is good overall.,Provable (conj (conj y x) z) is constructed using AxConjIntro.,strength,strength,overall,task,,part_2,,theorem_3,,T3-R3,unknown,compatible,not_assessable,0.106946051120758,,,assessment_1|student_7|B|obs_001|b_obs_043,very_low
B,assessment_1,student_7,obs_001,b_obs_044,The submission is good overall.,"AxConjElimLeft, AxConjElimRight, and AxConjIntro are used appropriately.",strength,strength,overall,task,,part_2,,theorem_3,,T3-R4,unknown,compatible,not_assessable,0.0396076329052448,,,assessment_1|student_7|B|obs_001|b_obs_044,very_low
B,assessment_1,student_7,obs_001,b_obs_046,The submission is good overall.,The theorem compiles in Lean 4.,strength,strength,overall,task,,part_2,,theorem_3,,T3-R6,unknown,compatible,not_assessable,0.1408183425664901,,,assessment_1|student_7|B|obs_001|b_obs_046,very_low
B,assessment_1,student_7,obs_001,b_obs_047,The submission is good overall.,Assumes provable y and combines it with provable x.,strength,strength,overall,task,,part_2,,theorem_4,,T4-R1,unknown,compatible,not_assessable,0.0037840586155653,,,assessment_1|student_7|B|obs_001|b_obs_047,very_low
B,assessment_1,student_7,obs_001,b_obs_048,The submission is good overall.,Uses AxConjIntro to derive provable (conj x y).,strength,strength,overall,task,,part_2,,theorem_4,,T4-R2,unknown,compatible,not_assessable,0.0706212222576141,,,assessment_1|student_7|B|obs_001|b_obs_048,very_low
B,assessment_1,student_7,obs_001,b_obs_049,The submission is good overall.,Uses contradiction with ¬provable (conj x y) to establish ¬provable y.,strength,strength,overall,task,,part_2,,theorem_4,,T4-R3,unknown,compatible,not_assessable,0.0,,,assessment_1|student_7|B|obs_001|b_obs_049,very_low
B,assessment_1,student_7,obs_001,b_obs_050,The submission is good overall.,Correctly supplies arguments to AxConjIntro.,strength,strength,overall,task,,part_2,,theorem_4,,T4-R4,unknown,compatible,not_assessable,0.2040874511003494,,,assessment_1|student_7|B|obs_001|b_obs_050,low_medium
B,assessment_1,student_7,obs_001,b_obs_051,The submission is good overall.,The proof should include a brief explanation of the contradiction-based reasoning.,strength,suggestion,overall,task,,part_2,,theorem_4,,T4-R5,unknown,potentially_compatible,not_assessable,0.1209720075130462,,,assessment_1|student_7|B|obs_001|b_obs_051,very_low
B,assessment_1,student_7,obs_001,b_obs_052,The submission is good overall.,The theorem compiles in Lean 4.,strength,strength,overall,task,,part_2,,theorem_4,,T4-R6,unknown,compatible,not_assessable,0.1408183425664901,,,assessment_1|student_7|B|obs_001|b_obs_052,very_low
B,assessment_1,student_7,obs_002,b_obs_005,Scenario 1 does not correctly combine the prerequisite condition and approval condition into the required conjunctive eligibility condition.,Evidence from case analysis is not used to derive the conclusion.,error,error,task,task,part_1,part_1,scenario_1,scenario_1,S1-R3,S1-R5,exact,compatible,no_overlap,0.2097561955451965,,,assessment_1|student_7|B|obs_002|b_obs_005,low_medium
B,assessment_1,student_7,obs_002,b_obs_006,Scenario 1 does not correctly combine the prerequisite condition and approval condition into the required conjunctive eligibility condition.,Include a brief explanation of how the prerequisite and approval conditions together establish eligibility.,error,error,task,task,part_1,part_1,scenario_1,scenario_1,S1-R3,S1-R6,exact,compatible,no_overlap,0.645200252532959,,,assessment_1|student_7|B|obs_002|b_obs_006,boundary_high
B,assessment_1,student_7,obs_003,b_obs_032,"Theorem 1 proves the wrong logical structure: the required goal is a conjunction containing two claims, but the submitted proof instead establishes an implication from a conjunction to a single outcome.",The student's submitted work proves a different theorem (ex2) which states that 'provable (conj x False) implies provable y'. This does not satisfy the exact requirement to prove that 'provable x does not imply that False is provable'.,error,error,task,task,part_2,part_2,theorem_1,theorem_1,T1-R1|T1-R2,T1-R2,exact,compatible,overlap,0.5469304323196411,,,assessment_1|student_7|B|obs_003|b_obs_032,boundary_high
B,assessment_1,student_7,obs_003,b_obs_034,"Theorem 1 proves the wrong logical structure: the required goal is a conjunction containing two claims, but the submitted proof instead establishes an implication from a conjunction to a single outcome.",The explanation of the theorem is missing in the proof body.,error,error,task,task,part_2,part_2,theorem_1,theorem_1,T1-R1|T1-R2,T1-R4,exact,compatible,no_overlap,0.5254961848258972,,,assessment_1|student_7|B|obs_003|b_obs_034,boundary_high
B,assessment_1,student_7,obs_003,b_obs_035,"Theorem 1 proves the wrong logical structure: the required goal is a conjunction containing two claims, but the submitted proof instead establishes an implication from a conjunction to a single outcome.",The theorem does not compile as it is not a Lean 4 theorem.,error,omission,task,task,part_2,part_2,theorem_1,theorem_1,T1-R1|T1-R2,T1-R5,exact,potentially_compatible,no_overlap,0.4215743541717529,,,assessment_1|student_7|B|obs_003|b_obs_035,boundary_low
C,assessment_1,student_7,obs_001,obs_003,The submission is good overall.,"The proof demonstrates an attempt to handle all four cases, but it does not explicitly show that both the prerequisite and approval conditions are satisfied together. The proof should clearly connect the disjunctions (x1 ∨ x2) and (y1 ∨ y2) to the conclusion z.",strength,suggestion,overall,task,,part_1,,scenario_1,,S1-R3,unknown,potentially_compatible,not_assessable,0.150041788816452,,,assessment_1|student_7|C|obs_001|obs_003,very_low
C,assessment_1,student_7,obs_001,obs_004,The submission is good overall.,"The proof demonstrates case analysis on the prerequisites and approvals, but it does not fully address all four combinations of the prerequisite and approval conditions as required. The use of 'True' and 'False' may not fully encode the stated conjunctive eligibility requirement.",strength,suggestion,overall,task,,part_1,,scenario_1,,S1-R4,unknown,potentially_compatible,not_assessable,0.1369460672140121,,,assessment_1|student_7|C|obs_001|obs_004,very_low
C,assessment_1,student_7,obs_001,obs_005,The submission is good overall.,"The proof uses case analysis to handle the prerequisites and approvals, but it relies on unrelated assumptions and does not fully connect the prerequisites and approvals to the conclusion. The proof should explicitly use the conjunctive requirement to derive the conclusion.",strength,suggestion,overall,task,,part_1,,scenario_1,,S1-R5,unknown,potentially_compatible,not_assessable,0.1073618158698082,,,assessment_1|student_7|C|obs_001|obs_005,very_low
C,assessment_1,student_7,obs_001,obs_006,The submission is good overall.,"Your proof demonstrates the use of case analysis to handle the disjunctions in the eligibility conditions. However, it does not include an explicit explanation of how the prerequisite and approval conditions together establish eligibility, which is required by the assessment criterion.",strength,suggestion,overall,task,,part_1,,scenario_1,,S1-R6,unknown,potentially_compatible,not_assessable,0.1503956466913223,,,assessment_1|student_7|C|obs_001|obs_006,very_low
C,assessment_1,student_7,obs_001,obs_008,The submission is good overall.,The submission correctly proves the target statement using the given logical implications. The proof is well-structured and uses the provided axioms to support the argument. The student's approach is valid and meets the requirement.,strength,strength,overall,task,,part_1,,scenario_2,,S2-R1,unknown,compatible,not_assessable,0.2899739146232605,,,assessment_1|student_7|C|obs_001|obs_008,low_medium
C,assessment_1,student_7,obs_001,obs_009,The submission is good overall.,"The student successfully derived 'd' from 'b' and 'b -> d' using modus ponens. The proof also correctly uses the given assumptions to show that 'a' must be true, leading to the conclusion 'a ∧ d'. The proof is well-structured and uses the provided axioms for logical steps.",strength,strength,overall,task,,part_1,,scenario_2,,S2-R2,unknown,compatible,not_assessable,0.1010183840990066,,,assessment_1|student_7|C|obs_001|obs_009,very_low
C,assessment_1,student_7,obs_001,obs_010,The submission is good overall.,The student successfully proved the target statement using the given assumptions. The proof correctly applies logical reasoning to derive the conclusion.,strength,strength,overall,task,,part_1,,scenario_2,,S2-R3,unknown,compatible,not_assessable,0.128980666399002,,,assessment_1|student_7|C|obs_001|obs_010,very_low
C,assessment_1,student_7,obs_001,obs_011,The submission is good overall.,The student successfully constructs the final conjunction a ∧ d using the given assumptions and logical steps. The proof is well-structured and uses case analysis to derive the conclusion.,strength,strength,overall,task,,part_1,,scenario_2,,S2-R4,unknown,compatible,not_assessable,0.1072933822870254,,,assessment_1|student_7|C|obs_001|obs_011,very_low
C,assessment_1,student_7,obs_001,obs_012,The submission is good overall.,The proof correctly applies classical reasoning strategies and uses valid Lean constructs. The comments in the proof provide necessary explanations for the logical steps taken.,strength,strength,overall,task,,part_1,,scenario_2,,S2-R5,unknown,compatible,not_assessable,0.1726768016815185,,,assessment_1|student_7|C|obs_001|obs_012,very_low
C,assessment_1,student_7,obs_001,obs_013,The submission is good overall.,The student's proof correctly demonstrates how the assumptions lead to a and d. The logical steps are clear and the proof is well-structured.,strength,strength,overall,task,,part_1,,scenario_2,,S2-R6,unknown,compatible,not_assessable,0.1622066795825958,,,assessment_1|student_7|C|obs_001|obs_013,very_low
C,assessment_1,student_7,obs_001,obs_014,The submission is good overall.,The submitted Lean code compiles correctly and includes a valid proof attempt with supporting axioms. The code is well-structured and includes comments for clarity.,strength,strength,overall,task,,part_1,,scenario_2,,S2-R7,unknown,compatible,not_assessable,0.3095734715461731,,,assessment_1|student_7|C|obs_001|obs_014,low_medium
C,assessment_1,student_7,obs_001,obs_019,The submission is good overall.,"The student has attempted to prove the destination_reached proposition using case analysis, but the formalisation of the scenario conditions and the logical structure of the proof do not fully capture the required implications. The proof needs to explicitly incorporate the conditions from S3-C1 and S3-C2 to ensure the derivation is correct.",strength,suggestion,overall,task,,part_1,,scenario_3,,S3-R5,unknown,potentially_compatible,not_assessable,0.079927384853363,,,assessment_1|student_7|C|obs_001|obs_019,very_low
C,assessment_1,student_7,obs_001,obs_020,The submission is good overall.,"The proof correctly preserves the intended meaning of the scenario by using case analysis and leveraging axioms for logical structure. However, the explanation could be more detailed to better align with the requirement for brief explanations of reasoning.",strength,strength,overall,task,,part_1,,scenario_3,,S3-R6,unknown,compatible,not_assessable,0.1388134807348251,,,assessment_1|student_7|C|obs_001|obs_020,very_low
C,assessment_1,student_7,obs_001,obs_022,The submission is good overall.,The compilation status of the submitted Lean code cannot be determined as the necessary compilation tools and results are not available in the provided evidence.,strength,suggestion,overall,task,,part_1,,scenario_3,,S3-R8,unknown,potentially_compatible,not_assessable,0.1141747832298278,,,assessment_1|student_7|C|obs_001|obs_022,very_low
C,assessment_1,student_7,obs_001,obs_023,The submission is good overall.,"The student has correctly formalized the logical implication required by the brief. The proof is well-structured and uses the given assumptions to derive the target statement. The proof includes comments explaining the logical steps, which supports the requirement for formalisation.",strength,strength,overall,task,,part_1,,scenario_4,,S4-R1,unknown,compatible,not_assessable,0.1400405466556549,,,assessment_1|student_7|C|obs_001|obs_023,very_low
C,assessment_1,student_7,obs_001,obs_024,The submission is good overall.,The student successfully derived 'r' from 't' and 't → r' using modus ponens. The proof is well-structured and correctly applies the given assumptions and theorems to derive the target proposition. The proof is valid and meets the requirement.,strength,strength,overall,task,,part_1,,scenario_4,,S4-R2,unknown,compatible,not_assessable,0.1122372299432754,,,assessment_1|student_7|C|obs_001|obs_024,very_low
C,assessment_1,student_7,obs_001,obs_025,The submission is good overall.,The student successfully derived 'm' from 'r' and 'r -> m' using modus ponens. The proof is correctly structured and follows the logical steps required for the requirement.,strength,strength,overall,task,,part_1,,scenario_4,,S4-R3,unknown,compatible,not_assessable,0.1320782601833343,,,assessment_1|student_7|C|obs_001|obs_025,very_low
C,assessment_1,student_7,obs_001,obs_026,The submission is good overall.,"The student successfully derived ¬f using the given assumptions. The proof correctly applies logical reasoning to show that assuming f leads to a contradiction, thereby proving ¬f.",strength,strength,overall,task,,part_1,,scenario_4,,S4-R4,unknown,compatible,not_assessable,0.0873471796512603,,,assessment_1|student_7|C|obs_001|obs_026,very_low
C,assessment_1,student_7,obs_001,obs_027,The submission is good overall.,The student has successfully constructed the final result r ∧ m ∧ ¬f with the correct conjunction structure as required by the assessment. The proof is logically sound and follows the necessary steps.,strength,strength,overall,task,,part_1,,scenario_4,,S4-R5,unknown,compatible,not_assessable,0.2043687254190445,,,assessment_1|student_7|C|obs_001|obs_027,low_medium
C,assessment_1,student_7,obs_001,obs_028,The submission is good overall.,The proof correctly targets the required implication and follows the logical steps to derive the conclusion. The proof is well-structured and uses the given assumptions effectively.,strength,strength,overall,task,,part_1,,scenario_4,,S4-R6,unknown,compatible,not_assessable,0.1570569276809692,,,assessment_1|student_7|C|obs_001|obs_028,very_low
C,assessment_1,student_7,obs_001,obs_029,The submission is good overall.,"The student has correctly derived r, m, and ¬f using the given assumptions and logical steps. The explanation is included in the comments within the proof body, which describe the logical steps and reasoning.",strength,strength,overall,task,,part_1,,scenario_4,,S4-R7,unknown,compatible,not_assessable,0.1289611011743545,,,assessment_1|student_7|C|obs_001|obs_029,very_low
C,assessment_1,student_7,obs_001,obs_030,The submission is good overall.,"The Lean code provided in the unit 'artifact_001_unit_005' is structured correctly and includes the necessary elements for a valid proof. The code uses the provided axioms to derive the target statement, and the proof steps are logically consistent.",strength,strength,overall,task,,part_1,,scenario_4,,S4-R8,unknown,compatible,not_assessable,0.0814024060964584,,,assessment_1|student_7|C|obs_001|obs_030,very_low
C,assessment_1,student_7,obs_001,obs_031,The submission is good overall.,The student has successfully proven that provable (conj x False) leads to a contradiction. The proof is well-structured and includes comments explaining the reasoning. The use of axioms and the proof by contradiction strategy is appropriate.,strength,strength,overall,task,,part_2,,theorem_1,,T1-R1,unknown,compatible,not_assessable,0.1226710602641105,,,assessment_1|student_7|C|obs_001|obs_031,very_low
C,assessment_1,student_7,obs_001,obs_032,The submission is good overall.,"The student has successfully proven the claim that if provable (conj x False) and provable x, then ¬provable False using a proof by contradiction. The proof is logically sound and correctly utilizes the provided axioms.",strength,strength,overall,task,,part_2,,theorem_1,,T1-R2,unknown,compatible,not_assessable,0.0912355631589889,,,assessment_1|student_7|C|obs_001|obs_032,very_low
C,assessment_1,student_7,obs_001,obs_033,The submission is good overall.,"The student's proof correctly uses the required axioms AxNotPrFalse and AxConjIntro, and the proof strategy is appropriate. The proof by contradiction is well-structured and the use of the axioms is evident.",strength,strength,overall,task,,part_2,,theorem_1,,T1-R3,unknown,compatible,not_assessable,0.1300264298915863,,,assessment_1|student_7|C|obs_001|obs_033,very_low
C,assessment_1,student_7,obs_001,obs_034,The submission is good overall.,"The student has provided an explanation of both conjuncts of the theorem in the proof body. The comments in the proof body clarify the reasoning behind the proof steps, which addresses the requirement to explain both conjuncts.",strength,strength,overall,task,,part_2,,theorem_1,,T1-R4,unknown,compatible,not_assessable,0.0850563794374466,,,assessment_1|student_7|C|obs_001|obs_034,very_low
C,assessment_1,student_7,obs_001,obs_035,The submission is good overall.,"The theorem 'ex1' is correctly defined and its proof is provided. The proof uses the axioms and follows a logical structure. The proof is written in a way that assumes provable False and derives a contradiction, which is a valid proof by contradiction.",strength,strength,overall,task,,part_2,,theorem_1,,T1-R5,unknown,compatible,not_assessable,0.0765661895275116,,,assessment_1|student_7|C|obs_001|obs_035,very_low
C,assessment_1,student_7,obs_001,obs_036,The submission is good overall.,The theorem ex2 correctly implements the principle of explosion by extracting provable False from provable (conj x False) and using False.elim to derive provable y. The proof is structured correctly and includes the necessary steps.,strength,strength,overall,task,,part_2,,theorem_2,,T2-R1,unknown,compatible,not_assessable,0.0967375412583351,,,assessment_1|student_7|C|obs_001|obs_036,very_low
C,assessment_1,student_7,obs_001,obs_037,The submission is good overall.,The student has successfully implemented the proof for 'ex2' by using the contradiction to derive 'provable y'. The proof body correctly applies conjunction elimination and False.elim to achieve the desired result. The theorem is well-formulated and the proof strategy is appropriate for the requirement.,strength,strength,overall,task,,part_2,,theorem_2,,T2-R2,unknown,compatible,not_assessable,0.0690312832593917,,,assessment_1|student_7|C|obs_001|obs_037,very_low
C,assessment_1,student_7,obs_001,obs_038,The submission is good overall.,The student has correctly applied the conjunction-elimination axioms to prove the theorem. The use of AxConjElimLeft and AxConjElimRight is appropriate and aligns with the requirement.,strength,strength,overall,task,,part_2,,theorem_2,,T2-R3,unknown,compatible,not_assessable,0.0575638189911842,,,assessment_1|student_7|C|obs_001|obs_038,very_low
C,assessment_1,student_7,obs_001,obs_040,The submission is good overall.,"The theorem 'ex2' is correctly defined and its proof is provided. The proof uses the supporting axioms to derive the conclusion, which is consistent with the requirement that the theorem must compile. The proof is structured correctly and the supporting axioms are present and correctly referenced.",strength,strength,overall,task,,part_2,,theorem_2,,T2-R5,unknown,compatible,not_assessable,0.1328792124986648,,,assessment_1|student_7|C|obs_001|obs_040,very_low
C,assessment_1,student_7,obs_001,obs_041,The submission is good overall.,"The student has successfully extracted provable x, y, and z from the nested conjunction as required by the assessment. The proof is well-structured and uses the provided axioms effectively.",strength,strength,overall,task,,part_2,,theorem_3,,T3-R1,unknown,compatible,not_assessable,0.1156613677740097,,,assessment_1|student_7|C|obs_001|obs_041,very_low
C,assessment_1,student_7,obs_001,obs_042,The submission is good overall.,"The student has successfully constructed a proof for the theorem, using the provided axioms to rearrange nested conjunctions. The proof is well-structured and correctly implements the required logic.",strength,strength,overall,task,,part_2,,theorem_3,,T3-R2,unknown,compatible,not_assessable,0.1139980256557464,,,assessment_1|student_7|C|obs_001|obs_042,very_low
C,assessment_1,student_7,obs_001,obs_043,The submission is good overall.,"The student has successfully constructed a proof that demonstrates the requirement. The proof uses the provided axioms to rearrange the nested conjunction, and the comments in the code explain each step of the proof.",strength,strength,overall,task,,part_2,,theorem_3,,T3-R3,unknown,compatible,not_assessable,0.0688495263457298,,,assessment_1|student_7|C|obs_001|obs_043,very_low
C,assessment_1,student_7,obs_001,obs_044,The submission is good overall.,"The proof correctly applies the required axioms to rearrange the nested conjunctions. The use of AxConjElimLeft, AxConjElimRight, and AxConjIntro is appropriate and aligns with the requirement.",strength,strength,overall,task,,part_2,,theorem_3,,T3-R4,unknown,compatible,not_assessable,0.057486854493618,,,assessment_1|student_7|C|obs_001|obs_044,very_low
C,assessment_1,student_7,obs_001,obs_045,The submission is good overall.,"The student has correctly implemented the elimination and reconstruction steps in the proof. The comments in the proof body provide a clear explanation of each step, meeting the requirement for explanation.",strength,strength,overall,task,,part_2,,theorem_3,,T3-R5,unknown,compatible,not_assessable,0.2381311953067779,,,assessment_1|student_7|C|obs_001|obs_045,low_medium
C,assessment_1,student_7,obs_001,obs_046,The submission is good overall.,"The theorem 'ex3' is correctly defined and its proof is present. The proof uses the provided axioms for conjunction elimination and introduction, and the theorem compiles as the necessary axioms are declared.",strength,strength,overall,task,,part_2,,theorem_3,,T3-R6,unknown,compatible,not_assessable,0.0760995745658874,,,assessment_1|student_7|C|obs_001|obs_046,very_low
C,assessment_1,student_7,obs_001,obs_047,The submission is good overall.,The student has correctly proven the theorem ex4 using a proof by contradiction strategy. The proof is supported by the provided axioms and correctly applies the logical steps to derive the conclusion.,strength,strength,overall,task,,part_2,,theorem_4,,T4-R1,unknown,compatible,not_assessable,0.1225349977612495,,,assessment_1|student_7|C|obs_001|obs_047,very_low
C,assessment_1,student_7,obs_001,obs_048,The submission is good overall.,The student's proof correctly uses AxConjIntro to derive the provable (conj x y) within the proof body. The proof by contradiction strategy is appropriately applied to show the desired result.,strength,strength,overall,task,,part_2,,theorem_4,,T4-R2,unknown,compatible,not_assessable,0.1139812171459198,,,assessment_1|student_7|C|obs_001|obs_048,very_low
C,assessment_1,student_7,obs_001,obs_049,The submission is good overall.,The theorem ex4 meets the requirement by using the contradiction with ¬ provable (conj x y) to establish ¬ provable y. The proof is correctly structured and includes comments explaining the reasoning.,strength,strength,overall,task,,part_2,,theorem_4,,T4-R3,unknown,compatible,not_assessable,0.0801647454500198,,,assessment_1|student_7|C|obs_001|obs_049,very_low
C,assessment_1,student_7,obs_001,obs_050,The submission is good overall.,The student correctly applied the AxConjIntro axiom with the appropriate arguments in the proof of theorem ex4.,strength,strength,overall,task,,part_2,,theorem_4,,T4-R4,unknown,compatible,not_assessable,0.1598223447799682,,,assessment_1|student_7|C|obs_001|obs_050,very_low
C,assessment_1,student_7,obs_001,obs_051,The submission is good overall.,"The student has demonstrated a clear understanding of the contradiction-based proof strategy. The theorem ex4 uses a proof by contradiction approach to show that if ¬provable (conj x y) and provable x, then ¬provable y. The proof includes comments explaining the steps, which support the explanation criterion.",strength,strength,overall,task,,part_2,,theorem_4,,T4-R5,unknown,compatible,not_assessable,0.0940017998218536,,,assessment_1|student_7|C|obs_001|obs_051,very_low
C,assessment_1,student_7,obs_001,obs_052,The submission is good overall.,"The theorem and supporting axioms are present and correctly structured, indicating that the theorem compiles in Lean 4.",strength,strength,overall,task,,part_2,,theorem_4,,T4-R6,unknown,compatible,not_assessable,0.160195916891098,,,assessment_1|student_7|C|obs_001|obs_052,very_low
C,assessment_1,student_7,obs_002,obs_001,Scenario 1 does not correctly combine the prerequisite condition and approval condition into the required conjunctive eligibility condition.,"The student's proof uses case analysis to handle the disjunctions, but the formalisation of the prerequisite requirement as x1 ∨ x2 is not explicitly demonstrated. The proof should clearly represent the prerequisite requirement as the disjunction x1 ∨ x2.",error,error,task,task,part_1,part_1,scenario_1,scenario_1,S1-R3,S1-R1,exact,compatible,no_overlap,0.5768741369247437,,,assessment_1|student_7|C|obs_002|obs_001,boundary_high
C,assessment_1,student_7,obs_002,obs_002,Scenario 1 does not correctly combine the prerequisite condition and approval condition into the required conjunctive eligibility condition.,"The student's proof uses case analysis to handle the disjunctions, but the approval requirement is not explicitly formalized as the disjunction y1 ∨ y2. The logical form of the approval requirement should be directly represented as y1 ∨ y2 in the formal statement.",error,error,task,task,part_1,part_1,scenario_1,scenario_1,S1-R3,S1-R2,exact,compatible,no_overlap,0.5768115520477295,,,assessment_1|student_7|C|obs_002|obs_002,boundary_high
C,assessment_1,student_7,obs_002,obs_003,Scenario 1 does not correctly combine the prerequisite condition and approval condition into the required conjunctive eligibility condition.,"The proof demonstrates an attempt to handle all four cases, but it does not explicitly show that both the prerequisite and approval conditions are satisfied together. The proof should clearly connect the disjunctions (x1 ∨ x2) and (y1 ∨ y2) to the conclusion z.",error,suggestion,task,task,part_1,part_1,scenario_1,scenario_1,S1-R3,S1-R3,exact,potentially_compatible,exact,0.6841548085212708,,,assessment_1|student_7|C|obs_002|obs_003,high
C,assessment_1,student_7,obs_002,obs_004,Scenario 1 does not correctly combine the prerequisite condition and approval condition into the required conjunctive eligibility condition.,"The proof demonstrates case analysis on the prerequisites and approvals, but it does not fully address all four combinations of the prerequisite and approval conditions as required. The use of 'True' and 'False' may not fully encode the stated conjunctive eligibility requirement.",error,suggestion,task,task,part_1,part_1,scenario_1,scenario_1,S1-R3,S1-R4,exact,potentially_compatible,no_overlap,0.7796108722686768,,,assessment_1|student_7|C|obs_002|obs_004,high
C,assessment_1,student_7,obs_002,obs_005,Scenario 1 does not correctly combine the prerequisite condition and approval condition into the required conjunctive eligibility condition.,"The proof uses case analysis to handle the prerequisites and approvals, but it relies on unrelated assumptions and does not fully connect the prerequisites and approvals to the conclusion. The proof should explicitly use the conjunctive requirement to derive the conclusion.",error,suggestion,task,task,part_1,part_1,scenario_1,scenario_1,S1-R3,S1-R5,exact,potentially_compatible,no_overlap,0.6416991949081421,,,assessment_1|student_7|C|obs_002|obs_005,boundary_high
C,assessment_1,student_7,obs_002,obs_006,Scenario 1 does not correctly combine the prerequisite condition and approval condition into the required conjunctive eligibility condition.,"Your proof demonstrates the use of case analysis to handle the disjunctions in the eligibility conditions. However, it does not include an explicit explanation of how the prerequisite and approval conditions together establish eligibility, which is required by the assessment criterion.",error,suggestion,task,task,part_1,part_1,scenario_1,scenario_1,S1-R3,S1-R6,exact,potentially_compatible,no_overlap,0.7092380523681641,,,assessment_1|student_7|C|obs_002|obs_006,high
C,assessment_1,student_7,obs_002,obs_007,Scenario 1 does not correctly combine the prerequisite condition and approval condition into the required conjunctive eligibility condition.,The proof does not fully satisfy the requirement that both prerequisite and approval conditions must be satisfied. The proof uses case analysis but does not properly handle the conjunctive requirement. The proof should ensure that both (x1 ∨ x2) and (y1 ∨ y2) are satisfied and that their conjunction implies z.,error,error,task,task,part_1,part_1,scenario_1,scenario_1,S1-R3,S1-R7,exact,compatible,no_overlap,0.7023256421089172,,,assessment_1|student_7|C|obs_002|obs_007,high
D,assessment_1,student_7,obs_001,obs_001,The submission is good overall.,"The student's proof correctly represents the prerequisite requirement as the disjunction x1 ∨ x2 using Or.elim, which is a valid approach for handling disjunctions in logic. The formalisation of the prerequisite requirement as x1 ∨ x2 is implicitly demonstrated through the use of Or.elim in the proof.",strength,strength,overall,task,,part_1,,scenario_1,,S1-R1,unknown,compatible,not_assessable,0.0223245210945606,,,assessment_1|student_7|D|obs_001|obs_001,very_low
D,assessment_1,student_7,obs_001,obs_002,The submission is good overall.,"The student's proof correctly handles the disjunctions using Or.elim, which is a valid method for representing the approval requirement as y1 ∨ y2 in the formal statement.",strength,strength,overall,task,,part_1,,scenario_1,,S1-R2,unknown,compatible,not_assessable,0.1295401006937027,,,assessment_1|student_7|D|obs_001|obs_002,very_low
D,assessment_1,student_7,obs_001,obs_003,The submission is good overall.,"The proof demonstrates an attempt to handle all four cases, and the logical structure suggests that both the prerequisite and approval conditions are satisfied together. The proof should clearly connect the disjunctions (x1 ∨ x2) and (y1 ∨ y2) to the conclusion z.",strength,strength,overall,task,,part_1,,scenario_1,,S1-R3,unknown,compatible,not_assessable,0.1396311074495315,,,assessment_1|student_7|D|obs_001|obs_003,very_low
D,assessment_1,student_7,obs_001,obs_004,The submission is good overall.,"The proof demonstrates case analysis on the prerequisites and approvals, and it explicitly handles all four combinations of the prerequisite and approval conditions as required. The use of 'True' and 'False' aligns with the stated conjunctive eligibility requirement.",strength,strength,overall,task,,part_1,,scenario_1,,S1-R4,unknown,compatible,not_assessable,0.1445361971855163,,,assessment_1|student_7|D|obs_001|obs_004,very_low
D,assessment_1,student_7,obs_001,obs_005,The submission is good overall.,"The proof uses case analysis to handle the prerequisites and approvals, and the evidence supports that the proof attempts to derive the conclusion via case analysis. The use of Or.elim and the presence of the conjunctive requirement in the evidence indicate that the proof connects the prerequisites and approvals to the conclusion.",strength,strength,overall,task,,part_1,,scenario_1,,S1-R5,unknown,compatible,not_assessable,0.0916654765605926,,,assessment_1|student_7|D|obs_001|obs_005,very_low
D,assessment_1,student_7,obs_001,obs_006,The submission is good overall.,"Your proof demonstrates the use of case analysis to handle the disjunctions in the eligibility conditions. However, it does not include an explicit explanation of how the prerequisite and approval conditions together establish eligibility, which is required by the assessment criterion.",strength,suggestion,overall,task,,part_1,,scenario_1,,S1-R6,unknown,potentially_compatible,not_assessable,0.1503956466913223,,,assessment_1|student_7|D|obs_001|obs_006,very_low
D,assessment_1,student_7,obs_001,obs_008,The submission is good overall.,The submission correctly proves the target statement using the given logical implications. The proof is well-structured and uses the provided axioms to support the argument. The student's approach is valid and meets the requirement.,strength,strength,overall,task,,part_1,,scenario_2,,S2-R1,unknown,compatible,not_assessable,0.2899739146232605,,,assessment_1|student_7|D|obs_001|obs_008,low_medium
D,assessment_1,student_7,obs_001,obs_009,The submission is good overall.,The student successfully derived 'd' from 'b' and 'b -> d' using modus ponens. The proof is well-structured and uses the provided axioms for logical steps.,strength,strength,overall,task,,part_1,,scenario_2,,S2-R2,unknown,compatible,not_assessable,0.0807386189699173,,,assessment_1|student_7|D|obs_001|obs_009,very_low
D,assessment_1,student_7,obs_001,obs_010,The submission is good overall.,"The student's proof correctly uses the assumption ¬c to derive a contradiction, which is part of the requirement. The proof applies logical reasoning to derive the conclusion (a ∧ d).",strength,strength,overall,task,,part_1,,scenario_2,,S2-R3,unknown,compatible,not_assessable,0.0477917566895484,,,assessment_1|student_7|D|obs_001|obs_010,very_low
D,assessment_1,student_7,obs_001,obs_011,The submission is good overall.,The student successfully constructs the final conjunction a ∧ d using the given assumptions and logical steps. The proof is well-structured and uses case analysis to derive the conclusion.,strength,strength,overall,task,,part_1,,scenario_2,,S2-R4,unknown,compatible,not_assessable,0.1072933822870254,,,assessment_1|student_7|D|obs_001|obs_011,very_low
D,assessment_1,student_7,obs_001,obs_012,The submission is good overall.,The proof correctly applies classical reasoning strategies and uses valid Lean constructs. The comments in the proof provide necessary explanations for the logical steps taken.,strength,strength,overall,task,,part_1,,scenario_2,,S2-R5,unknown,compatible,not_assessable,0.1726768016815185,,,assessment_1|student_7|D|obs_001|obs_012,very_low
D,assessment_1,student_7,obs_001,obs_013,The submission is good overall.,The student's proof correctly demonstrates how the assumptions lead to a and d. The logical steps are clear and the proof is well-structured.,strength,strength,overall,task,,part_1,,scenario_2,,S2-R6,unknown,compatible,not_assessable,0.1622066795825958,,,assessment_1|student_7|D|obs_001|obs_013,very_low
D,assessment_1,student_7,obs_001,obs_014,The submission is good overall.,The submitted Lean code compiles correctly and includes a valid proof attempt with supporting axioms. The code is well-structured and includes comments for clarity.,strength,strength,overall,task,,part_1,,scenario_2,,S2-R7,unknown,compatible,not_assessable,0.3095734715461731,,,assessment_1|student_7|D|obs_001|obs_014,low_medium
D,assessment_1,student_7,obs_001,obs_015,The submission is good overall.,"The submission includes formal statements and axioms that directly map the four concepts (heavy congestion, unsafe weather, sufficient fuel, and destination reached) to specific student-defined propositions. These mappings are required to meet the criterion.",strength,strength,overall,task,,part_1,,scenario_3,,S3-R1,unknown,compatible,not_assessable,0.2138193249702453,,,assessment_1|student_7|D|obs_001|obs_015,low_medium
D,assessment_1,student_7,obs_001,obs_017,The submission is good overall.,The student's proof uses case analysis and does not explicitly formalise the 'only if' condition as an implication. The formalisation should represent 'reaching the destination only if (safe weather and sufficient fuel)' as 'reaching_the_destination → (safe_weather ∧ sufficient_fuel)'. The current proof does not explicitly show this logical structure.,strength,strength,overall,task,,part_1,,scenario_3,,S3-R3,unknown,compatible,not_assessable,0.00119349360466,,,assessment_1|student_7|D|obs_001|obs_017,very_low
D,assessment_1,student_7,obs_001,obs_018,The submission is good overall.,"The student's submission includes a proof body that uses 'AlternateRoute' and 'UsualRoute' to prove certain conditions, which may be relevant to the requirement. The logical implication that unsafe alternate-route weather implies the absence of congestion on the usual route is not explicitly formalised, but the proof body does link these conditions in a way that could be interpreted as representing the relationship.",strength,suggestion,overall,task,,part_1,,scenario_3,,S3-R4,unknown,potentially_compatible,not_assessable,0.0901137888431549,,,assessment_1|student_7|D|obs_001|obs_018,very_low
D,assessment_1,student_7,obs_001,obs_019,The submission is good overall.,"The student has attempted to prove the destination_reached proposition using case analysis, which is consistent with the requirement. The proof correctly references axioms for logical operations, indicating that the derivation is on track.",strength,strength,overall,task,,part_1,,scenario_3,,S3-R5,unknown,compatible,not_assessable,0.0978966727852821,,,assessment_1|student_7|D|obs_001|obs_019,very_low
D,assessment_1,student_7,obs_001,obs_020,The submission is good overall.,"The proof correctly preserves the intended meaning of the scenario by using case analysis and leveraging axioms for logical structure. However, the explanation could be more detailed to better align with the requirement for brief explanations of reasoning.",strength,strength,overall,task,,part_1,,scenario_3,,S3-R6,unknown,compatible,not_assessable,0.1388134807348251,,,assessment_1|student_7|D|obs_001|obs_020,very_low
D,assessment_1,student_7,obs_001,obs_022,The submission is good overall.,The compilation status of the submitted Lean code cannot be determined as the necessary compilation tools and results are not available in the provided evidence.,strength,suggestion,overall,task,,part_1,,scenario_3,,S3-R8,unknown,potentially_compatible,not_assessable,0.1141747832298278,,,assessment_1|student_7|D|obs_001|obs_022,very_low
D,assessment_1,student_7,obs_001,obs_023,The submission is good overall.,"The student has correctly formalized the logical implication required by the brief. The proof is well-structured and uses the given assumptions to derive the target statement. The proof includes comments explaining the logical steps, which supports the requirement for formalisation.",strength,strength,overall,task,,part_1,,scenario_4,,S4-R1,unknown,compatible,not_assessable,0.1400405466556549,,,assessment_1|student_7|D|obs_001|obs_023,very_low
D,assessment_1,student_7,obs_001,obs_024,The submission is good overall.,The student successfully derived 'r' from 't' and 't → r' using modus ponens. The proof is well-structured and correctly applies the given assumptions and theorems to derive the target proposition. The proof is valid and meets the requirement.,strength,strength,overall,task,,part_1,,scenario_4,,S4-R2,unknown,compatible,not_assessable,0.1122372299432754,,,assessment_1|student_7|D|obs_001|obs_024,very_low
D,assessment_1,student_7,obs_001,obs_025,The submission is good overall.,The student successfully derived 'm' from 'r' and 'r -> m' using modus ponens. The proof is correctly structured and follows the logical steps required for the requirement.,strength,strength,overall,task,,part_1,,scenario_4,,S4-R3,unknown,compatible,not_assessable,0.1320782601833343,,,assessment_1|student_7|D|obs_001|obs_025,very_low
D,assessment_1,student_7,obs_001,obs_026,The submission is good overall.,"The student successfully derived ¬f using the given assumptions. The proof correctly applies logical reasoning to show that assuming f leads to a contradiction, thereby proving ¬f.",strength,strength,overall,task,,part_1,,scenario_4,,S4-R4,unknown,compatible,not_assessable,0.0873471796512603,,,assessment_1|student_7|D|obs_001|obs_026,very_low
D,assessment_1,student_7,obs_001,obs_027,The submission is good overall.,The student has successfully constructed the final result r ∧ m ∧ ¬f with the correct conjunction structure as required by the assessment. The proof is logically sound and follows the necessary steps.,strength,strength,overall,task,,part_1,,scenario_4,,S4-R5,unknown,compatible,not_assessable,0.2043687254190445,,,assessment_1|student_7|D|obs_001|obs_027,low_medium
D,assessment_1,student_7,obs_001,obs_028,The submission is good overall.,The proof correctly targets the required implication and follows the logical steps to derive the conclusion. The proof is well-structured and uses the given assumptions effectively.,strength,strength,overall,task,,part_1,,scenario_4,,S4-R6,unknown,compatible,not_assessable,0.1570569276809692,,,assessment_1|student_7|D|obs_001|obs_028,very_low
D,assessment_1,student_7,obs_001,obs_029,The submission is good overall.,"The student has correctly derived r, m, and ¬f using the given assumptions and logical steps. The explanation is included in the comments within the proof body, which describe the logical steps and reasoning.",strength,strength,overall,task,,part_1,,scenario_4,,S4-R7,unknown,compatible,not_assessable,0.1289611011743545,,,assessment_1|student_7|D|obs_001|obs_029,very_low
D,assessment_1,student_7,obs_001,obs_030,The submission is good overall.,"The Lean code provided in the unit 'artifact_001_unit_005' is structured correctly and includes the necessary elements for a valid proof. The code uses the provided axioms to derive the target statement, and the proof steps are logically consistent.",strength,strength,overall,task,,part_1,,scenario_4,,S4-R8,unknown,compatible,not_assessable,0.0814024060964584,,,assessment_1|student_7|D|obs_001|obs_030,very_low
D,assessment_1,student_7,obs_001,obs_033,The submission is good overall.,"The student's proof correctly uses the required axioms AxNotPrFalse and AxConjIntro, and the proof strategy is appropriate. The proof by contradiction is well-structured and the use of the axioms is evident.",strength,strength,overall,task,,part_2,,theorem_1,,T1-R3,unknown,compatible,not_assessable,0.1300264298915863,,,assessment_1|student_7|D|obs_001|obs_033,very_low
D,assessment_1,student_7,obs_001,obs_034,The submission is good overall.,"The student has provided an explanation of both conjuncts of the theorem in the proof body. The comments in the proof body clarify the reasoning behind the proof steps, which addresses the requirement to explain both conjuncts.",strength,strength,overall,task,,part_2,,theorem_1,,T1-R4,unknown,compatible,not_assessable,0.0850563794374466,,,assessment_1|student_7|D|obs_001|obs_034,very_low
D,assessment_1,student_7,obs_001,obs_035,The submission is good overall.,"The theorem 'ex1' is correctly defined and its proof is provided. The proof uses the axioms and follows a logical structure. The proof is written in a way that assumes provable False and derives a contradiction, which is a valid proof by contradiction.",strength,strength,overall,task,,part_2,,theorem_1,,T1-R5,unknown,compatible,not_assessable,0.0765661895275116,,,assessment_1|student_7|D|obs_001|obs_035,very_low
D,assessment_1,student_7,obs_001,obs_036,The submission is good overall.,The theorem ex2 correctly implements the principle of explosion by extracting provable False from provable (conj x False) and using False.elim to derive provable y. The proof is structured correctly and includes the necessary steps.,strength,strength,overall,task,,part_2,,theorem_2,,T2-R1,unknown,compatible,not_assessable,0.0967375412583351,,,assessment_1|student_7|D|obs_001|obs_036,very_low
D,assessment_1,student_7,obs_001,obs_037,The submission is good overall.,The student has successfully implemented the proof for 'ex2' by using the contradiction to derive 'provable y'. The proof body correctly applies conjunction elimination and False.elim to achieve the desired result. The theorem is well-formulated and the proof strategy is appropriate for the requirement.,strength,strength,overall,task,,part_2,,theorem_2,,T2-R2,unknown,compatible,not_assessable,0.0690312832593917,,,assessment_1|student_7|D|obs_001|obs_037,very_low
D,assessment_1,student_7,obs_001,obs_038,The submission is good overall.,The student has correctly applied the conjunction-elimination axioms to prove the theorem. The use of AxConjElimLeft and AxConjElimRight is appropriate and aligns with the requirement.,strength,strength,overall,task,,part_2,,theorem_2,,T2-R3,unknown,compatible,not_assessable,0.0575638189911842,,,assessment_1|student_7|D|obs_001|obs_038,very_low
D,assessment_1,student_7,obs_001,obs_040,The submission is good overall.,"The theorem 'ex2' is correctly defined and its proof is provided. The proof uses the supporting axioms to derive the conclusion, which is consistent with the requirement that the theorem must compile. The proof is structured correctly and the supporting axioms are present and correctly referenced.",strength,strength,overall,task,,part_2,,theorem_2,,T2-R5,unknown,compatible,not_assessable,0.1328792124986648,,,assessment_1|student_7|D|obs_001|obs_040,very_low
D,assessment_1,student_7,obs_001,obs_041,The submission is good overall.,"The student has successfully extracted provable x, y, and z from the nested conjunction as required by the assessment. The proof is well-structured and uses the provided axioms effectively.",strength,strength,overall,task,,part_2,,theorem_3,,T3-R1,unknown,compatible,not_assessable,0.1156613677740097,,,assessment_1|student_7|D|obs_001|obs_041,very_low
D,assessment_1,student_7,obs_001,obs_042,The submission is good overall.,"The student has successfully constructed a proof for the theorem, using the provided axioms to rearrange nested conjunctions. The proof is well-structured and correctly implements the required logic.",strength,strength,overall,task,,part_2,,theorem_3,,T3-R2,unknown,compatible,not_assessable,0.1139980256557464,,,assessment_1|student_7|D|obs_001|obs_042,very_low
D,assessment_1,student_7,obs_001,obs_043,The submission is good overall.,"The student has successfully constructed a proof that demonstrates the requirement. The proof uses the provided axioms to rearrange the nested conjunction, and the comments in the code explain each step of the proof.",strength,strength,overall,task,,part_2,,theorem_3,,T3-R3,unknown,compatible,not_assessable,0.0688495263457298,,,assessment_1|student_7|D|obs_001|obs_043,very_low
D,assessment_1,student_7,obs_001,obs_044,The submission is good overall.,"The proof correctly applies the required axioms to rearrange the nested conjunctions. The use of AxConjElimLeft, AxConjElimRight, and AxConjIntro is appropriate and aligns with the requirement.",strength,strength,overall,task,,part_2,,theorem_3,,T3-R4,unknown,compatible,not_assessable,0.057486854493618,,,assessment_1|student_7|D|obs_001|obs_044,very_low
D,assessment_1,student_7,obs_001,obs_045,The submission is good overall.,"The student has correctly implemented the elimination and reconstruction steps in the proof. The comments in the proof body provide a clear explanation of each step, meeting the requirement for explanation.",strength,strength,overall,task,,part_2,,theorem_3,,T3-R5,unknown,compatible,not_assessable,0.2381311953067779,,,assessment_1|student_7|D|obs_001|obs_045,low_medium
D,assessment_1,student_7,obs_001,obs_046,The submission is good overall.,"The theorem 'ex3' is correctly defined and its proof is present. The proof uses the provided axioms for conjunction elimination and introduction, and the theorem compiles as the necessary axioms are declared.",strength,strength,overall,task,,part_2,,theorem_3,,T3-R6,unknown,compatible,not_assessable,0.0760995745658874,,,assessment_1|student_7|D|obs_001|obs_046,very_low
D,assessment_1,student_7,obs_001,obs_047,The submission is good overall.,The student has correctly proven the theorem ex4 using a proof by contradiction strategy. The proof is supported by the provided axioms and correctly applies the logical steps to derive the conclusion.,strength,strength,overall,task,,part_2,,theorem_4,,T4-R1,unknown,compatible,not_assessable,0.1225349977612495,,,assessment_1|student_7|D|obs_001|obs_047,very_low
D,assessment_1,student_7,obs_001,obs_048,The submission is good overall.,The student's proof correctly uses AxConjIntro to derive the provable (conj x y) within the proof body. The proof by contradiction strategy is appropriately applied to show the desired result.,strength,strength,overall,task,,part_2,,theorem_4,,T4-R2,unknown,compatible,not_assessable,0.1139812171459198,,,assessment_1|student_7|D|obs_001|obs_048,very_low
D,assessment_1,student_7,obs_001,obs_049,The submission is good overall.,The theorem ex4 meets the requirement by using the contradiction with ¬ provable (conj x y) to establish ¬ provable y. The proof is correctly structured and includes comments explaining the reasoning.,strength,strength,overall,task,,part_2,,theorem_4,,T4-R3,unknown,compatible,not_assessable,0.0801647454500198,,,assessment_1|student_7|D|obs_001|obs_049,very_low
D,assessment_1,student_7,obs_001,obs_050,The submission is good overall.,The student correctly applied the AxConjIntro axiom with the appropriate arguments in the proof of theorem ex4.,strength,strength,overall,task,,part_2,,theorem_4,,T4-R4,unknown,compatible,not_assessable,0.1598223447799682,,,assessment_1|student_7|D|obs_001|obs_050,very_low
D,assessment_1,student_7,obs_001,obs_051,The submission is good overall.,"The student has demonstrated a clear understanding of the contradiction-based proof strategy. The theorem ex4 uses a proof by contradiction approach to show that if ¬provable (conj x y) and provable x, then ¬provable y. The proof includes comments explaining the steps, which support the explanation criterion.",strength,strength,overall,task,,part_2,,theorem_4,,T4-R5,unknown,compatible,not_assessable,0.0940017998218536,,,assessment_1|student_7|D|obs_001|obs_051,very_low
D,assessment_1,student_7,obs_001,obs_052,The submission is good overall.,"The theorem and supporting axioms are present and correctly structured, indicating that the theorem compiles in Lean 4.",strength,strength,overall,task,,part_2,,theorem_4,,T4-R6,unknown,compatible,not_assessable,0.160195916891098,,,assessment_1|student_7|D|obs_001|obs_052,very_low
D,assessment_1,student_7,obs_002,obs_006,Scenario 1 does not correctly combine the prerequisite condition and approval condition into the required conjunctive eligibility condition.,"Your proof demonstrates the use of case analysis to handle the disjunctions in the eligibility conditions. However, it does not include an explicit explanation of how the prerequisite and approval conditions together establish eligibility, which is required by the assessment criterion.",error,suggestion,task,task,part_1,part_1,scenario_1,scenario_1,S1-R3,S1-R6,exact,potentially_compatible,no_overlap,0.7092380523681641,,,assessment_1|student_7|D|obs_002|obs_006,high
D,assessment_1,student_7,obs_002,obs_007,Scenario 1 does not correctly combine the prerequisite condition and approval condition into the required conjunctive eligibility condition.,The proof does not fully satisfy the requirement that both prerequisite and approval conditions must be satisfied. The proof uses case analysis but does not properly handle the conjunctive requirement. The proof should ensure that both (x1 ∨ x2) and (y1 ∨ y2) are satisfied and that their conjunction implies z.,error,error,task,task,part_1,part_1,scenario_1,scenario_1,S1-R3,S1-R7,exact,compatible,no_overlap,0.7023256421089172,,,assessment_1|student_7|D|obs_002|obs_007,high
D,assessment_1,student_7,obs_003,obs_031,"Theorem 1 proves the wrong logical structure: the required goal is a conjunction containing two claims, but the submitted proof instead establishes an implication from a conjunction to a single outcome.","The student's proof does not directly address the requirement that provable (conj x False) leads to a contradiction. The proof provided is for a different statement, and therefore does not meet the exact requirement.",error,error,task,task,part_2,part_2,theorem_1,theorem_1,T1-R1|T1-R2,T1-R1,exact,compatible,overlap,0.5169169902801514,,,assessment_1|student_7|D|obs_003|obs_031,boundary_high
D,assessment_1,student_7,obs_003,obs_032,"Theorem 1 proves the wrong logical structure: the required goal is a conjunction containing two claims, but the submitted proof instead establishes an implication from a conjunction to a single outcome.","The student's proof demonstrates a different claim: if provable (conj x False) and provable x, then ¬provable False. This is not the exact requirement, which is to prove that 'provable x does not imply that False is provable.'",error,error,task,task,part_2,part_2,theorem_1,theorem_1,T1-R1|T1-R2,T1-R2,exact,compatible,overlap,0.474710077047348,,,assessment_1|student_7|D|obs_003|obs_032,boundary_low
A,assessment_2,student_1,obs_001,obs_001,"The ontology is logically sound and makes appropriate use of subclassing, properties, and a well-formed Description Logic axiom.",The report and ontology are well-structured and meet all the requirements for completeness and correctness.,strength,strength,part,part,part_1_ontology,part_1_ontology,,,P1-R2|P1-R3|P1-R5|P1-R6,P1-R1|P1-R2|P1-R3|P1-R4|P1-R5|P1-R7|P1-R8|P1-R9|P1-R10|P1-R11,exact,compatible,overlap,0.5662720203399658,,,assessment_2|student_1|A|obs_001|obs_001,boundary_high
A,assessment_2,student_1,obs_001,obs_002,"The ontology is logically sound and makes appropriate use of subclassing, properties, and a well-formed Description Logic axiom.",Consider using an OWL reasoner to validate the ontology's logical consistency.,strength,suggestion,part,part,part_1_ontology,part_1_ontology,,,P1-R2|P1-R3|P1-R5|P1-R6,P1-R6,exact,potentially_compatible,overlap,0.6044833064079285,,,assessment_2|student_1|A|obs_001|obs_002,boundary_high
A,assessment_2,student_1,obs_002,obs_002,The report is too brief to provide the clarity and depth expected by the assessment.,Consider using an OWL reasoner to validate the ontology's logical consistency.,error,suggestion,part,part,part_1_ontology,part_1_ontology,,,,P1-R6,exact,potentially_compatible,not_assessable,0.065718799829483,,,assessment_2|student_1|A|obs_002|obs_002,very_low
A,assessment_2,student_1,obs_003,obs_002,The report does not present the axiom using formal Description Logic syntax or adequately relate it to the original source material.,Consider using an OWL reasoner to validate the ontology's logical consistency.,error,suggestion,part,part,part_1_ontology,part_1_ontology,,,P1-R10,P1-R6,exact,potentially_compatible,no_overlap,0.300145149230957,,,assessment_2|student_1|A|obs_003|obs_002,low_medium
A,assessment_2,student_1,obs_004,obs_002,The report provides limited critical reflection on the ontology design decisions.,Consider using an OWL reasoner to validate the ontology's logical consistency.,error,suggestion,part,part,part_1_ontology,part_1_ontology,,,P1-R11,P1-R6,exact,potentially_compatible,no_overlap,0.4603524208068847,,,assessment_2|student_1|A|obs_004|obs_002,boundary_low
A,assessment_2,student_1,obs_005,obs_003,The modal logic formulas are mostly accurate and syntactically correct.,"The formula meets all the requirements for the task, including semantic alignment and framework compliance.",strength,strength,part,task,part_2_prolog_modal_logic,part_2_prolog_modal_logic,,part_2_task_1,,P2-T1-R1|P2-T1-R2|P2-T1-R3|P2-T1-R4,human_broader,compatible,not_assessable,0.4668224453926086,,,assessment_2|student_1|A|obs_005|obs_003,boundary_low
A,assessment_2,student_1,obs_005,obs_005,The modal logic formulas are mostly accurate and syntactically correct.,Ensure that the modal operators are used in accordance with the framework's specifications.,strength,suggestion,part,task,part_2_prolog_modal_logic,part_2_prolog_modal_logic,,part_2_task_2,,P2-T2-R5,human_broader,potentially_compatible,not_assessable,0.5042269825935364,,,assessment_2|student_1|A|obs_005|obs_005,boundary_high
A,assessment_2,student_1,obs_005,obs_007,The modal logic formulas are mostly accurate and syntactically correct.,Consider using a different modal logic structure to correctly express the spatial constraint.,strength,suggestion,part,task,part_2_prolog_modal_logic,part_2_prolog_modal_logic,,part_2_task_3,,P2-T3-R2|P2-T3-R3|P2-T3-R5,human_broader,potentially_compatible,not_assessable,0.2538922429084778,,,assessment_2|student_1|A|obs_005|obs_007,low_medium
A,assessment_2,student_1,obs_005,obs_009,The modal logic formulas are mostly accurate and syntactically correct.,Consider using a different modal operator to better express the vertical constraint.,strength,suggestion,part,task,part_2_prolog_modal_logic,part_2_prolog_modal_logic,,part_2_task_4,,P2-T4-R4,human_broader,potentially_compatible,not_assessable,0.1896767914295196,,,assessment_2|student_1|A|obs_005|obs_009,very_low
A,assessment_2,student_1,obs_006,obs_003,The modal logic rules would benefit from clearer explanations and justification to improve their interpretability and depth.,"The formula meets all the requirements for the task, including semantic alignment and framework compliance.",suggestion,strength,part,task,part_2_prolog_modal_logic,part_2_prolog_modal_logic,,part_2_task_1,,P2-T1-R1|P2-T1-R2|P2-T1-R3|P2-T1-R4,human_broader,potentially_compatible,not_assessable,0.3342791199684143,,,assessment_2|student_1|A|obs_006|obs_003,low_medium
A,assessment_2,student_1,obs_006,obs_004,The modal logic rules would benefit from clearer explanations and justification to improve their interpretability and depth.,Use the correct modal operators as specified in the framework.,suggestion,error,part,task,part_2_prolog_modal_logic,part_2_prolog_modal_logic,,part_2_task_2,,P2-T2-R5,human_broader,potentially_compatible,not_assessable,0.2513335943222046,,,assessment_2|student_1|A|obs_006|obs_004,low_medium
A,assessment_2,student_1,obs_006,obs_005,The modal logic rules would benefit from clearer explanations and justification to improve their interpretability and depth.,Ensure that the modal operators are used in accordance with the framework's specifications.,suggestion,suggestion,part,task,part_2_prolog_modal_logic,part_2_prolog_modal_logic,,part_2_task_2,,P2-T2-R5,human_broader,compatible,not_assessable,0.3851320147514343,,,assessment_2|student_1|A|obs_006|obs_005,boundary_low
A,assessment_2,student_1,obs_006,obs_006,The modal logic rules would benefit from clearer explanations and justification to improve their interpretability and depth.,The formula should use a different modal logic structure to correctly express the spatial constraint.,suggestion,error,part,task,part_2_prolog_modal_logic,part_2_prolog_modal_logic,,part_2_task_3,,P2-T3-R2|P2-T3-R3|P2-T3-R5,human_broader,potentially_compatible,not_assessable,0.3245956003665924,,,assessment_2|student_1|A|obs_006|obs_006,low_medium
A,assessment_2,student_1,obs_006,obs_007,The modal logic rules would benefit from clearer explanations and justification to improve their interpretability and depth.,Consider using a different modal logic structure to correctly express the spatial constraint.,suggestion,suggestion,part,task,part_2_prolog_modal_logic,part_2_prolog_modal_logic,,part_2_task_3,,P2-T3-R2|P2-T3-R3|P2-T3-R5,human_broader,compatible,not_assessable,0.2767314612865448,,,assessment_2|student_1|A|obs_006|obs_007,low_medium
A,assessment_2,student_1,obs_006,obs_008,The modal logic rules would benefit from clearer explanations and justification to improve their interpretability and depth.,Ensure the formula applies to all states above and uses appropriate modal operators for spatial constraints.,suggestion,error,part,task,part_2_prolog_modal_logic,part_2_prolog_modal_logic,,part_2_task_4,,P2-T4-R1|P2-T4-R2|P2-T4-R4,human_broader,potentially_compatible,not_assessable,0.2370856255292892,,,assessment_2|student_1|A|obs_006|obs_008,low_medium
A,assessment_2,student_1,obs_006,obs_009,The modal logic rules would benefit from clearer explanations and justification to improve their interpretability and depth.,Consider using a different modal operator to better express the vertical constraint.,suggestion,suggestion,part,task,part_2_prolog_modal_logic,part_2_prolog_modal_logic,,part_2_task_4,,P2-T4-R4,human_broader,compatible,not_assessable,0.2380142211914062,,,assessment_2|student_1|A|obs_006|obs_009,low_medium
A,assessment_2,student_1,obs_006,obs_010,The modal logic rules would benefit from clearer explanations and justification to improve their interpretability and depth.,Ensure that each preventive formula effectively excludes the described configuration.,suggestion,error,part,task,part_2_prolog_modal_logic,part_2_prolog_modal_logic,,part_2_task_5,,P2-T5-R6,human_broader,potentially_compatible,not_assessable,0.102980263531208,,,assessment_2|student_1|A|obs_006|obs_010,very_low
A,assessment_2,student_1,obs_007,obs_010,Task 5 needs clearer explanation and justification of the proposed problematic configurations and the rules intended to prevent them.,Ensure that each preventive formula effectively excludes the described configuration.,error,error,task,task,part_2_prolog_modal_logic,part_2_prolog_modal_logic,part_2_task_5,part_2_task_5,P2-T5-R2|P2-T5-R5,P2-T5-R6,exact,compatible,no_overlap,0.351027250289917,,,assessment_2|student_1|A|obs_007|obs_010,boundary_low
A,assessment_2,student_1,obs_008,obs_008,Task 4 contains a directional error in the use of modal operators.,Ensure the formula applies to all states above and uses appropriate modal operators for spatial constraints.,error,error,task,task,part_2_prolog_modal_logic,part_2_prolog_modal_logic,part_2_task_4,part_2_task_4,P2-T4-R4,P2-T4-R1|P2-T4-R2|P2-T4-R4,exact,compatible,overlap,0.3866213262081146,,,assessment_2|student_1|A|obs_008|obs_008,boundary_low
A,assessment_2,student_1,obs_008,obs_009,Task 4 contains a directional error in the use of modal operators.,Consider using a different modal operator to better express the vertical constraint.,error,suggestion,task,task,part_2_prolog_modal_logic,part_2_prolog_modal_logic,part_2_task_4,part_2_task_4,P2-T4-R4,P2-T4-R4,exact,potentially_compatible,exact,0.3869190812110901,,,assessment_2|student_1|A|obs_008|obs_009,boundary_low
B,assessment_2,student_1,obs_001,b_obs_001,"The ontology is logically sound and makes appropriate use of subclassing, properties, and a well-formed Description Logic axiom.",The ontology contains at least ten relevant classes.,strength,strength,part,part,part_1_ontology,part_1_ontology,,,P1-R2|P1-R3|P1-R5|P1-R6,P1-R1,exact,compatible,no_overlap,0.6888232231140137,,,assessment_2|student_1|B|obs_001|b_obs_001,high
B,assessment_2,student_1,obs_001,b_obs_002,"The ontology is logically sound and makes appropriate use of subclassing, properties, and a well-formed Description Logic axiom.",Subclass relationships are logically justified.,strength,strength,part,part,part_1_ontology,part_1_ontology,,,P1-R2|P1-R3|P1-R5|P1-R6,P1-R2,exact,compatible,overlap,0.4836643934249878,,,assessment_2|student_1|B|obs_001|b_obs_002,boundary_low
B,assessment_2,student_1,obs_001,b_obs_003,"The ontology is logically sound and makes appropriate use of subclassing, properties, and a well-formed Description Logic axiom.",The ontology contains at least five meaningful properties.,strength,strength,part,part,part_1_ontology,part_1_ontology,,,P1-R2|P1-R3|P1-R5|P1-R6,P1-R3,exact,compatible,overlap,0.6542434692382812,,,assessment_2|student_1|B|obs_001|b_obs_003,high
B,assessment_2,student_1,obs_001,b_obs_004,"The ontology is logically sound and makes appropriate use of subclassing, properties, and a well-formed Description Logic axiom.","Property domains, ranges, and characteristics are correctly modelled.",strength,strength,part,part,part_1_ontology,part_1_ontology,,,P1-R2|P1-R3|P1-R5|P1-R6,P1-R4,exact,compatible,no_overlap,0.320875346660614,,,assessment_2|student_1|B|obs_001|b_obs_004,low_medium
B,assessment_2,student_1,obs_001,b_obs_005,"The ontology is logically sound and makes appropriate use of subclassing, properties, and a well-formed Description Logic axiom.",The ontology contains a logically correct Description Logic axiom.,strength,strength,part,part,part_1_ontology,part_1_ontology,,,P1-R2|P1-R3|P1-R5|P1-R6,P1-R5,exact,compatible,overlap,0.8352488279342651,,,assessment_2|student_1|B|obs_001|b_obs_005,high
B,assessment_2,student_1,obs_001,b_obs_006,"The ontology is logically sound and makes appropriate use of subclassing, properties, and a well-formed Description Logic axiom.",Consider using an OWL reasoner to validate the ontology's logical consistency.,strength,strength,part,part,part_1_ontology,part_1_ontology,,,P1-R2|P1-R3|P1-R5|P1-R6,P1-R6,exact,compatible,overlap,0.6044833064079285,,,assessment_2|student_1|B|obs_001|b_obs_006,boundary_high
B,assessment_2,student_1,obs_001,b_obs_007,"The ontology is logically sound and makes appropriate use of subclassing, properties, and a well-formed Description Logic axiom.",The report accurately describes the submitted ontology.,strength,strength,part,part,part_1_ontology,part_1_ontology,,,P1-R2|P1-R3|P1-R5|P1-R6,P1-R7,exact,compatible,no_overlap,0.5359044075012207,,,assessment_2|student_1|B|obs_001|b_obs_007,boundary_high
B,assessment_2,student_1,obs_001,b_obs_008,"The ontology is logically sound and makes appropriate use of subclassing, properties, and a well-formed Description Logic axiom.",The report clearly explains the purpose and scope of the ontology.,strength,strength,part,part,part_1_ontology,part_1_ontology,,,P1-R2|P1-R3|P1-R5|P1-R6,P1-R8,exact,compatible,no_overlap,0.5907933115959167,,,assessment_2|student_1|B|obs_001|b_obs_008,boundary_high
B,assessment_2,student_1,obs_001,b_obs_009,"The ontology is logically sound and makes appropriate use of subclassing, properties, and a well-formed Description Logic axiom.",The report justifies the chosen class and property hierarchies.,strength,strength,part,part,part_1_ontology,part_1_ontology,,,P1-R2|P1-R3|P1-R5|P1-R6,P1-R9,exact,compatible,no_overlap,0.349477469921112,,,assessment_2|student_1|B|obs_001|b_obs_009,low_medium
B,assessment_2,student_1,obs_001,b_obs_010,"The ontology is logically sound and makes appropriate use of subclassing, properties, and a well-formed Description Logic axiom.",The report correctly explains the Description Logic axiom and relates it to the source text.,strength,strength,part,part,part_1_ontology,part_1_ontology,,,P1-R2|P1-R3|P1-R5|P1-R6,P1-R10,exact,compatible,no_overlap,0.5811259746551514,,,assessment_2|student_1|B|obs_001|b_obs_010,boundary_high
B,assessment_2,student_1,obs_001,b_obs_011,"The ontology is logically sound and makes appropriate use of subclassing, properties, and a well-formed Description Logic axiom.",The report critically discusses the strengths and limitations of the ontology.,strength,strength,part,part,part_1_ontology,part_1_ontology,,,P1-R2|P1-R3|P1-R5|P1-R6,P1-R11,exact,compatible,no_overlap,0.5954990386962891,,,assessment_2|student_1|B|obs_001|b_obs_011,boundary_high
B,assessment_2,student_1,obs_001,b_obs_012,"The ontology is logically sound and makes appropriate use of subclassing, properties, and a well-formed Description Logic axiom.",The report does not exceed the specified word limit of 750 words.,strength,strength,part,part,part_1_ontology,part_1_ontology,,,P1-R2|P1-R3|P1-R5|P1-R6,P1-R12,exact,compatible,no_overlap,0.0562463104724884,,,assessment_2|student_1|B|obs_001|b_obs_012,very_low
B,assessment_2,student_1,obs_005,b_obs_013,The modal logic formulas are mostly accurate and syntactically correct.,The formula correctly prevents bread and filling from holding simultaneously.,strength,strength,part,task,part_2_prolog_modal_logic,part_2_prolog_modal_logic,,part_2_task_1,,P2-T1-R1,human_broader,compatible,not_assessable,0.18912273645401,,,assessment_2|student_1|B|obs_005|b_obs_013,very_low
B,assessment_2,student_1,obs_005,b_obs_014,The modal logic formulas are mostly accurate and syntactically correct.,The formula captures the intended meaning of mutual exclusivity.,strength,strength,part,task,part_2_prolog_modal_logic,part_2_prolog_modal_logic,,part_2_task_1,,P2-T1-R2,human_broader,compatible,not_assessable,0.2185448110103607,,,assessment_2|student_1|B|obs_005|b_obs_014,low_medium
B,assessment_2,student_1,obs_005,b_obs_015,The modal logic formulas are mostly accurate and syntactically correct.,The submitted formula is well formed according to the supplied modal logic syntax.,strength,strength,part,task,part_2_prolog_modal_logic,part_2_prolog_modal_logic,,part_2_task_1,,P2-T1-R3,human_broader,compatible,not_assessable,0.5878170728683472,,,assessment_2|student_1|B|obs_005|b_obs_015,boundary_high
B,assessment_2,student_1,obs_005,b_obs_016,The modal logic formulas are mostly accurate and syntactically correct.,The answer is provided in the required predicate answer1/1.,strength,strength,part,task,part_2_prolog_modal_logic,part_2_prolog_modal_logic,,part_2_task_1,,P2-T1-R4,human_broader,compatible,not_assessable,0.1799786388874054,,,assessment_2|student_1|B|obs_005|b_obs_016,very_low
B,assessment_2,student_1,obs_005,b_obs_017,The modal logic formulas are mostly accurate and syntactically correct.,The bread requirement is correctly conditioned on the presence of filling.,strength,strength,part,task,part_2_prolog_modal_logic,part_2_prolog_modal_logic,,part_2_task_2,,P2-T2-R1,human_broader,compatible,not_assessable,0.1138215437531471,,,assessment_2|student_1|B|obs_005|b_obs_017,very_low
B,assessment_2,student_1,obs_005,b_obs_018,The modal logic formulas are mostly accurate and syntactically correct.,The formula requires bread immediately above filling.,strength,strength,part,task,part_2_prolog_modal_logic,part_2_prolog_modal_logic,,part_2_task_2,,P2-T2-R2,human_broader,compatible,not_assessable,0.1353257447481155,,,assessment_2|student_1|B|obs_005|b_obs_018,very_low
B,assessment_2,student_1,obs_005,b_obs_019,The modal logic formulas are mostly accurate and syntactically correct.,The formula requires bread immediately below filling.,strength,strength,part,task,part_2_prolog_modal_logic,part_2_prolog_modal_logic,,part_2_task_2,,P2-T2-R3,human_broader,compatible,not_assessable,0.1318485140800476,,,assessment_2|student_1|B|obs_005|b_obs_019,very_low
B,assessment_2,student_1,obs_005,b_obs_020,The modal logic formulas are mostly accurate and syntactically correct.,The formula expresses immediate adjacency rather than arbitrary vertical distance.,strength,strength,part,task,part_2_prolog_modal_logic,part_2_prolog_modal_logic,,part_2_task_2,,P2-T2-R4,human_broader,compatible,not_assessable,0.2293641120195388,,,assessment_2|student_1|B|obs_005|b_obs_020,low_medium
B,assessment_2,student_1,obs_005,b_obs_022,The modal logic formulas are mostly accurate and syntactically correct.,The submitted formula is well formed according to the supplied modal logic syntax.,strength,strength,part,task,part_2_prolog_modal_logic,part_2_prolog_modal_logic,,part_2_task_2,,P2-T2-R6,human_broader,compatible,not_assessable,0.5878170728683472,,,assessment_2|student_1|B|obs_005|b_obs_022,boundary_high
B,assessment_2,student_1,obs_005,b_obs_023,The modal logic formulas are mostly accurate and syntactically correct.,The answer is provided in the required predicate answer2/1.,strength,strength,part,task,part_2_prolog_modal_logic,part_2_prolog_modal_logic,,part_2_task_2,,P2-T2-R7,human_broader,compatible,not_assessable,0.1827663034200668,,,assessment_2|student_1|B|obs_005|b_obs_023,very_low
B,assessment_2,student_1,obs_005,b_obs_024,The modal logic formulas are mostly accurate and syntactically correct.,The distance restriction is correctly conditioned on the presence of filling.,strength,strength,part,task,part_2_prolog_modal_logic,part_2_prolog_modal_logic,,part_2_task_3,,P2-T3-R1,human_broader,compatible,not_assessable,0.0765100270509719,,,assessment_2|student_1|B|obs_005|b_obs_024,very_low
B,assessment_2,student_1,obs_005,b_obs_026,The modal logic formulas are mostly accurate and syntactically correct.,The formula does not incorrectly prohibit bread immediately below filling.,strength,strength,part,task,part_2_prolog_modal_logic,part_2_prolog_modal_logic,,part_2_task_3,,P2-T3-R3,human_broader,compatible,not_assessable,0.1808531880378723,,,assessment_2|student_1|B|obs_005|b_obs_026,very_low
B,assessment_2,student_1,obs_005,b_obs_027,The modal logic formulas are mostly accurate and syntactically correct.,The formula prevents bread from occurring more than one row below filling.,strength,strength,part,task,part_2_prolog_modal_logic,part_2_prolog_modal_logic,,part_2_task_3,,P2-T3-R4,human_broader,compatible,not_assessable,0.0987059623003006,,,assessment_2|student_1|B|obs_005|b_obs_027,very_low
B,assessment_2,student_1,obs_005,b_obs_029,The modal logic formulas are mostly accurate and syntactically correct.,The submitted formula is well formed according to the supplied modal logic syntax.,strength,strength,part,task,part_2_prolog_modal_logic,part_2_prolog_modal_logic,,part_2_task_3,,P2-T3-R6,human_broader,compatible,not_assessable,0.5878170728683472,,,assessment_2|student_1|B|obs_005|b_obs_029,boundary_high
B,assessment_2,student_1,obs_005,b_obs_030,The modal logic formulas are mostly accurate and syntactically correct.,The answer is provided in the required predicate answer3/1.,strength,strength,part,task,part_2_prolog_modal_logic,part_2_prolog_modal_logic,,part_2_task_3,,P2-T3-R7,human_broader,compatible,not_assessable,0.1986347585916519,,,assessment_2|student_1|B|obs_005|b_obs_030,very_low
B,assessment_2,student_1,obs_005,b_obs_031,The modal logic formulas are mostly accurate and syntactically correct.,Your submitted formula is correctly conditioned on the presence of filling in the current state.,strength,strength,part,task,part_2_prolog_modal_logic,part_2_prolog_modal_logic,,part_2_task_4,,P2-T4-R1,human_broader,compatible,not_assessable,0.2173246145248413,,,assessment_2|student_1|B|obs_005|b_obs_031,low_medium
B,assessment_2,student_1,obs_005,b_obs_032,The modal logic formulas are mostly accurate and syntactically correct.,"The formula correctly applies to all relevant states above the current filling state, as specified in the requirement.",strength,strength,part,task,part_2_prolog_modal_logic,part_2_prolog_modal_logic,,part_2_task_4,,P2-T4-R2,human_broader,compatible,not_assessable,0.2898967266082763,,,assessment_2|student_1|B|obs_005|b_obs_032,low_medium
B,assessment_2,student_1,obs_005,b_obs_033,The modal logic formulas are mostly accurate and syntactically correct.,The formula prevents filling from occurring anywhere above another filling state.,strength,strength,part,task,part_2_prolog_modal_logic,part_2_prolog_modal_logic,,part_2_task_4,,P2-T4-R3,human_broader,compatible,not_assessable,0.1458358019590377,,,assessment_2|student_1|B|obs_005|b_obs_033,very_low
B,assessment_2,student_1,obs_005,b_obs_034,The modal logic formulas are mostly accurate and syntactically correct.,The modal operators in your submitted formula correctly express the intended spatial constraint.,strength,strength,part,task,part_2_prolog_modal_logic,part_2_prolog_modal_logic,,part_2_task_4,,P2-T4-R4,human_broader,compatible,not_assessable,0.3286931812763214,,,assessment_2|student_1|B|obs_005|b_obs_034,low_medium
B,assessment_2,student_1,obs_005,b_obs_035,The modal logic formulas are mostly accurate and syntactically correct.,The formula is well-formed according to the supplied modal logic syntax.,strength,strength,part,task,part_2_prolog_modal_logic,part_2_prolog_modal_logic,,part_2_task_4,,P2-T4-R5,human_broader,compatible,not_assessable,0.6417820453643799,,,assessment_2|student_1|B|obs_005|b_obs_035,boundary_high
B,assessment_2,student_1,obs_005,b_obs_036,The modal logic formulas are mostly accurate and syntactically correct.,The answer is provided in the required predicate answer4/1.,strength,strength,part,task,part_2_prolog_modal_logic,part_2_prolog_modal_logic,,part_2_task_4,,P2-T4-R6,human_broader,compatible,not_assessable,0.1793557703495025,,,assessment_2|student_1|B|obs_005|b_obs_036,very_low
B,assessment_2,student_1,obs_005,b_obs_037,The modal logic formulas are mostly accurate and syntactically correct.,Exactly three examples are provided.,strength,strength,part,task,part_2_prolog_modal_logic,part_2_prolog_modal_logic,,part_2_task_5,,P2-T5-R1,human_broader,compatible,not_assessable,0.2565513849258423,,,assessment_2|student_1|B|obs_005|b_obs_037,low_medium
B,assessment_2,student_1,obs_005,b_obs_038,The modal logic formulas are mostly accurate and syntactically correct.,Each example clearly describes a problematic sandwich configuration.,strength,strength,part,task,part_2_prolog_modal_logic,part_2_prolog_modal_logic,,part_2_task_5,,P2-T5-R2,human_broader,compatible,not_assessable,0.1685001105070114,,,assessment_2|student_1|B|obs_005|b_obs_038,very_low
B,assessment_2,student_1,obs_005,b_obs_039,The modal logic formulas are mostly accurate and syntactically correct.,Each described configuration is compatible with the constraints established in Tasks 1–4.,strength,strength,part,task,part_2_prolog_modal_logic,part_2_prolog_modal_logic,,part_2_task_5,,P2-T5-R3,human_broader,compatible,not_assessable,0.1770524531602859,,,assessment_2|student_1|B|obs_005|b_obs_039,very_low
B,assessment_2,student_1,obs_005,b_obs_040,The modal logic formulas are mostly accurate and syntactically correct.,The three examples identify meaningfully different shortcomings of the original specification.,strength,strength,part,task,part_2_prolog_modal_logic,part_2_prolog_modal_logic,,part_2_task_5,,P2-T5-R4,human_broader,compatible,not_assessable,0.3035137057304382,,,assessment_2|student_1|B|obs_005|b_obs_040,low_medium
B,assessment_2,student_1,obs_005,b_obs_041,The modal logic formulas are mostly accurate and syntactically correct.,Each preventive formula directly addresses the corresponding problem description.,strength,strength,part,task,part_2_prolog_modal_logic,part_2_prolog_modal_logic,,part_2_task_5,,P2-T5-R5,human_broader,compatible,not_assessable,0.2666273713111877,,,assessment_2|student_1|B|obs_005|b_obs_041,low_medium
B,assessment_2,student_1,obs_005,b_obs_043,The modal logic formulas are mostly accurate and syntactically correct.,Each submitted formula is well formed according to the supplied modal logic syntax.,strength,strength,part,task,part_2_prolog_modal_logic,part_2_prolog_modal_logic,,part_2_task_5,,P2-T5-R7,human_broader,compatible,not_assessable,0.6303842067718506,,,assessment_2|student_1|B|obs_005|b_obs_043,boundary_high
B,assessment_2,student_1,obs_005,b_obs_044,The modal logic formulas are mostly accurate and syntactically correct.,"The responses are provided in answer51/1, answer52/1 and answer53/1.",strength,strength,part,task,part_2_prolog_modal_logic,part_2_prolog_modal_logic,,part_2_task_5,,P2-T5-R8,human_broader,compatible,not_assessable,0.1358010023832321,,,assessment_2|student_1|B|obs_005|b_obs_044,very_low
B,assessment_2,student_1,obs_006,b_obs_013,The modal logic rules would benefit from clearer explanations and justification to improve their interpretability and depth.,The formula correctly prevents bread and filling from holding simultaneously.,suggestion,strength,part,task,part_2_prolog_modal_logic,part_2_prolog_modal_logic,,part_2_task_1,,P2-T1-R1,human_broader,potentially_compatible,not_assessable,0.1092627346515655,,,assessment_2|student_1|B|obs_006|b_obs_013,very_low
B,assessment_2,student_1,obs_006,b_obs_014,The modal logic rules would benefit from clearer explanations and justification to improve their interpretability and depth.,The formula captures the intended meaning of mutual exclusivity.,suggestion,strength,part,task,part_2_prolog_modal_logic,part_2_prolog_modal_logic,,part_2_task_1,,P2-T1-R2,human_broader,potentially_compatible,not_assessable,0.2033850848674774,,,assessment_2|student_1|B|obs_006|b_obs_014,low_medium
B,assessment_2,student_1,obs_006,b_obs_015,The modal logic rules would benefit from clearer explanations and justification to improve their interpretability and depth.,The submitted formula is well formed according to the supplied modal logic syntax.,suggestion,strength,part,task,part_2_prolog_modal_logic,part_2_prolog_modal_logic,,part_2_task_1,,P2-T1-R3,human_broader,potentially_compatible,not_assessable,0.3785292506217956,,,assessment_2|student_1|B|obs_006|b_obs_015,boundary_low
B,assessment_2,student_1,obs_006,b_obs_016,The modal logic rules would benefit from clearer explanations and justification to improve their interpretability and depth.,The answer is provided in the required predicate answer1/1.,suggestion,strength,part,task,part_2_prolog_modal_logic,part_2_prolog_modal_logic,,part_2_task_1,,P2-T1-R4,human_broader,potentially_compatible,not_assessable,0.0860447734594345,,,assessment_2|student_1|B|obs_006|b_obs_016,very_low
B,assessment_2,student_1,obs_006,b_obs_017,The modal logic rules would benefit from clearer explanations and justification to improve their interpretability and depth.,The bread requirement is correctly conditioned on the presence of filling.,suggestion,strength,part,task,part_2_prolog_modal_logic,part_2_prolog_modal_logic,,part_2_task_2,,P2-T2-R1,human_broader,potentially_compatible,not_assessable,0.1155401468276977,,,assessment_2|student_1|B|obs_006|b_obs_017,very_low
B,assessment_2,student_1,obs_006,b_obs_018,The modal logic rules would benefit from clearer explanations and justification to improve their interpretability and depth.,The formula requires bread immediately above filling.,suggestion,strength,part,task,part_2_prolog_modal_logic,part_2_prolog_modal_logic,,part_2_task_2,,P2-T2-R2,human_broader,potentially_compatible,not_assessable,0.1207180023193359,,,assessment_2|student_1|B|obs_006|b_obs_018,very_low
B,assessment_2,student_1,obs_006,b_obs_019,The modal logic rules would benefit from clearer explanations and justification to improve their interpretability and depth.,The formula requires bread immediately below filling.,suggestion,strength,part,task,part_2_prolog_modal_logic,part_2_prolog_modal_logic,,part_2_task_2,,P2-T2-R3,human_broader,potentially_compatible,not_assessable,0.1186323389410972,,,assessment_2|student_1|B|obs_006|b_obs_019,very_low
B,assessment_2,student_1,obs_006,b_obs_020,The modal logic rules would benefit from clearer explanations and justification to improve their interpretability and depth.,The formula expresses immediate adjacency rather than arbitrary vertical distance.,suggestion,strength,part,task,part_2_prolog_modal_logic,part_2_prolog_modal_logic,,part_2_task_2,,P2-T2-R4,human_broader,potentially_compatible,not_assessable,0.1466981023550033,,,assessment_2|student_1|B|obs_006|b_obs_020,very_low
B,assessment_2,student_1,obs_006,b_obs_021,The modal logic rules would benefit from clearer explanations and justification to improve their interpretability and depth.,Use the correct modal operators as specified in the framework.,suggestion,error,part,task,part_2_prolog_modal_logic,part_2_prolog_modal_logic,,part_2_task_2,,P2-T2-R5,human_broader,potentially_compatible,not_assessable,0.2513335943222046,,,assessment_2|student_1|B|obs_006|b_obs_021,low_medium
B,assessment_2,student_1,obs_006,b_obs_022,The modal logic rules would benefit from clearer explanations and justification to improve their interpretability and depth.,The submitted formula is well formed according to the supplied modal logic syntax.,suggestion,strength,part,task,part_2_prolog_modal_logic,part_2_prolog_modal_logic,,part_2_task_2,,P2-T2-R6,human_broader,potentially_compatible,not_assessable,0.3785292506217956,,,assessment_2|student_1|B|obs_006|b_obs_022,boundary_low
B,assessment_2,student_1,obs_006,b_obs_023,The modal logic rules would benefit from clearer explanations and justification to improve their interpretability and depth.,The answer is provided in the required predicate answer2/1.,suggestion,strength,part,task,part_2_prolog_modal_logic,part_2_prolog_modal_logic,,part_2_task_2,,P2-T2-R7,human_broader,potentially_compatible,not_assessable,0.0871568322181701,,,assessment_2|student_1|B|obs_006|b_obs_023,very_low
B,assessment_2,student_1,obs_006,b_obs_024,The modal logic rules would benefit from clearer explanations and justification to improve their interpretability and depth.,The distance restriction is correctly conditioned on the presence of filling.,suggestion,strength,part,task,part_2_prolog_modal_logic,part_2_prolog_modal_logic,,part_2_task_3,,P2-T3-R1,human_broader,potentially_compatible,not_assessable,0.1436532139778137,,,assessment_2|student_1|B|obs_006|b_obs_024,very_low
B,assessment_2,student_1,obs_006,b_obs_025,The modal logic rules would benefit from clearer explanations and justification to improve their interpretability and depth.,The formula does not distinguish immediate adjacency from greater vertical distance.,suggestion,error,part,task,part_2_prolog_modal_logic,part_2_prolog_modal_logic,,part_2_task_3,,P2-T3-R2,human_broader,potentially_compatible,not_assessable,0.1217121630907058,,,assessment_2|student_1|B|obs_006|b_obs_025,very_low
B,assessment_2,student_1,obs_006,b_obs_026,The modal logic rules would benefit from clearer explanations and justification to improve their interpretability and depth.,The formula does not incorrectly prohibit bread immediately below filling.,suggestion,strength,part,task,part_2_prolog_modal_logic,part_2_prolog_modal_logic,,part_2_task_3,,P2-T3-R3,human_broader,potentially_compatible,not_assessable,0.1150162816047668,,,assessment_2|student_1|B|obs_006|b_obs_026,very_low
B,assessment_2,student_1,obs_006,b_obs_027,The modal logic rules would benefit from clearer explanations and justification to improve their interpretability and depth.,The formula prevents bread from occurring more than one row below filling.,suggestion,strength,part,task,part_2_prolog_modal_logic,part_2_prolog_modal_logic,,part_2_task_3,,P2-T3-R4,human_broader,potentially_compatible,not_assessable,0.0984002500772476,,,assessment_2|student_1|B|obs_006|b_obs_027,very_low
B,assessment_2,student_1,obs_006,b_obs_028,The modal logic rules would benefit from clearer explanations and justification to improve their interpretability and depth.,The modal operators do not correctly express the intended spatial constraint.,suggestion,error,part,task,part_2_prolog_modal_logic,part_2_prolog_modal_logic,,part_2_task_3,,P2-T3-R5,human_broader,potentially_compatible,not_assessable,0.3112985789775848,,,assessment_2|student_1|B|obs_006|b_obs_028,low_medium
B,assessment_2,student_1,obs_006,b_obs_029,The modal logic rules would benefit from clearer explanations and justification to improve their interpretability and depth.,The submitted formula is well formed according to the supplied modal logic syntax.,suggestion,strength,part,task,part_2_prolog_modal_logic,part_2_prolog_modal_logic,,part_2_task_3,,P2-T3-R6,human_broader,potentially_compatible,not_assessable,0.3785292506217956,,,assessment_2|student_1|B|obs_006|b_obs_029,boundary_low
B,assessment_2,student_1,obs_006,b_obs_030,The modal logic rules would benefit from clearer explanations and justification to improve their interpretability and depth.,The answer is provided in the required predicate answer3/1.,suggestion,strength,part,task,part_2_prolog_modal_logic,part_2_prolog_modal_logic,,part_2_task_3,,P2-T3-R7,human_broader,potentially_compatible,not_assessable,0.1079984605312347,,,assessment_2|student_1|B|obs_006|b_obs_030,very_low
B,assessment_2,student_1,obs_006,b_obs_031,The modal logic rules would benefit from clearer explanations and justification to improve their interpretability and depth.,Your submitted formula is correctly conditioned on the presence of filling in the current state.,suggestion,strength,part,task,part_2_prolog_modal_logic,part_2_prolog_modal_logic,,part_2_task_4,,P2-T4-R1,human_broader,potentially_compatible,not_assessable,0.086804449558258,,,assessment_2|student_1|B|obs_006|b_obs_031,very_low
B,assessment_2,student_1,obs_006,b_obs_032,The modal logic rules would benefit from clearer explanations and justification to improve their interpretability and depth.,"The formula correctly applies to all relevant states above the current filling state, as specified in the requirement.",suggestion,strength,part,task,part_2_prolog_modal_logic,part_2_prolog_modal_logic,,part_2_task_4,,P2-T4-R2,human_broader,potentially_compatible,not_assessable,0.1498046219348907,,,assessment_2|student_1|B|obs_006|b_obs_032,very_low
B,assessment_2,student_1,obs_006,b_obs_033,The modal logic rules would benefit from clearer explanations and justification to improve their interpretability and depth.,The formula prevents filling from occurring anywhere above another filling state.,suggestion,strength,part,task,part_2_prolog_modal_logic,part_2_prolog_modal_logic,,part_2_task_4,,P2-T4-R3,human_broader,potentially_compatible,not_assessable,0.115818053483963,,,assessment_2|student_1|B|obs_006|b_obs_033,very_low
B,assessment_2,student_1,obs_006,b_obs_034,The modal logic rules would benefit from clearer explanations and justification to improve their interpretability and depth.,The modal operators in your submitted formula correctly express the intended spatial constraint.,suggestion,strength,part,task,part_2_prolog_modal_logic,part_2_prolog_modal_logic,,part_2_task_4,,P2-T4-R4,human_broader,potentially_compatible,not_assessable,0.2217055261135101,,,assessment_2|student_1|B|obs_006|b_obs_034,low_medium
B,assessment_2,student_1,obs_006,b_obs_035,The modal logic rules would benefit from clearer explanations and justification to improve their interpretability and depth.,The formula is well-formed according to the supplied modal logic syntax.,suggestion,strength,part,task,part_2_prolog_modal_logic,part_2_prolog_modal_logic,,part_2_task_4,,P2-T4-R5,human_broader,potentially_compatible,not_assessable,0.4265292584896087,,,assessment_2|student_1|B|obs_006|b_obs_035,boundary_low
B,assessment_2,student_1,obs_006,b_obs_036,The modal logic rules would benefit from clearer explanations and justification to improve their interpretability and depth.,The answer is provided in the required predicate answer4/1.,suggestion,strength,part,task,part_2_prolog_modal_logic,part_2_prolog_modal_logic,,part_2_task_4,,P2-T4-R6,human_broader,potentially_compatible,not_assessable,0.0812595412135124,,,assessment_2|student_1|B|obs_006|b_obs_036,very_low
B,assessment_2,student_1,obs_006,b_obs_037,The modal logic rules would benefit from clearer explanations and justification to improve their interpretability and depth.,Exactly three examples are provided.,suggestion,strength,part,task,part_2_prolog_modal_logic,part_2_prolog_modal_logic,,part_2_task_5,,P2-T5-R1,human_broader,potentially_compatible,not_assessable,0.2085247635841369,,,assessment_2|student_1|B|obs_006|b_obs_037,low_medium
B,assessment_2,student_1,obs_006,b_obs_038,The modal logic rules would benefit from clearer explanations and justification to improve their interpretability and depth.,Each example clearly describes a problematic sandwich configuration.,suggestion,strength,part,task,part_2_prolog_modal_logic,part_2_prolog_modal_logic,,part_2_task_5,,P2-T5-R2,human_broader,potentially_compatible,not_assessable,0.1642284095287323,,,assessment_2|student_1|B|obs_006|b_obs_038,very_low
B,assessment_2,student_1,obs_006,b_obs_039,The modal logic rules would benefit from clearer explanations and justification to improve their interpretability and depth.,Each described configuration is compatible with the constraints established in Tasks 1–4.,suggestion,strength,part,task,part_2_prolog_modal_logic,part_2_prolog_modal_logic,,part_2_task_5,,P2-T5-R3,human_broader,potentially_compatible,not_assessable,0.158907949924469,,,assessment_2|student_1|B|obs_006|b_obs_039,very_low
B,assessment_2,student_1,obs_006,b_obs_040,The modal logic rules would benefit from clearer explanations and justification to improve their interpretability and depth.,The three examples identify meaningfully different shortcomings of the original specification.,suggestion,strength,part,task,part_2_prolog_modal_logic,part_2_prolog_modal_logic,,part_2_task_5,,P2-T5-R4,human_broader,potentially_compatible,not_assessable,0.318411111831665,,,assessment_2|student_1|B|obs_006|b_obs_040,low_medium
B,assessment_2,student_1,obs_006,b_obs_041,The modal logic rules would benefit from clearer explanations and justification to improve their interpretability and depth.,Each preventive formula directly addresses the corresponding problem description.,suggestion,strength,part,task,part_2_prolog_modal_logic,part_2_prolog_modal_logic,,part_2_task_5,,P2-T5-R5,human_broader,potentially_compatible,not_assessable,0.1866047233343124,,,assessment_2|student_1|B|obs_006|b_obs_041,very_low
B,assessment_2,student_1,obs_006,b_obs_042,The modal logic rules would benefit from clearer explanations and justification to improve their interpretability and depth.,Ensure that each preventive formula effectively excludes the described configuration.,suggestion,error,part,task,part_2_prolog_modal_logic,part_2_prolog_modal_logic,,part_2_task_5,,P2-T5-R6,human_broader,potentially_compatible,not_assessable,0.102980263531208,,,assessment_2|student_1|B|obs_006|b_obs_042,very_low
B,assessment_2,student_1,obs_006,b_obs_043,The modal logic rules would benefit from clearer explanations and justification to improve their interpretability and depth.,Each submitted formula is well formed according to the supplied modal logic syntax.,suggestion,strength,part,task,part_2_prolog_modal_logic,part_2_prolog_modal_logic,,part_2_task_5,,P2-T5-R7,human_broader,potentially_compatible,not_assessable,0.4047412574291229,,,assessment_2|student_1|B|obs_006|b_obs_043,boundary_low
B,assessment_2,student_1,obs_006,b_obs_044,The modal logic rules would benefit from clearer explanations and justification to improve their interpretability and depth.,"The responses are provided in answer51/1, answer52/1 and answer53/1.",suggestion,strength,part,task,part_2_prolog_modal_logic,part_2_prolog_modal_logic,,part_2_task_5,,P2-T5-R8,human_broader,potentially_compatible,not_assessable,0.1068192720413208,,,assessment_2|student_1|B|obs_006|b_obs_044,very_low
B,assessment_2,student_1,obs_007,b_obs_042,Task 5 needs clearer explanation and justification of the proposed problematic configurations and the rules intended to prevent them.,Ensure that each preventive formula effectively excludes the described configuration.,error,error,task,task,part_2_prolog_modal_logic,part_2_prolog_modal_logic,part_2_task_5,part_2_task_5,P2-T5-R2|P2-T5-R5,P2-T5-R6,exact,compatible,no_overlap,0.351027250289917,,,assessment_2|student_1|B|obs_007|b_obs_042,boundary_low
C,assessment_2,student_1,obs_001,obs_002,"The ontology is logically sound and makes appropriate use of subclassing, properties, and a well-formed Description Logic axiom.","Your submission correctly models the subclass relationships for various sandwich types, with each subclass properly defined as a subclass of 'Sandwich'. The structure and content of the axioms are valid and align with the requirement.",strength,strength,part,task,part_1_ontology,part_1_ontology,,part_1_ontology,P1-R2|P1-R3|P1-R5|P1-R6,P1-R2,human_broader,compatible,overlap,0.4349878430366516,,,assessment_2|student_1|C|obs_001|obs_002,boundary_low
C,assessment_2,student_1,obs_001,obs_003,"The ontology is logically sound and makes appropriate use of subclassing, properties, and a well-formed Description Logic axiom.","Your ontology includes five object properties, which meets the requirement. Ensure that each property is meaningful and well-defined in the context of the sandwich domain.",strength,strength,part,task,part_1_ontology,part_1_ontology,,part_1_ontology,P1-R2|P1-R3|P1-R5|P1-R6,P1-R3,human_broader,compatible,overlap,0.6124923229217529,,,assessment_2|student_1|C|obs_001|obs_003,boundary_high
C,assessment_2,student_1,obs_001,obs_005,"The ontology is logically sound and makes appropriate use of subclassing, properties, and a well-formed Description Logic axiom.","Your submission includes logically correct Description Logic axioms using number restrictions. The axioms are properly defined with subject, property, filler, and cardinality values.",strength,strength,part,task,part_1_ontology,part_1_ontology,,part_1_ontology,P1-R2|P1-R3|P1-R5|P1-R6,P1-R5,human_broader,compatible,overlap,0.5323053002357483,,,assessment_2|student_1|C|obs_001|obs_005,boundary_high
C,assessment_2,student_1,obs_001,obs_006,"The ontology is logically sound and makes appropriate use of subclassing, properties, and a well-formed Description Logic axiom.","The evidence provided includes units that define the ontology structure, but there is no direct information to assess the logical consistency of the ontology. To evaluate the consistency, the ontology would need to be checked for contradictions or logical errors, which was not performed in this submission.",strength,suggestion,part,task,part_1_ontology,part_1_ontology,,part_1_ontology,P1-R2|P1-R3|P1-R5|P1-R6,P1-R6,human_broader,potentially_compatible,overlap,0.4375627636909485,,,assessment_2|student_1|C|obs_001|obs_006,boundary_low
C,assessment_2,student_1,obs_002,obs_006,The report is too brief to provide the clarity and depth expected by the assessment.,"The evidence provided includes units that define the ontology structure, but there is no direct information to assess the logical consistency of the ontology. To evaluate the consistency, the ontology would need to be checked for contradictions or logical errors, which was not performed in this submission.",error,suggestion,part,task,part_1_ontology,part_1_ontology,,part_1_ontology,,P1-R6,human_broader,potentially_compatible,not_assessable,0.1465838849544525,,,assessment_2|student_1|C|obs_002|obs_006,very_low
C,assessment_2,student_1,obs_005,obs_013,The modal logic formulas are mostly accurate and syntactically correct.,Your formula correctly expresses that bread and filling cannot occupy the same grid state. The formula is logically correct and meets the requirement for mutual exclusivity.,strength,strength,part,task,part_2_prolog_modal_logic,part_2_prolog_modal_logic,,part_2_task_1,,P2-T1-R1,human_broader,compatible,not_assessable,0.1226684376597404,,,assessment_2|student_1|C|obs_005|obs_013,very_low
C,assessment_2,student_1,obs_005,obs_014,The modal logic formulas are mostly accurate and syntactically correct.,Your formula correctly expresses that bread and filling cannot occupy the same grid state. This satisfies the requirement for mutual exclusivity.,strength,strength,part,task,part_2_prolog_modal_logic,part_2_prolog_modal_logic,,part_2_task_1,,P2-T1-R2,human_broader,compatible,not_assessable,0.0831474810838699,,,assessment_2|student_1|C|obs_005|obs_014,very_low
C,assessment_2,student_1,obs_005,obs_015,The modal logic formulas are mostly accurate and syntactically correct.,Your formula correctly expresses the mutual exclusivity between bread and filling. The formula is well-formed and uses the appropriate modal logic syntax.,strength,strength,part,task,part_2_prolog_modal_logic,part_2_prolog_modal_logic,,part_2_task_1,,P2-T1-R3,human_broader,compatible,not_assessable,0.338298499584198,,,assessment_2|student_1|C|obs_005|obs_015,low_medium
C,assessment_2,student_1,obs_005,obs_016,The modal logic formulas are mostly accurate and syntactically correct.,Your answer is correctly provided in the required predicate answer1/1. The formula correctly expresses that bread and filling cannot occupy the same grid state.,strength,strength,part,task,part_2_prolog_modal_logic,part_2_prolog_modal_logic,,part_2_task_1,,P2-T1-R4,human_broader,compatible,not_assessable,0.1492558121681213,,,assessment_2|student_1|C|obs_005|obs_016,very_low
C,assessment_2,student_1,obs_005,obs_017,The modal logic formulas are mostly accurate and syntactically correct.,"Your formula correctly conditions the bread requirement on the presence of filling. The formula 'implies(filling, and(dia(oneabove, bread), dia(onebelow, bread)))' ensures that whenever filling is present, bread is both immediately above and below. This meets the requirement for conditional structure.",strength,strength,part,task,part_2_prolog_modal_logic,part_2_prolog_modal_logic,,part_2_task_2,,P2-T2-R1,human_broader,compatible,not_assessable,0.2384359389543533,,,assessment_2|student_1|C|obs_005|obs_017,low_medium
C,assessment_2,student_1,obs_005,obs_018,The modal logic formulas are mostly accurate and syntactically correct.,"Your formula correctly expresses that whenever there is filling, bread must be immediately above and below. The use of 'dia' for modal operators and the relations 'oneabove' and 'onebelow' aligns with the requirement. The formula is logically correct and compatible with the modal logic framework.",strength,strength,part,task,part_2_prolog_modal_logic,part_2_prolog_modal_logic,,part_2_task_2,,P2-T2-R2,human_broader,compatible,not_assessable,0.3647313117980957,,,assessment_2|student_1|C|obs_005|obs_018,boundary_low
C,assessment_2,student_1,obs_005,obs_019,The modal logic formulas are mostly accurate and syntactically correct.,"Your formula correctly expresses that whenever filling is present, bread must be immediately above and below it. This meets the requirement for the bread adjacency condition.",strength,strength,part,task,part_2_prolog_modal_logic,part_2_prolog_modal_logic,,part_2_task_2,,P2-T2-R3,human_broader,compatible,not_assessable,0.1271977722644806,,,assessment_2|student_1|C|obs_005|obs_019,very_low
C,assessment_2,student_1,obs_005,obs_020,The modal logic formulas are mostly accurate and syntactically correct.,"Your formula correctly uses the 'dia' operator to express immediate adjacency between bread and filling. The formula meets the requirement by ensuring that whenever filling is present, bread is both immediately above and below.",strength,strength,part,task,part_2_prolog_modal_logic,part_2_prolog_modal_logic,,part_2_task_2,,P2-T2-R4,human_broader,compatible,not_assessable,0.177156388759613,,,assessment_2|student_1|C|obs_005|obs_020,very_low
C,assessment_2,student_1,obs_005,obs_021,The modal logic formulas are mostly accurate and syntactically correct.,Your formula correctly uses the modal logic framework to express the requirement that every state containing filling has bread immediately above and below it. The use of 'dia' and the relations 'oneabove' and 'onebelow' is consistent with the supplied framework.,strength,strength,part,task,part_2_prolog_modal_logic,part_2_prolog_modal_logic,,part_2_task_2,,P2-T2-R5,human_broader,compatible,not_assessable,0.315684050321579,,,assessment_2|student_1|C|obs_005|obs_021,low_medium
C,assessment_2,student_1,obs_005,obs_022,The modal logic formulas are mostly accurate and syntactically correct.,Your formula correctly expresses the requirement that every state containing filling has bread immediately above and below it. The formula is well-formed and uses the required relations and modal operators.,strength,strength,part,task,part_2_prolog_modal_logic,part_2_prolog_modal_logic,,part_2_task_2,,P2-T2-R6,human_broader,compatible,not_assessable,0.301919162273407,,,assessment_2|student_1|C|obs_005|obs_022,low_medium
C,assessment_2,student_1,obs_005,obs_023,The modal logic formulas are mostly accurate and syntactically correct.,Your formula correctly expresses that every state containing filling has bread immediately above and below it. The formula is in the required predicate answer2/1 and uses the supplied relations and modal logic constructs.,strength,strength,part,task,part_2_prolog_modal_logic,part_2_prolog_modal_logic,,part_2_task_2,,P2-T2-R7,human_broader,compatible,not_assessable,0.3084541857242584,,,assessment_2|student_1|C|obs_005|obs_023,low_medium
C,assessment_2,student_1,obs_005,obs_024,The modal logic formulas are mostly accurate and syntactically correct.,Your formula correctly conditions the distance restriction on the presence of filling. The use of the implies operator ensures that the restriction is only applied when filling is present. The formula correctly enforces that bread may not occur more than one row below a filling state.,strength,strength,part,task,part_2_prolog_modal_logic,part_2_prolog_modal_logic,,part_2_task_3,,P2-T3-R1,human_broader,compatible,not_assessable,0.1895958930253982,,,assessment_2|student_1|C|obs_005|obs_024,very_low
C,assessment_2,student_1,obs_005,obs_030,The modal logic formulas are mostly accurate and syntactically correct.,The formula correctly expresses the requirement that bread must not occur more than one row below a state containing filling. The use of the box operator ensures the distance constraint is enforced as per the task's semantic goal.,strength,strength,part,task,part_2_prolog_modal_logic,part_2_prolog_modal_logic,,part_2_task_3,,P2-T3-R7,human_broader,compatible,not_assessable,0.2068284153938293,,,assessment_2|student_1|C|obs_005|obs_030,low_medium
C,assessment_2,student_1,obs_005,obs_031,The modal logic formulas are mostly accurate and syntactically correct.,"Your formula correctly conditions the restriction on the presence of 'filling', ensuring that no state above it may contain 'filling'. The formula is structured to enforce the global vertical constraint as required by the task.",strength,strength,part,task,part_2_prolog_modal_logic,part_2_prolog_modal_logic,,part_2_task_4,,P2-T4-R1,human_broader,compatible,not_assessable,0.1322640031576156,,,assessment_2|student_1|C|obs_005|obs_031,very_low
C,assessment_2,student_1,obs_005,obs_033,The modal logic formulas are mostly accurate and syntactically correct.,"Your formula correctly expresses the constraint that if a state contains filling, then no state anywhere above it may also contain filling. This meets the requirement.",strength,strength,part,task,part_2_prolog_modal_logic,part_2_prolog_modal_logic,,part_2_task_4,,P2-T4-R3,human_broader,compatible,not_assessable,0.1525165885686874,,,assessment_2|student_1|C|obs_005|obs_033,very_low
C,assessment_2,student_1,obs_005,obs_034,The modal logic formulas are mostly accurate and syntactically correct.,"Your formula correctly expresses the intended spatial constraint. The use of 'box(below, not(filling))' ensures that no state below a filling state contains filling, which meets the requirement. However, the formula uses 'below' which might be the inverse of what is needed. The task specifies that no state 'above' a filling state may contain filling, so 'above' should be used instead of 'below'.",strength,strength,part,task,part_2_prolog_modal_logic,part_2_prolog_modal_logic,,part_2_task_4,,P2-T4-R4,human_broader,compatible,not_assessable,0.1422184705734253,,,assessment_2|student_1|C|obs_005|obs_034,very_low
C,assessment_2,student_1,obs_005,obs_036,The modal logic formulas are mostly accurate and syntactically correct.,"Your answer for the modal logic formula is correctly provided in the required predicate answer4/1. The formula 'implies(filling, box(below, not(filling)))' correctly expresses the global vertical constraint that if a state contains filling, no state above it may also contain filling.",strength,strength,part,task,part_2_prolog_modal_logic,part_2_prolog_modal_logic,,part_2_task_4,,P2-T4-R6,human_broader,compatible,not_assessable,0.427898108959198,,,assessment_2|student_1|C|obs_005|obs_036,boundary_low
C,assessment_2,student_1,obs_005,obs_037,The modal logic formulas are mostly accurate and syntactically correct.,"Your submission includes exactly three examples, which meets the requirement. However, the task explanations for each example are missing, which may affect the evaluation of the semantic alignment between the described problem and the preventive formula.",strength,strength,part,task,part_2_prolog_modal_logic,part_2_prolog_modal_logic,,part_2_task_5,,P2-T5-R1,human_broader,compatible,not_assessable,0.2884345948696136,,,assessment_2|student_1|C|obs_005|obs_037,low_medium
C,assessment_2,student_1,obs_005,obs_043,The modal logic formulas are mostly accurate and syntactically correct.,Your formulas are well-formed and follow the modal logic syntax rules. They correctly express the constraints as required for the task.,strength,strength,part,task,part_2_prolog_modal_logic,part_2_prolog_modal_logic,,part_2_task_5,,P2-T5-R7,human_broader,compatible,not_assessable,0.479130208492279,,,assessment_2|student_1|C|obs_005|obs_043,boundary_low
C,assessment_2,student_1,obs_005,obs_044,The modal logic formulas are mostly accurate and syntactically correct.,Your responses for the three examples are correctly provided in the specified answer predicates. Ensure that each example includes a natural-language description and a modal logic formula that prevents the described configuration.,strength,strength,part,task,part_2_prolog_modal_logic,part_2_prolog_modal_logic,,part_2_task_5,,P2-T5-R8,human_broader,compatible,not_assessable,0.4313669800758362,,,assessment_2|student_1|C|obs_005|obs_044,boundary_low
C,assessment_2,student_1,obs_006,obs_013,The modal logic rules would benefit from clearer explanations and justification to improve their interpretability and depth.,Your formula correctly expresses that bread and filling cannot occupy the same grid state. The formula is logically correct and meets the requirement for mutual exclusivity.,suggestion,strength,part,task,part_2_prolog_modal_logic,part_2_prolog_modal_logic,,part_2_task_1,,P2-T1-R1,human_broader,potentially_compatible,not_assessable,0.1008947268128395,,,assessment_2|student_1|C|obs_006|obs_013,very_low
C,assessment_2,student_1,obs_006,obs_014,The modal logic rules would benefit from clearer explanations and justification to improve their interpretability and depth.,Your formula correctly expresses that bread and filling cannot occupy the same grid state. This satisfies the requirement for mutual exclusivity.,suggestion,strength,part,task,part_2_prolog_modal_logic,part_2_prolog_modal_logic,,part_2_task_1,,P2-T1-R2,human_broader,potentially_compatible,not_assessable,0.0811057090759277,,,assessment_2|student_1|C|obs_006|obs_014,very_low
C,assessment_2,student_1,obs_006,obs_015,The modal logic rules would benefit from clearer explanations and justification to improve their interpretability and depth.,Your formula correctly expresses the mutual exclusivity between bread and filling. The formula is well-formed and uses the appropriate modal logic syntax.,suggestion,strength,part,task,part_2_prolog_modal_logic,part_2_prolog_modal_logic,,part_2_task_1,,P2-T1-R3,human_broader,potentially_compatible,not_assessable,0.2575469017028808,,,assessment_2|student_1|C|obs_006|obs_015,low_medium
C,assessment_2,student_1,obs_006,obs_016,The modal logic rules would benefit from clearer explanations and justification to improve their interpretability and depth.,Your answer is correctly provided in the required predicate answer1/1. The formula correctly expresses that bread and filling cannot occupy the same grid state.,suggestion,strength,part,task,part_2_prolog_modal_logic,part_2_prolog_modal_logic,,part_2_task_1,,P2-T1-R4,human_broader,potentially_compatible,not_assessable,0.1065074056386947,,,assessment_2|student_1|C|obs_006|obs_016,very_low
C,assessment_2,student_1,obs_006,obs_017,The modal logic rules would benefit from clearer explanations and justification to improve their interpretability and depth.,"Your formula correctly conditions the bread requirement on the presence of filling. The formula 'implies(filling, and(dia(oneabove, bread), dia(onebelow, bread)))' ensures that whenever filling is present, bread is both immediately above and below. This meets the requirement for conditional structure.",suggestion,strength,part,task,part_2_prolog_modal_logic,part_2_prolog_modal_logic,,part_2_task_2,,P2-T2-R1,human_broader,potentially_compatible,not_assessable,0.1925833225250244,,,assessment_2|student_1|C|obs_006|obs_017,very_low
C,assessment_2,student_1,obs_006,obs_018,The modal logic rules would benefit from clearer explanations and justification to improve their interpretability and depth.,"Your formula correctly expresses that whenever there is filling, bread must be immediately above and below. The use of 'dia' for modal operators and the relations 'oneabove' and 'onebelow' aligns with the requirement. The formula is logically correct and compatible with the modal logic framework.",suggestion,strength,part,task,part_2_prolog_modal_logic,part_2_prolog_modal_logic,,part_2_task_2,,P2-T2-R2,human_broader,potentially_compatible,not_assessable,0.3057819008827209,,,assessment_2|student_1|C|obs_006|obs_018,low_medium
C,assessment_2,student_1,obs_006,obs_019,The modal logic rules would benefit from clearer explanations and justification to improve their interpretability and depth.,"Your formula correctly expresses that whenever filling is present, bread must be immediately above and below it. This meets the requirement for the bread adjacency condition.",suggestion,strength,part,task,part_2_prolog_modal_logic,part_2_prolog_modal_logic,,part_2_task_2,,P2-T2-R3,human_broader,potentially_compatible,not_assessable,0.1030805110931396,,,assessment_2|student_1|C|obs_006|obs_019,very_low
C,assessment_2,student_1,obs_006,obs_020,The modal logic rules would benefit from clearer explanations and justification to improve their interpretability and depth.,"Your formula correctly uses the 'dia' operator to express immediate adjacency between bread and filling. The formula meets the requirement by ensuring that whenever filling is present, bread is both immediately above and below.",suggestion,strength,part,task,part_2_prolog_modal_logic,part_2_prolog_modal_logic,,part_2_task_2,,P2-T2-R4,human_broader,potentially_compatible,not_assessable,0.0926885604858398,,,assessment_2|student_1|C|obs_006|obs_020,very_low
C,assessment_2,student_1,obs_006,obs_021,The modal logic rules would benefit from clearer explanations and justification to improve their interpretability and depth.,Your formula correctly uses the modal logic framework to express the requirement that every state containing filling has bread immediately above and below it. The use of 'dia' and the relations 'oneabove' and 'onebelow' is consistent with the supplied framework.,suggestion,strength,part,task,part_2_prolog_modal_logic,part_2_prolog_modal_logic,,part_2_task_2,,P2-T2-R5,human_broader,potentially_compatible,not_assessable,0.2457638382911682,,,assessment_2|student_1|C|obs_006|obs_021,low_medium
C,assessment_2,student_1,obs_006,obs_022,The modal logic rules would benefit from clearer explanations and justification to improve their interpretability and depth.,Your formula correctly expresses the requirement that every state containing filling has bread immediately above and below it. The formula is well-formed and uses the required relations and modal operators.,suggestion,strength,part,task,part_2_prolog_modal_logic,part_2_prolog_modal_logic,,part_2_task_2,,P2-T2-R6,human_broader,potentially_compatible,not_assessable,0.2346879541873932,,,assessment_2|student_1|C|obs_006|obs_022,low_medium
C,assessment_2,student_1,obs_006,obs_023,The modal logic rules would benefit from clearer explanations and justification to improve their interpretability and depth.,Your formula correctly expresses that every state containing filling has bread immediately above and below it. The formula is in the required predicate answer2/1 and uses the supplied relations and modal logic constructs.,suggestion,strength,part,task,part_2_prolog_modal_logic,part_2_prolog_modal_logic,,part_2_task_2,,P2-T2-R7,human_broader,potentially_compatible,not_assessable,0.2361114025115966,,,assessment_2|student_1|C|obs_006|obs_023,low_medium
C,assessment_2,student_1,obs_006,obs_024,The modal logic rules would benefit from clearer explanations and justification to improve their interpretability and depth.,Your formula correctly conditions the distance restriction on the presence of filling. The use of the implies operator ensures that the restriction is only applied when filling is present. The formula correctly enforces that bread may not occur more than one row below a filling state.,suggestion,strength,part,task,part_2_prolog_modal_logic,part_2_prolog_modal_logic,,part_2_task_3,,P2-T3-R1,human_broader,potentially_compatible,not_assessable,0.2095398157835006,,,assessment_2|student_1|C|obs_006|obs_024,low_medium
C,assessment_2,student_1,obs_006,obs_025,The modal logic rules would benefit from clearer explanations and justification to improve their interpretability and depth.,"The formula does not correctly capture the distinction between immediate adjacency and greater vertical distance. The use of 'box(below, box(below, not(bread)))' enforces a second-level 'below' relation, but the requirement specifies that bread must not occur more than one row below a filling state, which implies immediate adjacency is allowed.",suggestion,error,part,task,part_2_prolog_modal_logic,part_2_prolog_modal_logic,,part_2_task_3,,P2-T3-R2,human_broader,potentially_compatible,not_assessable,0.2064827382564544,,,assessment_2|student_1|C|obs_006|obs_025,low_medium
C,assessment_2,student_1,obs_006,obs_026,The modal logic rules would benefit from clearer explanations and justification to improve their interpretability and depth.,"The formula incorrectly prohibits bread immediately below filling. The use of two 'box(below)' operators enforces a distance constraint that is more restrictive than intended. The formula should only prohibit bread that is more than one row below filling, not immediately below.",suggestion,error,part,task,part_2_prolog_modal_logic,part_2_prolog_modal_logic,,part_2_task_3,,P2-T3-R3,human_broader,potentially_compatible,not_assessable,0.1927242875099182,,,assessment_2|student_1|C|obs_006|obs_026,very_low
C,assessment_2,student_1,obs_006,obs_027,The modal logic rules would benefit from clearer explanations and justification to improve their interpretability and depth.,"The formula prevents bread from occurring more than one row below filling, but it incorrectly prohibits bread from being immediately below filling. The formula should allow bread to be directly below filling but not further below.",suggestion,error,part,task,part_2_prolog_modal_logic,part_2_prolog_modal_logic,,part_2_task_3,,P2-T3-R4,human_broader,potentially_compatible,not_assessable,0.1775807440280914,,,assessment_2|student_1|C|obs_006|obs_027,very_low
C,assessment_2,student_1,obs_006,obs_028,The modal logic rules would benefit from clearer explanations and justification to improve their interpretability and depth.,The formula does not correctly express the intended spatial constraint. The use of two layers of 'box(below)' may not correctly capture the requirement that bread must not occur more than one row below a filling. Consider using a single 'box(below)' with a direct constraint on the distance.,suggestion,error,part,task,part_2_prolog_modal_logic,part_2_prolog_modal_logic,,part_2_task_3,,P2-T3-R5,human_broader,potentially_compatible,not_assessable,0.0931105464696884,,,assessment_2|student_1|C|obs_006|obs_028,very_low
C,assessment_2,student_1,obs_006,obs_029,The modal logic rules would benefit from clearer explanations and justification to improve their interpretability and depth.,"The formula submitted does not correctly enforce the distance constraint. The formula uses two nested 'box(below)' operators, which would imply a distance of two rows below, but the requirement specifies that bread must not occur more than one row below. The formula should only use one 'box(below)' operator to enforce the correct distance constraint.",suggestion,error,part,task,part_2_prolog_modal_logic,part_2_prolog_modal_logic,,part_2_task_3,,P2-T3-R6,human_broader,potentially_compatible,not_assessable,0.1188655495643615,,,assessment_2|student_1|C|obs_006|obs_029,very_low
C,assessment_2,student_1,obs_006,obs_030,The modal logic rules would benefit from clearer explanations and justification to improve their interpretability and depth.,The formula correctly expresses the requirement that bread must not occur more than one row below a state containing filling. The use of the box operator ensures the distance constraint is enforced as per the task's semantic goal.,suggestion,strength,part,task,part_2_prolog_modal_logic,part_2_prolog_modal_logic,,part_2_task_3,,P2-T3-R7,human_broader,potentially_compatible,not_assessable,0.2128695696592331,,,assessment_2|student_1|C|obs_006|obs_030,low_medium
C,assessment_2,student_1,obs_006,obs_031,The modal logic rules would benefit from clearer explanations and justification to improve their interpretability and depth.,"Your formula correctly conditions the restriction on the presence of 'filling', ensuring that no state above it may contain 'filling'. The formula is structured to enforce the global vertical constraint as required by the task.",suggestion,strength,part,task,part_2_prolog_modal_logic,part_2_prolog_modal_logic,,part_2_task_4,,P2-T4-R1,human_broader,potentially_compatible,not_assessable,0.1226100921630859,,,assessment_2|student_1|C|obs_006|obs_031,very_low
C,assessment_2,student_1,obs_006,obs_032,The modal logic rules would benefit from clearer explanations and justification to improve their interpretability and depth.,"The formula does not apply to all relevant states above the current filling state. The 'box(below, not(filling))' part only restricts the immediately adjacent state below, not all states above. The requirement specifies that the formula should apply to all states above, not just the immediately adjacent one.",suggestion,error,part,task,part_2_prolog_modal_logic,part_2_prolog_modal_logic,,part_2_task_4,,P2-T4-R2,human_broader,potentially_compatible,not_assessable,0.1753965020179748,,,assessment_2|student_1|C|obs_006|obs_032,very_low
C,assessment_2,student_1,obs_006,obs_033,The modal logic rules would benefit from clearer explanations and justification to improve their interpretability and depth.,"Your formula correctly expresses the constraint that if a state contains filling, then no state anywhere above it may also contain filling. This meets the requirement.",suggestion,strength,part,task,part_2_prolog_modal_logic,part_2_prolog_modal_logic,,part_2_task_4,,P2-T4-R3,human_broader,potentially_compatible,not_assessable,0.1530371606349945,,,assessment_2|student_1|C|obs_006|obs_033,very_low
C,assessment_2,student_1,obs_006,obs_034,The modal logic rules would benefit from clearer explanations and justification to improve their interpretability and depth.,"Your formula correctly expresses the intended spatial constraint. The use of 'box(below, not(filling))' ensures that no state below a filling state contains filling, which meets the requirement. However, the formula uses 'below' which might be the inverse of what is needed. The task specifies that no state 'above' a filling state may contain filling, so 'above' should be used instead of 'below'.",suggestion,strength,part,task,part_2_prolog_modal_logic,part_2_prolog_modal_logic,,part_2_task_4,,P2-T4-R4,human_broader,potentially_compatible,not_assessable,0.158768355846405,,,assessment_2|student_1|C|obs_006|obs_034,very_low
C,assessment_2,student_1,obs_006,obs_035,The modal logic rules would benefit from clearer explanations and justification to improve their interpretability and depth.,"The formula does not correctly express the vertical constraint. The 'box(below, not(filling))' part enforces a constraint on states below, not above, and the logical structure does not correctly enforce the vertical constraint as required.",suggestion,error,part,task,part_2_prolog_modal_logic,part_2_prolog_modal_logic,,part_2_task_4,,P2-T4-R5,human_broader,potentially_compatible,not_assessable,0.2070668339729309,,,assessment_2|student_1|C|obs_006|obs_035,low_medium
C,assessment_2,student_1,obs_006,obs_036,The modal logic rules would benefit from clearer explanations and justification to improve their interpretability and depth.,"Your answer for the modal logic formula is correctly provided in the required predicate answer4/1. The formula 'implies(filling, box(below, not(filling)))' correctly expresses the global vertical constraint that if a state contains filling, no state above it may also contain filling.",suggestion,strength,part,task,part_2_prolog_modal_logic,part_2_prolog_modal_logic,,part_2_task_4,,P2-T4-R6,human_broader,potentially_compatible,not_assessable,0.4171664714813232,,,assessment_2|student_1|C|obs_006|obs_036,boundary_low
C,assessment_2,student_1,obs_006,obs_037,The modal logic rules would benefit from clearer explanations and justification to improve their interpretability and depth.,"Your submission includes exactly three examples, which meets the requirement. However, the task explanations for each example are missing, which may affect the evaluation of the semantic alignment between the described problem and the preventive formula.",suggestion,strength,part,task,part_2_prolog_modal_logic,part_2_prolog_modal_logic,,part_2_task_5,,P2-T5-R1,human_broader,potentially_compatible,not_assessable,0.2935560047626495,,,assessment_2|student_1|C|obs_006|obs_037,low_medium
C,assessment_2,student_1,obs_006,obs_038,The modal logic rules would benefit from clearer explanations and justification to improve their interpretability and depth.,Your submission includes formulas for preventive measures but does not provide natural-language descriptions of the problematic sandwich configurations. Each example should include a description of the configuration and a corresponding preventive formula.,suggestion,error,part,task,part_2_prolog_modal_logic,part_2_prolog_modal_logic,,part_2_task_5,,P2-T5-R2,human_broader,potentially_compatible,not_assessable,0.123405709862709,,,assessment_2|student_1|C|obs_006|obs_038,very_low
C,assessment_2,student_1,obs_006,obs_039,The modal logic rules would benefit from clearer explanations and justification to improve their interpretability and depth.,Your submission for Task 5 is missing the natural-language descriptions of the three problematic sandwich configurations. Each example should include a description of the configuration and a formula that prevents it. Please provide these descriptions along with the formulas.,suggestion,error,part,task,part_2_prolog_modal_logic,part_2_prolog_modal_logic,,part_2_task_5,,P2-T5-R3,human_broader,potentially_compatible,not_assessable,0.1034142076969146,,,assessment_2|student_1|C|obs_006|obs_039,very_low
C,assessment_2,student_1,obs_006,obs_040,The modal logic rules would benefit from clearer explanations and justification to improve their interpretability and depth.,The three examples need to clearly identify distinct limitations of the original specification. Each preventive formula should directly address a different problem category as outlined in the evaluation guidance.,suggestion,error,part,task,part_2_prolog_modal_logic,part_2_prolog_modal_logic,,part_2_task_5,,P2-T5-R4,human_broader,potentially_compatible,not_assessable,0.253117948770523,,,assessment_2|student_1|C|obs_006|obs_040,low_medium
C,assessment_2,student_1,obs_006,obs_041,The modal logic rules would benefit from clearer explanations and justification to improve their interpretability and depth.,The preventive formulas provided do not directly address the problem descriptions. Please ensure that each formula clearly corresponds to the described problem in the example.,suggestion,error,part,task,part_2_prolog_modal_logic,part_2_prolog_modal_logic,,part_2_task_5,,P2-T5-R5,human_broader,potentially_compatible,not_assessable,0.0613912940025329,,,assessment_2|student_1|C|obs_006|obs_041,very_low
C,assessment_2,student_1,obs_006,obs_042,The modal logic rules would benefit from clearer explanations and justification to improve their interpretability and depth.,The preventive formulas do not effectively exclude the described configurations. Each formula should directly address the specific problem identified in the description to ensure the configuration is prevented.,suggestion,error,part,task,part_2_prolog_modal_logic,part_2_prolog_modal_logic,,part_2_task_5,,P2-T5-R6,human_broader,potentially_compatible,not_assessable,0.142460823059082,,,assessment_2|student_1|C|obs_006|obs_042,very_low
C,assessment_2,student_1,obs_006,obs_043,The modal logic rules would benefit from clearer explanations and justification to improve their interpretability and depth.,Your formulas are well-formed and follow the modal logic syntax rules. They correctly express the constraints as required for the task.,suggestion,strength,part,task,part_2_prolog_modal_logic,part_2_prolog_modal_logic,,part_2_task_5,,P2-T5-R7,human_broader,potentially_compatible,not_assessable,0.3827633261680603,,,assessment_2|student_1|C|obs_006|obs_043,boundary_low
C,assessment_2,student_1,obs_006,obs_044,The modal logic rules would benefit from clearer explanations and justification to improve their interpretability and depth.,Your responses for the three examples are correctly provided in the specified answer predicates. Ensure that each example includes a natural-language description and a modal logic formula that prevents the described configuration.,suggestion,strength,part,task,part_2_prolog_modal_logic,part_2_prolog_modal_logic,,part_2_task_5,,P2-T5-R8,human_broader,potentially_compatible,not_assessable,0.3439989686012268,,,assessment_2|student_1|C|obs_006|obs_044,low_medium
C,assessment_2,student_1,obs_007,obs_038,Task 5 needs clearer explanation and justification of the proposed problematic configurations and the rules intended to prevent them.,Your submission includes formulas for preventive measures but does not provide natural-language descriptions of the problematic sandwich configurations. Each example should include a description of the configuration and a corresponding preventive formula.,error,error,task,task,part_2_prolog_modal_logic,part_2_prolog_modal_logic,part_2_task_5,part_2_task_5,P2-T5-R2|P2-T5-R5,P2-T5-R2,exact,compatible,overlap,0.3805183470249176,,,assessment_2|student_1|C|obs_007|obs_038,boundary_low
C,assessment_2,student_1,obs_007,obs_039,Task 5 needs clearer explanation and justification of the proposed problematic configurations and the rules intended to prevent them.,Your submission for Task 5 is missing the natural-language descriptions of the three problematic sandwich configurations. Each example should include a description of the configuration and a formula that prevents it. Please provide these descriptions along with the formulas.,error,error,task,task,part_2_prolog_modal_logic,part_2_prolog_modal_logic,part_2_task_5,part_2_task_5,P2-T5-R2|P2-T5-R5,P2-T5-R3,exact,compatible,no_overlap,0.5530489683151245,,,assessment_2|student_1|C|obs_007|obs_039,boundary_high
C,assessment_2,student_1,obs_007,obs_040,Task 5 needs clearer explanation and justification of the proposed problematic configurations and the rules intended to prevent them.,The three examples need to clearly identify distinct limitations of the original specification. Each preventive formula should directly address a different problem category as outlined in the evaluation guidance.,error,error,task,task,part_2_prolog_modal_logic,part_2_prolog_modal_logic,part_2_task_5,part_2_task_5,P2-T5-R2|P2-T5-R5,P2-T5-R4,exact,compatible,no_overlap,0.4380608201026916,,,assessment_2|student_1|C|obs_007|obs_040,boundary_low
C,assessment_2,student_1,obs_007,obs_041,Task 5 needs clearer explanation and justification of the proposed problematic configurations and the rules intended to prevent them.,The preventive formulas provided do not directly address the problem descriptions. Please ensure that each formula clearly corresponds to the described problem in the example.,error,error,task,task,part_2_prolog_modal_logic,part_2_prolog_modal_logic,part_2_task_5,part_2_task_5,P2-T5-R2|P2-T5-R5,P2-T5-R5,exact,compatible,overlap,0.2835167646408081,,,assessment_2|student_1|C|obs_007|obs_041,low_medium
C,assessment_2,student_1,obs_007,obs_042,Task 5 needs clearer explanation and justification of the proposed problematic configurations and the rules intended to prevent them.,The preventive formulas do not effectively exclude the described configurations. Each formula should directly address the specific problem identified in the description to ensure the configuration is prevented.,error,error,task,task,part_2_prolog_modal_logic,part_2_prolog_modal_logic,part_2_task_5,part_2_task_5,P2-T5-R2|P2-T5-R5,P2-T5-R6,exact,compatible,no_overlap,0.4091419279575348,,,assessment_2|student_1|C|obs_007|obs_042,boundary_low
C,assessment_2,student_1,obs_008,obs_032,Task 4 contains a directional error in the use of modal operators.,"The formula does not apply to all relevant states above the current filling state. The 'box(below, not(filling))' part only restricts the immediately adjacent state below, not all states above. The requirement specifies that the formula should apply to all states above, not just the immediately adjacent one.",error,error,task,task,part_2_prolog_modal_logic,part_2_prolog_modal_logic,part_2_task_4,part_2_task_4,P2-T4-R4,P2-T4-R2,exact,compatible,no_overlap,0.2165047377347946,,,assessment_2|student_1|C|obs_008|obs_032,low_medium
C,assessment_2,student_1,obs_008,obs_035,Task 4 contains a directional error in the use of modal operators.,"The formula does not correctly express the vertical constraint. The 'box(below, not(filling))' part enforces a constraint on states below, not above, and the logical structure does not correctly enforce the vertical constraint as required.",error,error,task,task,part_2_prolog_modal_logic,part_2_prolog_modal_logic,part_2_task_4,part_2_task_4,P2-T4-R4,P2-T4-R5,exact,compatible,no_overlap,0.2763081192970276,,,assessment_2|student_1|C|obs_008|obs_035,low_medium
D,assessment_2,student_1,obs_001,obs_002,"The ontology is logically sound and makes appropriate use of subclassing, properties, and a well-formed Description Logic axiom.","Your submission correctly models the subclass relationships for various sandwich types, with each subclass properly defined as a subclass of 'Sandwich'. The structure and content of the axioms are valid and align with the requirement.",strength,strength,part,task,part_1_ontology,part_1_ontology,,part_1_ontology,P1-R2|P1-R3|P1-R5|P1-R6,P1-R2,human_broader,compatible,overlap,0.4349878430366516,,,assessment_2|student_1|D|obs_001|obs_002,boundary_low
D,assessment_2,student_1,obs_001,obs_003,"The ontology is logically sound and makes appropriate use of subclassing, properties, and a well-formed Description Logic axiom.","Your ontology includes five object properties, which meets the requirement. Ensure that each property is meaningful and well-defined in the context of the sandwich domain.",strength,strength,part,task,part_1_ontology,part_1_ontology,,part_1_ontology,P1-R2|P1-R3|P1-R5|P1-R6,P1-R3,human_broader,compatible,overlap,0.6124923229217529,,,assessment_2|student_1|D|obs_001|obs_003,boundary_high
D,assessment_2,student_1,obs_001,obs_005,"The ontology is logically sound and makes appropriate use of subclassing, properties, and a well-formed Description Logic axiom.","Your submission includes logically correct Description Logic axioms using number restrictions. The axioms are properly defined with subject, property, filler, and cardinality values.",strength,strength,part,task,part_1_ontology,part_1_ontology,,part_1_ontology,P1-R2|P1-R3|P1-R5|P1-R6,P1-R5,human_broader,compatible,overlap,0.5323053002357483,,,assessment_2|student_1|D|obs_001|obs_005,boundary_high
D,assessment_2,student_1,obs_001,obs_006,"The ontology is logically sound and makes appropriate use of subclassing, properties, and a well-formed Description Logic axiom.","The evidence provided includes units that define the ontology structure, but there is no direct information to assess the logical consistency of the ontology. To evaluate the consistency, the ontology would need to be checked for contradictions or logical errors, which was not performed in this submission.",strength,suggestion,part,task,part_1_ontology,part_1_ontology,,part_1_ontology,P1-R2|P1-R3|P1-R5|P1-R6,P1-R6,human_broader,potentially_compatible,overlap,0.4375627636909485,,,assessment_2|student_1|D|obs_001|obs_006,boundary_low
D,assessment_2,student_1,obs_002,obs_006,The report is too brief to provide the clarity and depth expected by the assessment.,"The evidence provided includes units that define the ontology structure, but there is no direct information to assess the logical consistency of the ontology. To evaluate the consistency, the ontology would need to be checked for contradictions or logical errors, which was not performed in this submission.",error,suggestion,part,task,part_1_ontology,part_1_ontology,,part_1_ontology,,P1-R6,human_broader,potentially_compatible,not_assessable,0.1465838849544525,,,assessment_2|student_1|D|obs_002|obs_006,very_low
D,assessment_2,student_1,obs_005,obs_013,The modal logic formulas are mostly accurate and syntactically correct.,Your formula correctly expresses that bread and filling cannot occupy the same grid state. The formula is logically correct and meets the requirement for mutual exclusivity.,strength,strength,part,task,part_2_prolog_modal_logic,part_2_prolog_modal_logic,,part_2_task_1,,P2-T1-R1,human_broader,compatible,not_assessable,0.1226684376597404,,,assessment_2|student_1|D|obs_005|obs_013,very_low
D,assessment_2,student_1,obs_005,obs_014,The modal logic formulas are mostly accurate and syntactically correct.,Your formula correctly expresses that bread and filling cannot occupy the same grid state. This satisfies the requirement for mutual exclusivity.,strength,strength,part,task,part_2_prolog_modal_logic,part_2_prolog_modal_logic,,part_2_task_1,,P2-T1-R2,human_broader,compatible,not_assessable,0.0831474810838699,,,assessment_2|student_1|D|obs_005|obs_014,very_low
D,assessment_2,student_1,obs_005,obs_015,The modal logic formulas are mostly accurate and syntactically correct.,Your formula correctly expresses the mutual exclusivity between bread and filling. The formula is well-formed and uses the appropriate modal logic syntax.,strength,strength,part,task,part_2_prolog_modal_logic,part_2_prolog_modal_logic,,part_2_task_1,,P2-T1-R3,human_broader,compatible,not_assessable,0.338298499584198,,,assessment_2|student_1|D|obs_005|obs_015,low_medium
D,assessment_2,student_1,obs_005,obs_016,The modal logic formulas are mostly accurate and syntactically correct.,Your answer is correctly provided in the required predicate answer1/1. The formula correctly expresses that bread and filling cannot occupy the same grid state.,strength,strength,part,task,part_2_prolog_modal_logic,part_2_prolog_modal_logic,,part_2_task_1,,P2-T1-R4,human_broader,compatible,not_assessable,0.1492558121681213,,,assessment_2|student_1|D|obs_005|obs_016,very_low
D,assessment_2,student_1,obs_005,obs_017,The modal logic formulas are mostly accurate and syntactically correct.,"Your formula correctly conditions the bread requirement on the presence of filling. The formula 'implies(filling, and(dia(oneabove, bread), dia(onebelow, bread)))' ensures that whenever filling is present, bread is both immediately above and below. This meets the requirement for conditional structure.",strength,strength,part,task,part_2_prolog_modal_logic,part_2_prolog_modal_logic,,part_2_task_2,,P2-T2-R1,human_broader,compatible,not_assessable,0.2384358942508697,,,assessment_2|student_1|D|obs_005|obs_017,low_medium
D,assessment_2,student_1,obs_005,obs_018,The modal logic formulas are mostly accurate and syntactically correct.,Your formula correctly expresses that bread must be immediately above filling. The use of 'dia' for modal operators and the relations 'oneabove' and 'onebelow' aligns with the requirement. The formula is logically correct and compatible with the modal logic framework.,strength,strength,part,task,part_2_prolog_modal_logic,part_2_prolog_modal_logic,,part_2_task_2,,P2-T2-R2,human_broader,compatible,not_assessable,0.3452764749526977,,,assessment_2|student_1|D|obs_005|obs_018,low_medium
D,assessment_2,student_1,obs_005,obs_019,The modal logic formulas are mostly accurate and syntactically correct.,"Your formula correctly expresses that whenever filling is present, bread must be immediately below it. This meets the requirement for the bread adjacency condition.",strength,strength,part,task,part_2_prolog_modal_logic,part_2_prolog_modal_logic,,part_2_task_2,,P2-T2-R3,human_broader,compatible,not_assessable,0.1330139636993408,,,assessment_2|student_1|D|obs_005|obs_019,very_low
D,assessment_2,student_1,obs_005,obs_020,The modal logic formulas are mostly accurate and syntactically correct.,"Your formula correctly uses the 'dia' operator to express immediate adjacency between bread and filling. The formula meets the requirement by ensuring that whenever filling is present, bread is both immediately above and below.",strength,strength,part,task,part_2_prolog_modal_logic,part_2_prolog_modal_logic,,part_2_task_2,,P2-T2-R4,human_broader,compatible,not_assessable,0.177156388759613,,,assessment_2|student_1|D|obs_005|obs_020,very_low
D,assessment_2,student_1,obs_005,obs_021,The modal logic formulas are mostly accurate and syntactically correct.,Your formula correctly uses the modal logic framework to express the requirement that every state containing filling has bread immediately above and below it. The use of 'dia' and the relations 'oneabove' and 'onebelow' is consistent with the supplied framework.,strength,strength,part,task,part_2_prolog_modal_logic,part_2_prolog_modal_logic,,part_2_task_2,,P2-T2-R5,human_broader,compatible,not_assessable,0.315684050321579,,,assessment_2|student_1|D|obs_005|obs_021,low_medium
D,assessment_2,student_1,obs_005,obs_022,The modal logic formulas are mostly accurate and syntactically correct.,Your formula correctly expresses the requirement that every state containing filling has bread immediately above and below it. The formula is well-formed and uses the required relations and modal operators.,strength,strength,part,task,part_2_prolog_modal_logic,part_2_prolog_modal_logic,,part_2_task_2,,P2-T2-R6,human_broader,compatible,not_assessable,0.301919162273407,,,assessment_2|student_1|D|obs_005|obs_022,low_medium
D,assessment_2,student_1,obs_005,obs_023,The modal logic formulas are mostly accurate and syntactically correct.,Your formula correctly expresses that every state containing filling has bread immediately above and below it. The formula is in the required predicate answer2/1 and uses the supplied relations and modal logic constructs.,strength,strength,part,task,part_2_prolog_modal_logic,part_2_prolog_modal_logic,,part_2_task_2,,P2-T2-R7,human_broader,compatible,not_assessable,0.3084541857242584,,,assessment_2|student_1|D|obs_005|obs_023,low_medium
D,assessment_2,student_1,obs_005,obs_024,The modal logic formulas are mostly accurate and syntactically correct.,Your formula correctly conditions the distance restriction on the presence of filling. The use of the implies operator ensures that the restriction is only applied when filling is present. The formula correctly enforces that bread may not occur more than one row below a filling state.,strength,strength,part,task,part_2_prolog_modal_logic,part_2_prolog_modal_logic,,part_2_task_3,,P2-T3-R1,human_broader,compatible,not_assessable,0.1895958930253982,,,assessment_2|student_1|D|obs_005|obs_024,very_low
D,assessment_2,student_1,obs_005,obs_025,The modal logic formulas are mostly accurate and syntactically correct.,"The formula correctly captures the distinction between immediate adjacency and greater vertical distance. The use of 'box(below, box(below, not(bread)))' ensures that bread is not present in any row below a filling state, which meets the requirement.",strength,strength,part,task,part_2_prolog_modal_logic,part_2_prolog_modal_logic,,part_2_task_3,,P2-T3-R2,human_broader,compatible,not_assessable,0.1871504187583923,,,assessment_2|student_1|D|obs_005|obs_025,very_low
D,assessment_2,student_1,obs_005,obs_026,The modal logic formulas are mostly accurate and syntactically correct.,"The formula does not incorrectly prohibit bread immediately below filling. The use of two 'box(below)' operators enforces a distance constraint that is more restrictive than intended, but this is not a material defect under the exact requirement.",strength,strength,part,task,part_2_prolog_modal_logic,part_2_prolog_modal_logic,,part_2_task_3,,P2-T3-R3,human_broader,compatible,not_assessable,0.131607711315155,,,assessment_2|student_1|D|obs_005|obs_026,very_low
D,assessment_2,student_1,obs_005,obs_027,The modal logic formulas are mostly accurate and syntactically correct.,"The formula correctly ensures that bread is not present in any row below filling, which aligns with the requirement that bread may occur immediately below filling but not further below.",strength,strength,part,task,part_2_prolog_modal_logic,part_2_prolog_modal_logic,,part_2_task_3,,P2-T3-R4,human_broader,compatible,not_assessable,0.2278138846158981,,,assessment_2|student_1|D|obs_005|obs_027,low_medium
D,assessment_2,student_1,obs_005,obs_028,The modal logic formulas are mostly accurate and syntactically correct.,The formula does not correctly express the intended spatial constraint. The use of two layers of 'box(below)' may not correctly capture the requirement that bread must not occur more than one row below a filling. Consider using a single 'box(below)' operator with a direct constraint on the distance between filling and bread.,strength,strength,part,task,part_2_prolog_modal_logic,part_2_prolog_modal_logic,,part_2_task_3,,P2-T3-R5,human_broader,compatible,not_assessable,0.0644582211971283,,,assessment_2|student_1|D|obs_005|obs_028,very_low
D,assessment_2,student_1,obs_005,obs_029,The modal logic formulas are mostly accurate and syntactically correct.,The submitted formula is well formed according to the supplied modal logic syntax. The formula uses valid syntax for the modal logic operators and is correctly structured as per the requirement.,strength,strength,part,task,part_2_prolog_modal_logic,part_2_prolog_modal_logic,,part_2_task_3,,P2-T3-R6,human_broader,compatible,not_assessable,0.6557556390762329,,,assessment_2|student_1|D|obs_005|obs_029,high
D,assessment_2,student_1,obs_005,obs_030,The modal logic formulas are mostly accurate and syntactically correct.,The formula correctly expresses the requirement that bread must not occur more than one row below a state containing filling. The use of the box operator ensures the distance constraint is enforced as per the task's semantic goal.,strength,strength,part,task,part_2_prolog_modal_logic,part_2_prolog_modal_logic,,part_2_task_3,,P2-T3-R7,human_broader,compatible,not_assessable,0.2068284153938293,,,assessment_2|student_1|D|obs_005|obs_030,low_medium
D,assessment_2,student_1,obs_005,obs_031,The modal logic formulas are mostly accurate and syntactically correct.,"Your formula correctly conditions the restriction on the presence of 'filling', ensuring that no state above it may contain 'filling'. The formula is structured to enforce the global vertical constraint as required by the task.",strength,strength,part,task,part_2_prolog_modal_logic,part_2_prolog_modal_logic,,part_2_task_4,,P2-T4-R1,human_broader,compatible,not_assessable,0.1322640031576156,,,assessment_2|student_1|D|obs_005|obs_031,very_low
D,assessment_2,student_1,obs_005,obs_032,The modal logic formulas are mostly accurate and syntactically correct.,"The formula correctly applies to all relevant states above the current filling state. The 'box(below, not(filling))' part restricts the immediately adjacent state below, which is consistent with the requirement.",strength,strength,part,task,part_2_prolog_modal_logic,part_2_prolog_modal_logic,,part_2_task_4,,P2-T4-R2,human_broader,compatible,not_assessable,0.2329841405153274,,,assessment_2|student_1|D|obs_005|obs_032,low_medium
D,assessment_2,student_1,obs_005,obs_033,The modal logic formulas are mostly accurate and syntactically correct.,"Your formula correctly expresses the constraint that if a state contains filling, then no state anywhere above it may also contain filling. This meets the requirement.",strength,strength,part,task,part_2_prolog_modal_logic,part_2_prolog_modal_logic,,part_2_task_4,,P2-T4-R3,human_broader,compatible,not_assessable,0.1525165885686874,,,assessment_2|student_1|D|obs_005|obs_033,very_low
D,assessment_2,student_1,obs_005,obs_035,The modal logic formulas are mostly accurate and syntactically correct.,The submitted formula is well formed according to the supplied modal logic syntax. It does not contain any structural or semantic errors related to the exact requirement.,strength,strength,part,task,part_2_prolog_modal_logic,part_2_prolog_modal_logic,,part_2_task_4,,P2-T4-R5,human_broader,compatible,not_assessable,0.6007258892059326,,,assessment_2|student_1|D|obs_005|obs_035,boundary_high
D,assessment_2,student_1,obs_005,obs_036,The modal logic formulas are mostly accurate and syntactically correct.,"Your answer for the modal logic formula is correctly provided in the required predicate answer4/1. The formula 'implies(filling, box(below, not(filling)))' correctly expresses the global vertical constraint that if a state contains filling, no state above it may also contain filling.",strength,strength,part,task,part_2_prolog_modal_logic,part_2_prolog_modal_logic,,part_2_task_4,,P2-T4-R6,human_broader,compatible,not_assessable,0.427898108959198,,,assessment_2|student_1|D|obs_005|obs_036,boundary_low
D,assessment_2,student_1,obs_005,obs_037,The modal logic formulas are mostly accurate and syntactically correct.,"Your submission includes exactly three examples, which meets the requirement. The task explanations for each example are not part of the exact requirement and are therefore not evaluated in this assessment.",strength,strength,part,task,part_2_prolog_modal_logic,part_2_prolog_modal_logic,,part_2_task_5,,P2-T5-R1,human_broader,compatible,not_assessable,0.1955834329128265,,,assessment_2|student_1|D|obs_005|obs_037,very_low
D,assessment_2,student_1,obs_005,obs_040,The modal logic formulas are mostly accurate and syntactically correct.,The three examples clearly demonstrate meaningfully different shortcomings of the original specification. Each preventive formula directly addresses a distinct problem category as outlined in the evaluation guidance.,strength,strength,part,task,part_2_prolog_modal_logic,part_2_prolog_modal_logic,,part_2_task_5,,P2-T5-R4,human_broader,compatible,not_assessable,0.2923940420150757,,,assessment_2|student_1|D|obs_005|obs_040,low_medium
D,assessment_2,student_1,obs_005,obs_041,The modal logic formulas are mostly accurate and syntactically correct.,"The preventive formulas provided are linked to the problem descriptions through the predicate names and structured_data. However, the problem descriptions themselves are not explicitly present in the submission evidence. Please ensure that the problem descriptions are included with the preventive formulas.",strength,suggestion,part,task,part_2_prolog_modal_logic,part_2_prolog_modal_logic,,part_2_task_5,,P2-T5-R5,human_broader,potentially_compatible,not_assessable,0.2759594321250915,,,assessment_2|student_1|D|obs_005|obs_041,low_medium
D,assessment_2,student_1,obs_005,obs_043,The modal logic formulas are mostly accurate and syntactically correct.,Your formulas are well-formed and follow the modal logic syntax rules. They correctly express the constraints as required for the task.,strength,strength,part,task,part_2_prolog_modal_logic,part_2_prolog_modal_logic,,part_2_task_5,,P2-T5-R7,human_broader,compatible,not_assessable,0.479130208492279,,,assessment_2|student_1|D|obs_005|obs_043,boundary_low
D,assessment_2,student_1,obs_005,obs_044,The modal logic formulas are mostly accurate and syntactically correct.,Your responses for the three examples are correctly provided in the specified answer predicates. Ensure that each example includes a natural-language description and a modal logic formula that prevents the described configuration.,strength,strength,part,task,part_2_prolog_modal_logic,part_2_prolog_modal_logic,,part_2_task_5,,P2-T5-R8,human_broader,compatible,not_assessable,0.4313669800758362,,,assessment_2|student_1|D|obs_005|obs_044,boundary_low
D,assessment_2,student_1,obs_006,obs_013,The modal logic rules would benefit from clearer explanations and justification to improve their interpretability and depth.,Your formula correctly expresses that bread and filling cannot occupy the same grid state. The formula is logically correct and meets the requirement for mutual exclusivity.,suggestion,strength,part,task,part_2_prolog_modal_logic,part_2_prolog_modal_logic,,part_2_task_1,,P2-T1-R1,human_broader,potentially_compatible,not_assessable,0.1008947268128395,,,assessment_2|student_1|D|obs_006|obs_013,very_low
D,assessment_2,student_1,obs_006,obs_014,The modal logic rules would benefit from clearer explanations and justification to improve their interpretability and depth.,Your formula correctly expresses that bread and filling cannot occupy the same grid state. This satisfies the requirement for mutual exclusivity.,suggestion,strength,part,task,part_2_prolog_modal_logic,part_2_prolog_modal_logic,,part_2_task_1,,P2-T1-R2,human_broader,potentially_compatible,not_assessable,0.0811057090759277,,,assessment_2|student_1|D|obs_006|obs_014,very_low
D,assessment_2,student_1,obs_006,obs_015,The modal logic rules would benefit from clearer explanations and justification to improve their interpretability and depth.,Your formula correctly expresses the mutual exclusivity between bread and filling. The formula is well-formed and uses the appropriate modal logic syntax.,suggestion,strength,part,task,part_2_prolog_modal_logic,part_2_prolog_modal_logic,,part_2_task_1,,P2-T1-R3,human_broader,potentially_compatible,not_assessable,0.2575469017028808,,,assessment_2|student_1|D|obs_006|obs_015,low_medium
D,assessment_2,student_1,obs_006,obs_016,The modal logic rules would benefit from clearer explanations and justification to improve their interpretability and depth.,Your answer is correctly provided in the required predicate answer1/1. The formula correctly expresses that bread and filling cannot occupy the same grid state.,suggestion,strength,part,task,part_2_prolog_modal_logic,part_2_prolog_modal_logic,,part_2_task_1,,P2-T1-R4,human_broader,potentially_compatible,not_assessable,0.1065074056386947,,,assessment_2|student_1|D|obs_006|obs_016,very_low
D,assessment_2,student_1,obs_006,obs_017,The modal logic rules would benefit from clearer explanations and justification to improve their interpretability and depth.,"Your formula correctly conditions the bread requirement on the presence of filling. The formula 'implies(filling, and(dia(oneabove, bread), dia(onebelow, bread)))' ensures that whenever filling is present, bread is both immediately above and below. This meets the requirement for conditional structure.",suggestion,strength,part,task,part_2_prolog_modal_logic,part_2_prolog_modal_logic,,part_2_task_2,,P2-T2-R1,human_broader,potentially_compatible,not_assessable,0.1925833523273468,,,assessment_2|student_1|D|obs_006|obs_017,very_low
D,assessment_2,student_1,obs_006,obs_018,The modal logic rules would benefit from clearer explanations and justification to improve their interpretability and depth.,Your formula correctly expresses that bread must be immediately above filling. The use of 'dia' for modal operators and the relations 'oneabove' and 'onebelow' aligns with the requirement. The formula is logically correct and compatible with the modal logic framework.,suggestion,strength,part,task,part_2_prolog_modal_logic,part_2_prolog_modal_logic,,part_2_task_2,,P2-T2-R2,human_broader,potentially_compatible,not_assessable,0.2761357426643371,,,assessment_2|student_1|D|obs_006|obs_018,low_medium
D,assessment_2,student_1,obs_006,obs_019,The modal logic rules would benefit from clearer explanations and justification to improve their interpretability and depth.,"Your formula correctly expresses that whenever filling is present, bread must be immediately below it. This meets the requirement for the bread adjacency condition.",suggestion,strength,part,task,part_2_prolog_modal_logic,part_2_prolog_modal_logic,,part_2_task_2,,P2-T2-R3,human_broader,potentially_compatible,not_assessable,0.1000673770904541,,,assessment_2|student_1|D|obs_006|obs_019,very_low
D,assessment_2,student_1,obs_006,obs_020,The modal logic rules would benefit from clearer explanations and justification to improve their interpretability and depth.,"Your formula correctly uses the 'dia' operator to express immediate adjacency between bread and filling. The formula meets the requirement by ensuring that whenever filling is present, bread is both immediately above and below.",suggestion,strength,part,task,part_2_prolog_modal_logic,part_2_prolog_modal_logic,,part_2_task_2,,P2-T2-R4,human_broader,potentially_compatible,not_assessable,0.0926885604858398,,,assessment_2|student_1|D|obs_006|obs_020,very_low
D,assessment_2,student_1,obs_006,obs_021,The modal logic rules would benefit from clearer explanations and justification to improve their interpretability and depth.,Your formula correctly uses the modal logic framework to express the requirement that every state containing filling has bread immediately above and below it. The use of 'dia' and the relations 'oneabove' and 'onebelow' is consistent with the supplied framework.,suggestion,strength,part,task,part_2_prolog_modal_logic,part_2_prolog_modal_logic,,part_2_task_2,,P2-T2-R5,human_broader,potentially_compatible,not_assessable,0.2457638382911682,,,assessment_2|student_1|D|obs_006|obs_021,low_medium
D,assessment_2,student_1,obs_006,obs_022,The modal logic rules would benefit from clearer explanations and justification to improve their interpretability and depth.,Your formula correctly expresses the requirement that every state containing filling has bread immediately above and below it. The formula is well-formed and uses the required relations and modal operators.,suggestion,strength,part,task,part_2_prolog_modal_logic,part_2_prolog_modal_logic,,part_2_task_2,,P2-T2-R6,human_broader,potentially_compatible,not_assessable,0.2346879541873932,,,assessment_2|student_1|D|obs_006|obs_022,low_medium
D,assessment_2,student_1,obs_006,obs_023,The modal logic rules would benefit from clearer explanations and justification to improve their interpretability and depth.,Your formula correctly expresses that every state containing filling has bread immediately above and below it. The formula is in the required predicate answer2/1 and uses the supplied relations and modal logic constructs.,suggestion,strength,part,task,part_2_prolog_modal_logic,part_2_prolog_modal_logic,,part_2_task_2,,P2-T2-R7,human_broader,potentially_compatible,not_assessable,0.2361114025115966,,,assessment_2|student_1|D|obs_006|obs_023,low_medium
D,assessment_2,student_1,obs_006,obs_024,The modal logic rules would benefit from clearer explanations and justification to improve their interpretability and depth.,Your formula correctly conditions the distance restriction on the presence of filling. The use of the implies operator ensures that the restriction is only applied when filling is present. The formula correctly enforces that bread may not occur more than one row below a filling state.,suggestion,strength,part,task,part_2_prolog_modal_logic,part_2_prolog_modal_logic,,part_2_task_3,,P2-T3-R1,human_broader,potentially_compatible,not_assessable,0.2095398157835006,,,assessment_2|student_1|D|obs_006|obs_024,low_medium
D,assessment_2,student_1,obs_006,obs_025,The modal logic rules would benefit from clearer explanations and justification to improve their interpretability and depth.,"The formula correctly captures the distinction between immediate adjacency and greater vertical distance. The use of 'box(below, box(below, not(bread)))' ensures that bread is not present in any row below a filling state, which meets the requirement.",suggestion,strength,part,task,part_2_prolog_modal_logic,part_2_prolog_modal_logic,,part_2_task_3,,P2-T3-R2,human_broader,potentially_compatible,not_assessable,0.1906419396400451,,,assessment_2|student_1|D|obs_006|obs_025,very_low
D,assessment_2,student_1,obs_006,obs_026,The modal logic rules would benefit from clearer explanations and justification to improve their interpretability and depth.,"The formula does not incorrectly prohibit bread immediately below filling. The use of two 'box(below)' operators enforces a distance constraint that is more restrictive than intended, but this is not a material defect under the exact requirement.",suggestion,strength,part,task,part_2_prolog_modal_logic,part_2_prolog_modal_logic,,part_2_task_3,,P2-T3-R3,human_broader,potentially_compatible,not_assessable,0.1617561280727386,,,assessment_2|student_1|D|obs_006|obs_026,very_low
D,assessment_2,student_1,obs_006,obs_027,The modal logic rules would benefit from clearer explanations and justification to improve their interpretability and depth.,"The formula correctly ensures that bread is not present in any row below filling, which aligns with the requirement that bread may occur immediately below filling but not further below.",suggestion,strength,part,task,part_2_prolog_modal_logic,part_2_prolog_modal_logic,,part_2_task_3,,P2-T3-R4,human_broader,potentially_compatible,not_assessable,0.1961726248264312,,,assessment_2|student_1|D|obs_006|obs_027,very_low
D,assessment_2,student_1,obs_006,obs_028,The modal logic rules would benefit from clearer explanations and justification to improve their interpretability and depth.,The formula does not correctly express the intended spatial constraint. The use of two layers of 'box(below)' may not correctly capture the requirement that bread must not occur more than one row below a filling. Consider using a single 'box(below)' operator with a direct constraint on the distance between filling and bread.,suggestion,strength,part,task,part_2_prolog_modal_logic,part_2_prolog_modal_logic,,part_2_task_3,,P2-T3-R5,human_broader,potentially_compatible,not_assessable,0.097842052578926,,,assessment_2|student_1|D|obs_006|obs_028,very_low
D,assessment_2,student_1,obs_006,obs_029,The modal logic rules would benefit from clearer explanations and justification to improve their interpretability and depth.,The submitted formula is well formed according to the supplied modal logic syntax. The formula uses valid syntax for the modal logic operators and is correctly structured as per the requirement.,suggestion,strength,part,task,part_2_prolog_modal_logic,part_2_prolog_modal_logic,,part_2_task_3,,P2-T3-R6,human_broader,potentially_compatible,not_assessable,0.4116498827934265,,,assessment_2|student_1|D|obs_006|obs_029,boundary_low
D,assessment_2,student_1,obs_006,obs_030,The modal logic rules would benefit from clearer explanations and justification to improve their interpretability and depth.,The formula correctly expresses the requirement that bread must not occur more than one row below a state containing filling. The use of the box operator ensures the distance constraint is enforced as per the task's semantic goal.,suggestion,strength,part,task,part_2_prolog_modal_logic,part_2_prolog_modal_logic,,part_2_task_3,,P2-T3-R7,human_broader,potentially_compatible,not_assessable,0.2128695696592331,,,assessment_2|student_1|D|obs_006|obs_030,low_medium
D,assessment_2,student_1,obs_006,obs_031,The modal logic rules would benefit from clearer explanations and justification to improve their interpretability and depth.,"Your formula correctly conditions the restriction on the presence of 'filling', ensuring that no state above it may contain 'filling'. The formula is structured to enforce the global vertical constraint as required by the task.",suggestion,strength,part,task,part_2_prolog_modal_logic,part_2_prolog_modal_logic,,part_2_task_4,,P2-T4-R1,human_broader,potentially_compatible,not_assessable,0.1226100921630859,,,assessment_2|student_1|D|obs_006|obs_031,very_low
D,assessment_2,student_1,obs_006,obs_032,The modal logic rules would benefit from clearer explanations and justification to improve their interpretability and depth.,"The formula correctly applies to all relevant states above the current filling state. The 'box(below, not(filling))' part restricts the immediately adjacent state below, which is consistent with the requirement.",suggestion,strength,part,task,part_2_prolog_modal_logic,part_2_prolog_modal_logic,,part_2_task_4,,P2-T4-R2,human_broader,potentially_compatible,not_assessable,0.1891349852085113,,,assessment_2|student_1|D|obs_006|obs_032,very_low
D,assessment_2,student_1,obs_006,obs_033,The modal logic rules would benefit from clearer explanations and justification to improve their interpretability and depth.,"Your formula correctly expresses the constraint that if a state contains filling, then no state anywhere above it may also contain filling. This meets the requirement.",suggestion,strength,part,task,part_2_prolog_modal_logic,part_2_prolog_modal_logic,,part_2_task_4,,P2-T4-R3,human_broader,potentially_compatible,not_assessable,0.1530371606349945,,,assessment_2|student_1|D|obs_006|obs_033,very_low
D,assessment_2,student_1,obs_006,obs_034,The modal logic rules would benefit from clearer explanations and justification to improve their interpretability and depth.,"The formula uses 'below' which may be the inverse of what is needed. The task specifies that no state 'above' a filling state may contain filling, so 'above' should be used instead of 'below' to ensure the correct spatial constraint is expressed.",suggestion,error,part,task,part_2_prolog_modal_logic,part_2_prolog_modal_logic,,part_2_task_4,,P2-T4-R4,human_broader,potentially_compatible,not_assessable,0.1515238285064697,,,assessment_2|student_1|D|obs_006|obs_034,very_low
D,assessment_2,student_1,obs_006,obs_035,The modal logic rules would benefit from clearer explanations and justification to improve their interpretability and depth.,The submitted formula is well formed according to the supplied modal logic syntax. It does not contain any structural or semantic errors related to the exact requirement.,suggestion,strength,part,task,part_2_prolog_modal_logic,part_2_prolog_modal_logic,,part_2_task_4,,P2-T4-R5,human_broader,potentially_compatible,not_assessable,0.3766073286533355,,,assessment_2|student_1|D|obs_006|obs_035,boundary_low
D,assessment_2,student_1,obs_006,obs_036,The modal logic rules would benefit from clearer explanations and justification to improve their interpretability and depth.,"Your answer for the modal logic formula is correctly provided in the required predicate answer4/1. The formula 'implies(filling, box(below, not(filling)))' correctly expresses the global vertical constraint that if a state contains filling, no state above it may also contain filling.",suggestion,strength,part,task,part_2_prolog_modal_logic,part_2_prolog_modal_logic,,part_2_task_4,,P2-T4-R6,human_broader,potentially_compatible,not_assessable,0.4171664714813232,,,assessment_2|student_1|D|obs_006|obs_036,boundary_low
D,assessment_2,student_1,obs_006,obs_037,The modal logic rules would benefit from clearer explanations and justification to improve their interpretability and depth.,"Your submission includes exactly three examples, which meets the requirement. The task explanations for each example are not part of the exact requirement and are therefore not evaluated in this assessment.",suggestion,strength,part,task,part_2_prolog_modal_logic,part_2_prolog_modal_logic,,part_2_task_5,,P2-T5-R1,human_broader,potentially_compatible,not_assessable,0.2440210282802581,,,assessment_2|student_1|D|obs_006|obs_037,low_medium
D,assessment_2,student_1,obs_006,obs_038,The modal logic rules would benefit from clearer explanations and justification to improve their interpretability and depth.,Your submission includes formulas for preventive measures but does not provide natural-language descriptions of the problematic sandwich configurations. Each example should include a description of the configuration and a corresponding preventive formula.,suggestion,error,part,task,part_2_prolog_modal_logic,part_2_prolog_modal_logic,,part_2_task_5,,P2-T5-R2,human_broader,potentially_compatible,not_assessable,0.123405709862709,,,assessment_2|student_1|D|obs_006|obs_038,very_low
D,assessment_2,student_1,obs_006,obs_039,The modal logic rules would benefit from clearer explanations and justification to improve their interpretability and depth.,Your submission for Task 5 is missing the natural-language descriptions of the three problematic sandwich configurations. Each example should include a description of the configuration and a formula that prevents it. Please provide these descriptions along with the formulas.,suggestion,error,part,task,part_2_prolog_modal_logic,part_2_prolog_modal_logic,,part_2_task_5,,P2-T5-R3,human_broader,potentially_compatible,not_assessable,0.1034142076969146,,,assessment_2|student_1|D|obs_006|obs_039,very_low
D,assessment_2,student_1,obs_006,obs_040,The modal logic rules would benefit from clearer explanations and justification to improve their interpretability and depth.,The three examples clearly demonstrate meaningfully different shortcomings of the original specification. Each preventive formula directly addresses a distinct problem category as outlined in the evaluation guidance.,suggestion,strength,part,task,part_2_prolog_modal_logic,part_2_prolog_modal_logic,,part_2_task_5,,P2-T5-R4,human_broader,potentially_compatible,not_assessable,0.2631221115589142,,,assessment_2|student_1|D|obs_006|obs_040,low_medium
D,assessment_2,student_1,obs_006,obs_041,The modal logic rules would benefit from clearer explanations and justification to improve their interpretability and depth.,"The preventive formulas provided are linked to the problem descriptions through the predicate names and structured_data. However, the problem descriptions themselves are not explicitly present in the submission evidence. Please ensure that the problem descriptions are included with the preventive formulas.",suggestion,suggestion,part,task,part_2_prolog_modal_logic,part_2_prolog_modal_logic,,part_2_task_5,,P2-T5-R5,human_broader,compatible,not_assessable,0.1507934629917144,,,assessment_2|student_1|D|obs_006|obs_041,very_low
D,assessment_2,student_1,obs_006,obs_042,The modal logic rules would benefit from clearer explanations and justification to improve their interpretability and depth.,The preventive formulas do not effectively exclude the described configurations. Each formula should directly address the specific problem identified in the description to ensure the configuration is prevented.,suggestion,error,part,task,part_2_prolog_modal_logic,part_2_prolog_modal_logic,,part_2_task_5,,P2-T5-R6,human_broader,potentially_compatible,not_assessable,0.142460823059082,,,assessment_2|student_1|D|obs_006|obs_042,very_low
D,assessment_2,student_1,obs_006,obs_043,The modal logic rules would benefit from clearer explanations and justification to improve their interpretability and depth.,Your formulas are well-formed and follow the modal logic syntax rules. They correctly express the constraints as required for the task.,suggestion,strength,part,task,part_2_prolog_modal_logic,part_2_prolog_modal_logic,,part_2_task_5,,P2-T5-R7,human_broader,potentially_compatible,not_assessable,0.3827633261680603,,,assessment_2|student_1|D|obs_006|obs_043,boundary_low
D,assessment_2,student_1,obs_006,obs_044,The modal logic rules would benefit from clearer explanations and justification to improve their interpretability and depth.,Your responses for the three examples are correctly provided in the specified answer predicates. Ensure that each example includes a natural-language description and a modal logic formula that prevents the described configuration.,suggestion,strength,part,task,part_2_prolog_modal_logic,part_2_prolog_modal_logic,,part_2_task_5,,P2-T5-R8,human_broader,potentially_compatible,not_assessable,0.3439989686012268,,,assessment_2|student_1|D|obs_006|obs_044,low_medium
D,assessment_2,student_1,obs_007,obs_038,Task 5 needs clearer explanation and justification of the proposed problematic configurations and the rules intended to prevent them.,Your submission includes formulas for preventive measures but does not provide natural-language descriptions of the problematic sandwich configurations. Each example should include a description of the configuration and a corresponding preventive formula.,error,error,task,task,part_2_prolog_modal_logic,part_2_prolog_modal_logic,part_2_task_5,part_2_task_5,P2-T5-R2|P2-T5-R5,P2-T5-R2,exact,compatible,overlap,0.3805183470249176,,,assessment_2|student_1|D|obs_007|obs_038,boundary_low
D,assessment_2,student_1,obs_007,obs_039,Task 5 needs clearer explanation and justification of the proposed problematic configurations and the rules intended to prevent them.,Your submission for Task 5 is missing the natural-language descriptions of the three problematic sandwich configurations. Each example should include a description of the configuration and a formula that prevents it. Please provide these descriptions along with the formulas.,error,error,task,task,part_2_prolog_modal_logic,part_2_prolog_modal_logic,part_2_task_5,part_2_task_5,P2-T5-R2|P2-T5-R5,P2-T5-R3,exact,compatible,no_overlap,0.5530489683151245,,,assessment_2|student_1|D|obs_007|obs_039,boundary_high
D,assessment_2,student_1,obs_007,obs_041,Task 5 needs clearer explanation and justification of the proposed problematic configurations and the rules intended to prevent them.,"The preventive formulas provided are linked to the problem descriptions through the predicate names and structured_data. However, the problem descriptions themselves are not explicitly present in the submission evidence. Please ensure that the problem descriptions are included with the preventive formulas.",error,suggestion,task,task,part_2_prolog_modal_logic,part_2_prolog_modal_logic,part_2_task_5,part_2_task_5,P2-T5-R2|P2-T5-R5,P2-T5-R5,exact,potentially_compatible,overlap,0.2704378962516784,,,assessment_2|student_1|D|obs_007|obs_041,low_medium
D,assessment_2,student_1,obs_007,obs_042,Task 5 needs clearer explanation and justification of the proposed problematic configurations and the rules intended to prevent them.,The preventive formulas do not effectively exclude the described configurations. Each formula should directly address the specific problem identified in the description to ensure the configuration is prevented.,error,error,task,task,part_2_prolog_modal_logic,part_2_prolog_modal_logic,part_2_task_5,part_2_task_5,P2-T5-R2|P2-T5-R5,P2-T5-R6,exact,compatible,no_overlap,0.4091419279575348,,,assessment_2|student_1|D|obs_007|obs_042,boundary_low
D,assessment_2,student_1,obs_008,obs_034,Task 4 contains a directional error in the use of modal operators.,"The formula uses 'below' which may be the inverse of what is needed. The task specifies that no state 'above' a filling state may contain filling, so 'above' should be used instead of 'below' to ensure the correct spatial constraint is expressed.",error,error,task,task,part_2_prolog_modal_logic,part_2_prolog_modal_logic,part_2_task_4,part_2_task_4,P2-T4-R4,P2-T4-R4,exact,compatible,exact,0.2713969945907593,,,assessment_2|student_1|D|obs_008|obs_034,low_medium
A,assessment_2,student_2,obs_001,obs_001,The ontology has a justified class hierarchy that includes both sandwich types and ingredient subclasses.,"The ontology includes ten classes and five properties, with a logically correct axiom. The report accurately describes the ontology and is within the word limit.",strength,strength,part,part,part_1_ontology,part_1_ontology,,,P1-R2,P1-R1|P1-R2|P1-R3|P1-R4|P1-R5|P1-R7|P1-R8|P1-R9|P1-R10|P1-R12,exact,compatible,overlap,0.5142901539802551,,,assessment_2|student_2|A|obs_001|obs_001,boundary_high
A,assessment_2,student_2,obs_002,obs_001,The property design is thoughtful and makes effective use of subproperties and transitive or functional characteristics to create expressive logical relationships.,"The ontology includes ten classes and five properties, with a logically correct axiom. The report accurately describes the ontology and is within the word limit.",strength,strength,part,part,part_1_ontology,part_1_ontology,,,P1-R3|P1-R4,P1-R1|P1-R2|P1-R3|P1-R4|P1-R5|P1-R7|P1-R8|P1-R9|P1-R10|P1-R12,exact,compatible,overlap,0.3927320539951324,,,assessment_2|student_2|A|obs_002|obs_001,boundary_low
A,assessment_2,student_2,obs_003,obs_001,"The central axiom is formalised in Description Logic, clearly explained, and directly linked to the source baseline.","The ontology includes ten classes and five properties, with a logically correct axiom. The report accurately describes the ontology and is within the word limit.",strength,strength,part,part,part_1_ontology,part_1_ontology,,,P1-R5|P1-R10,P1-R1|P1-R2|P1-R3|P1-R4|P1-R5|P1-R7|P1-R8|P1-R9|P1-R10|P1-R12,exact,compatible,overlap,0.4715469479560852,,,assessment_2|student_2|A|obs_003|obs_001,boundary_low
A,assessment_2,student_2,obs_004,obs_001,"The report discusses both strengths and limitations of the ontology, including logical precision, extensibility, automated reasoning, cultural specificity, and difficulty modelling all possible sandwich variations or ingredient requirements.","The ontology includes ten classes and five properties, with a logically correct axiom. The report accurately describes the ontology and is within the word limit.",strength,strength,part,part,part_1_ontology,part_1_ontology,,,P1-R11,P1-R1|P1-R2|P1-R3|P1-R4|P1-R5|P1-R7|P1-R8|P1-R9|P1-R10|P1-R12,exact,compatible,no_overlap,0.5862334966659546,,,assessment_2|student_2|A|obs_004|obs_001,boundary_high
A,assessment_2,student_2,obs_005,obs_001,The report could provide more explicit referencing for the source material associated with the axiom.,"The ontology includes ten classes and five properties, with a logically correct axiom. The report accurately describes the ontology and is within the word limit.",suggestion,strength,part,part,part_1_ontology,part_1_ontology,,,P1-R10,P1-R1|P1-R2|P1-R3|P1-R4|P1-R5|P1-R7|P1-R8|P1-R9|P1-R10|P1-R12,exact,potentially_compatible,overlap,0.4963674247264862,,,assessment_2|student_2|A|obs_005|obs_001,boundary_low
A,assessment_2,student_2,obs_005,obs_002,The report could provide more explicit referencing for the source material associated with the axiom.,"The ontology may have logical inconsistencies, and the report should include a critical discussion of its limitations.",suggestion,error,part,part,part_1_ontology,part_1_ontology,,,P1-R10,P1-R6|P1-R11,exact,potentially_compatible,no_overlap,0.4321333169937134,,,assessment_2|student_2|A|obs_005|obs_002,boundary_low
A,assessment_2,student_2,obs_006,obs_001,The critical reflection could be expanded to consider more modelling alternatives and broader cultural perspectives.,"The ontology includes ten classes and five properties, with a logically correct axiom. The report accurately describes the ontology and is within the word limit.",suggestion,strength,part,part,part_1_ontology,part_1_ontology,,,P1-R11,P1-R1|P1-R2|P1-R3|P1-R4|P1-R5|P1-R7|P1-R8|P1-R9|P1-R10|P1-R12,exact,potentially_compatible,no_overlap,0.2395866364240646,,,assessment_2|student_2|A|obs_006|obs_001,low_medium
A,assessment_2,student_2,obs_006,obs_002,The critical reflection could be expanded to consider more modelling alternatives and broader cultural perspectives.,"The ontology may have logical inconsistencies, and the report should include a critical discussion of its limitations.",suggestion,error,part,part,part_1_ontology,part_1_ontology,,,P1-R11,P1-R6|P1-R11,exact,potentially_compatible,overlap,0.3845558166503906,,,assessment_2|student_2|A|obs_006|obs_002,boundary_low
A,assessment_2,student_2,obs_007,obs_003,"The Prolog modal logic is technically sound, and the symbolic formulas are valid and structurally correct.","The formula meets all the requirements for the task, including semantic alignment and framework compliance.",strength,strength,part,task,part_2_prolog_modal_logic,part_2_prolog_modal_logic,,part_2_task_1,,P2-T1-R1|P2-T1-R2|P2-T1-R3|P2-T1-R4,human_broader,compatible,not_assessable,0.3947283625602722,,,assessment_2|student_2|A|obs_007|obs_003,boundary_low
A,assessment_2,student_2,obs_007,obs_006,"The Prolog modal logic is technically sound, and the symbolic formulas are valid and structurally correct.",Consider using a different modal logic structure to express the spatial constraint accurately.,strength,suggestion,part,task,part_2_prolog_modal_logic,part_2_prolog_modal_logic,,part_2_task_3,,P2-T3-R2|P2-T3-R3|P2-T3-R5,human_broader,potentially_compatible,not_assessable,0.3102738261222839,,,assessment_2|student_2|A|obs_007|obs_006,low_medium
A,assessment_2,student_2,obs_007,obs_008,"The Prolog modal logic is technically sound, and the symbolic formulas are valid and structurally correct.",Modify the formula to apply to all states above the current filling state.,strength,suggestion,part,task,part_2_prolog_modal_logic,part_2_prolog_modal_logic,,part_2_task_4,,P2-T4-R2,human_broader,potentially_compatible,not_assessable,0.1591111421585083,,,assessment_2|student_2|A|obs_007|obs_008,very_low
A,assessment_2,student_2,obs_008,obs_004,The Part 2 submission is missing the required explanatory comments.,Use the correct modal operators and ensure the formula is well-formed according to the framework's syntax.,omission,error,part,task,part_2_prolog_modal_logic,part_2_prolog_modal_logic,,part_2_task_2,,P2-T2-R5|P2-T2-R6,human_broader,potentially_compatible,not_assessable,0.1291755884885788,,,assessment_2|student_2|A|obs_008|obs_004,very_low
A,assessment_2,student_2,obs_008,obs_005,The Part 2 submission is missing the required explanatory comments.,The formula should use a different modal logic structure to correctly express the spatial constraint.,omission,error,part,task,part_2_prolog_modal_logic,part_2_prolog_modal_logic,,part_2_task_3,,P2-T3-R2|P2-T3-R3|P2-T3-R5,human_broader,potentially_compatible,not_assessable,0.1450832486152649,,,assessment_2|student_2|A|obs_008|obs_005,very_low
A,assessment_2,student_2,obs_008,obs_006,The Part 2 submission is missing the required explanatory comments.,Consider using a different modal logic structure to express the spatial constraint accurately.,omission,suggestion,part,task,part_2_prolog_modal_logic,part_2_prolog_modal_logic,,part_2_task_3,,P2-T3-R2|P2-T3-R3|P2-T3-R5,human_broader,potentially_compatible,not_assessable,0.0679108649492263,,,assessment_2|student_2|A|obs_008|obs_006,very_low
A,assessment_2,student_2,obs_008,obs_007,The Part 2 submission is missing the required explanatory comments.,Clarify the conditional structure and ensure the modal operators correctly express the spatial constraint.,omission,error,part,task,part_2_prolog_modal_logic,part_2_prolog_modal_logic,,part_2_task_4,,P2-T4-R1|P2-T4-R2|P2-T4-R4,human_broader,potentially_compatible,not_assessable,0.1410251557826995,,,assessment_2|student_2|A|obs_008|obs_007,very_low
A,assessment_2,student_2,obs_008,obs_008,The Part 2 submission is missing the required explanatory comments.,Modify the formula to apply to all states above the current filling state.,omission,suggestion,part,task,part_2_prolog_modal_logic,part_2_prolog_modal_logic,,part_2_task_4,,P2-T4-R2,human_broader,potentially_compatible,not_assessable,0.0719513297080993,,,assessment_2|student_2|A|obs_008|obs_008,very_low
A,assessment_2,student_2,obs_008,obs_009,The Part 2 submission is missing the required explanatory comments.,Ensure that each preventive formula effectively excludes the described configuration.,omission,error,part,task,part_2_prolog_modal_logic,part_2_prolog_modal_logic,,part_2_task_5,,P2-T5-R6,human_broader,potentially_compatible,not_assessable,0.2144873142242431,,,assessment_2|student_2|A|obs_008|obs_009,low_medium
A,assessment_2,student_2,obs_009,obs_004,The submission does not include the real-world sandwich examples and cultural reflection expected by the marker.,Use the correct modal operators and ensure the formula is well-formed according to the framework's syntax.,omission,error,part,task,part_2_prolog_modal_logic,part_2_prolog_modal_logic,,part_2_task_2,,P2-T2-R5|P2-T2-R6,human_broader,potentially_compatible,not_assessable,0.046049378812313,,,assessment_2|student_2|A|obs_009|obs_004,very_low
A,assessment_2,student_2,obs_009,obs_005,The submission does not include the real-world sandwich examples and cultural reflection expected by the marker.,The formula should use a different modal logic structure to correctly express the spatial constraint.,omission,error,part,task,part_2_prolog_modal_logic,part_2_prolog_modal_logic,,part_2_task_3,,P2-T3-R2|P2-T3-R3|P2-T3-R5,human_broader,potentially_compatible,not_assessable,0.069594569504261,,,assessment_2|student_2|A|obs_009|obs_005,very_low
A,assessment_2,student_2,obs_009,obs_006,The submission does not include the real-world sandwich examples and cultural reflection expected by the marker.,Consider using a different modal logic structure to express the spatial constraint accurately.,omission,suggestion,part,task,part_2_prolog_modal_logic,part_2_prolog_modal_logic,,part_2_task_3,,P2-T3-R2|P2-T3-R3|P2-T3-R5,human_broader,potentially_compatible,not_assessable,0.000136743299663,,,assessment_2|student_2|A|obs_009|obs_006,very_low
A,assessment_2,student_2,obs_009,obs_007,The submission does not include the real-world sandwich examples and cultural reflection expected by the marker.,Clarify the conditional structure and ensure the modal operators correctly express the spatial constraint.,omission,error,part,task,part_2_prolog_modal_logic,part_2_prolog_modal_logic,,part_2_task_4,,P2-T4-R1|P2-T4-R2|P2-T4-R4,human_broader,potentially_compatible,not_assessable,0.0801108106970787,,,assessment_2|student_2|A|obs_009|obs_007,very_low
A,assessment_2,student_2,obs_009,obs_008,The submission does not include the real-world sandwich examples and cultural reflection expected by the marker.,Modify the formula to apply to all states above the current filling state.,omission,suggestion,part,task,part_2_prolog_modal_logic,part_2_prolog_modal_logic,,part_2_task_4,,P2-T4-R2,human_broader,potentially_compatible,not_assessable,0.0,,,assessment_2|student_2|A|obs_009|obs_008,very_low
A,assessment_2,student_2,obs_009,obs_009,The submission does not include the real-world sandwich examples and cultural reflection expected by the marker.,Ensure that each preventive formula effectively excludes the described configuration.,omission,error,part,task,part_2_prolog_modal_logic,part_2_prolog_modal_logic,,part_2_task_5,,P2-T5-R6,human_broader,potentially_compatible,not_assessable,0.0894004851579666,,,assessment_2|student_2|A|obs_009|obs_009,very_low
B,assessment_2,student_2,obs_001,b_obs_001,The ontology has a justified class hierarchy that includes both sandwich types and ingredient subclasses.,The ontology contains at least ten relevant and appropriately varied classes.,strength,strength,part,part,part_1_ontology,part_1_ontology,,,P1-R2,P1-R1,exact,compatible,no_overlap,0.6096155047416687,,,assessment_2|student_2|B|obs_001|b_obs_001,boundary_high
B,assessment_2,student_2,obs_001,b_obs_002,The ontology has a justified class hierarchy that includes both sandwich types and ingredient subclasses.,Subclass relationships are logically justified and appropriately modelled.,strength,strength,part,part,part_1_ontology,part_1_ontology,,,P1-R2,P1-R2,exact,compatible,exact,0.5479521751403809,,,assessment_2|student_2|B|obs_001|b_obs_002,boundary_high
B,assessment_2,student_2,obs_001,b_obs_003,The ontology has a justified class hierarchy that includes both sandwich types and ingredient subclasses.,The ontology contains at least five meaningful object and/or data properties.,strength,strength,part,part,part_1_ontology,part_1_ontology,,,P1-R2,P1-R3,exact,compatible,no_overlap,0.4714750051498413,,,assessment_2|student_2|B|obs_001|b_obs_003,boundary_low
B,assessment_2,student_2,obs_001,b_obs_004,The ontology has a justified class hierarchy that includes both sandwich types and ingredient subclasses.,"Property domains, ranges, hierarchies, and characteristics are correctly modelled where appropriate.",strength,strength,part,part,part_1_ontology,part_1_ontology,,,P1-R2,P1-R4,exact,compatible,no_overlap,0.3689125180244446,,,assessment_2|student_2|B|obs_001|b_obs_004,boundary_low
B,assessment_2,student_2,obs_001,b_obs_005,The ontology has a justified class hierarchy that includes both sandwich types and ingredient subclasses.,The ontology contains one logically correct Description Logic axiom using a number restriction.,strength,strength,part,part,part_1_ontology,part_1_ontology,,,P1-R2,P1-R5,exact,compatible,no_overlap,0.4490107893943786,,,assessment_2|student_2|B|obs_001|b_obs_005,boundary_low
B,assessment_2,student_2,obs_001,b_obs_007,The ontology has a justified class hierarchy that includes both sandwich types and ingredient subclasses.,The report accurately describes the submitted ontology.,strength,strength,part,part,part_1_ontology,part_1_ontology,,,P1-R2,P1-R7,exact,compatible,no_overlap,0.3941700756549835,,,assessment_2|student_2|B|obs_001|b_obs_007,boundary_low
B,assessment_2,student_2,obs_001,b_obs_008,The ontology has a justified class hierarchy that includes both sandwich types and ingredient subclasses.,The report clearly explains the purpose and scope of the ontology.,strength,strength,part,part,part_1_ontology,part_1_ontology,,,P1-R2,P1-R8,exact,compatible,no_overlap,0.4083934128284454,,,assessment_2|student_2|B|obs_001|b_obs_008,boundary_low
B,assessment_2,student_2,obs_001,b_obs_009,The ontology has a justified class hierarchy that includes both sandwich types and ingredient subclasses.,The report justifies the chosen class and property hierarchies.,strength,strength,part,part,part_1_ontology,part_1_ontology,,,P1-R2,P1-R9,exact,compatible,no_overlap,0.3759111762046814,,,assessment_2|student_2|B|obs_001|b_obs_009,boundary_low
B,assessment_2,student_2,obs_001,b_obs_010,The ontology has a justified class hierarchy that includes both sandwich types and ingredient subclasses.,The report correctly explains the Description Logic axiom and relates it to the source text.,strength,strength,part,part,part_1_ontology,part_1_ontology,,,P1-R2,P1-R10,exact,compatible,no_overlap,0.3453443646430969,,,assessment_2|student_2|B|obs_001|b_obs_010,low_medium
B,assessment_2,student_2,obs_001,b_obs_012,The ontology has a justified class hierarchy that includes both sandwich types and ingredient subclasses.,The report does not exceed the specified word limit of 750 words.,strength,strength,part,part,part_1_ontology,part_1_ontology,,,P1-R2,P1-R12,exact,compatible,no_overlap,0.1185256838798523,,,assessment_2|student_2|B|obs_001|b_obs_012,very_low
B,assessment_2,student_2,obs_002,b_obs_001,The property design is thoughtful and makes effective use of subproperties and transitive or functional characteristics to create expressive logical relationships.,The ontology contains at least ten relevant and appropriately varied classes.,strength,strength,part,part,part_1_ontology,part_1_ontology,,,P1-R3|P1-R4,P1-R1,exact,compatible,no_overlap,0.3504105508327484,,,assessment_2|student_2|B|obs_002|b_obs_001,boundary_low
B,assessment_2,student_2,obs_002,b_obs_002,The property design is thoughtful and makes effective use of subproperties and transitive or functional characteristics to create expressive logical relationships.,Subclass relationships are logically justified and appropriately modelled.,strength,strength,part,part,part_1_ontology,part_1_ontology,,,P1-R3|P1-R4,P1-R2,exact,compatible,no_overlap,0.5084062218666077,,,assessment_2|student_2|B|obs_002|b_obs_002,boundary_high
B,assessment_2,student_2,obs_002,b_obs_003,The property design is thoughtful and makes effective use of subproperties and transitive or functional characteristics to create expressive logical relationships.,The ontology contains at least five meaningful object and/or data properties.,strength,strength,part,part,part_1_ontology,part_1_ontology,,,P1-R3|P1-R4,P1-R3,exact,compatible,overlap,0.5054869651794434,,,assessment_2|student_2|B|obs_002|b_obs_003,boundary_high
B,assessment_2,student_2,obs_002,b_obs_004,The property design is thoughtful and makes effective use of subproperties and transitive or functional characteristics to create expressive logical relationships.,"Property domains, ranges, hierarchies, and characteristics are correctly modelled where appropriate.",strength,strength,part,part,part_1_ontology,part_1_ontology,,,P1-R3|P1-R4,P1-R4,exact,compatible,overlap,0.5574554204940796,,,assessment_2|student_2|B|obs_002|b_obs_004,boundary_high
B,assessment_2,student_2,obs_002,b_obs_005,The property design is thoughtful and makes effective use of subproperties and transitive or functional characteristics to create expressive logical relationships.,The ontology contains one logically correct Description Logic axiom using a number restriction.,strength,strength,part,part,part_1_ontology,part_1_ontology,,,P1-R3|P1-R4,P1-R5,exact,compatible,no_overlap,0.3349862694740295,,,assessment_2|student_2|B|obs_002|b_obs_005,low_medium
B,assessment_2,student_2,obs_002,b_obs_007,The property design is thoughtful and makes effective use of subproperties and transitive or functional characteristics to create expressive logical relationships.,The report accurately describes the submitted ontology.,strength,strength,part,part,part_1_ontology,part_1_ontology,,,P1-R3|P1-R4,P1-R7,exact,compatible,no_overlap,0.2894657552242279,,,assessment_2|student_2|B|obs_002|b_obs_007,low_medium
B,assessment_2,student_2,obs_002,b_obs_008,The property design is thoughtful and makes effective use of subproperties and transitive or functional characteristics to create expressive logical relationships.,The report clearly explains the purpose and scope of the ontology.,strength,strength,part,part,part_1_ontology,part_1_ontology,,,P1-R3|P1-R4,P1-R8,exact,compatible,no_overlap,0.3126228451728821,,,assessment_2|student_2|B|obs_002|b_obs_008,low_medium
B,assessment_2,student_2,obs_002,b_obs_009,The property design is thoughtful and makes effective use of subproperties and transitive or functional characteristics to create expressive logical relationships.,The report justifies the chosen class and property hierarchies.,strength,strength,part,part,part_1_ontology,part_1_ontology,,,P1-R3|P1-R4,P1-R9,exact,compatible,no_overlap,0.4626352787017822,,,assessment_2|student_2|B|obs_002|b_obs_009,boundary_low
B,assessment_2,student_2,obs_002,b_obs_010,The property design is thoughtful and makes effective use of subproperties and transitive or functional characteristics to create expressive logical relationships.,The report correctly explains the Description Logic axiom and relates it to the source text.,strength,strength,part,part,part_1_ontology,part_1_ontology,,,P1-R3|P1-R4,P1-R10,exact,compatible,no_overlap,0.3094655871391296,,,assessment_2|student_2|B|obs_002|b_obs_010,low_medium
B,assessment_2,student_2,obs_002,b_obs_012,The property design is thoughtful and makes effective use of subproperties and transitive or functional characteristics to create expressive logical relationships.,The report does not exceed the specified word limit of 750 words.,strength,strength,part,part,part_1_ontology,part_1_ontology,,,P1-R3|P1-R4,P1-R12,exact,compatible,no_overlap,0.0129356365650892,,,assessment_2|student_2|B|obs_002|b_obs_012,very_low
B,assessment_2,student_2,obs_003,b_obs_001,"The central axiom is formalised in Description Logic, clearly explained, and directly linked to the source baseline.",The ontology contains at least ten relevant and appropriately varied classes.,strength,strength,part,part,part_1_ontology,part_1_ontology,,,P1-R5|P1-R10,P1-R1,exact,compatible,no_overlap,0.3534236848354339,,,assessment_2|student_2|B|obs_003|b_obs_001,boundary_low
B,assessment_2,student_2,obs_003,b_obs_002,"The central axiom is formalised in Description Logic, clearly explained, and directly linked to the source baseline.",Subclass relationships are logically justified and appropriately modelled.,strength,strength,part,part,part_1_ontology,part_1_ontology,,,P1-R5|P1-R10,P1-R2,exact,compatible,no_overlap,0.3618952631950378,,,assessment_2|student_2|B|obs_003|b_obs_002,boundary_low
B,assessment_2,student_2,obs_003,b_obs_003,"The central axiom is formalised in Description Logic, clearly explained, and directly linked to the source baseline.",The ontology contains at least five meaningful object and/or data properties.,strength,strength,part,part,part_1_ontology,part_1_ontology,,,P1-R5|P1-R10,P1-R3,exact,compatible,no_overlap,0.4102005958557129,,,assessment_2|student_2|B|obs_003|b_obs_003,boundary_low
B,assessment_2,student_2,obs_003,b_obs_004,"The central axiom is formalised in Description Logic, clearly explained, and directly linked to the source baseline.","Property domains, ranges, hierarchies, and characteristics are correctly modelled where appropriate.",strength,strength,part,part,part_1_ontology,part_1_ontology,,,P1-R5|P1-R10,P1-R4,exact,compatible,no_overlap,0.1810933649539947,,,assessment_2|student_2|B|obs_003|b_obs_004,very_low
B,assessment_2,student_2,obs_003,b_obs_005,"The central axiom is formalised in Description Logic, clearly explained, and directly linked to the source baseline.",The ontology contains one logically correct Description Logic axiom using a number restriction.,strength,strength,part,part,part_1_ontology,part_1_ontology,,,P1-R5|P1-R10,P1-R5,exact,compatible,overlap,0.5679062008857727,,,assessment_2|student_2|B|obs_003|b_obs_005,boundary_high
B,assessment_2,student_2,obs_003,b_obs_007,"The central axiom is formalised in Description Logic, clearly explained, and directly linked to the source baseline.",The report accurately describes the submitted ontology.,strength,strength,part,part,part_1_ontology,part_1_ontology,,,P1-R5|P1-R10,P1-R7,exact,compatible,no_overlap,0.3373762965202331,,,assessment_2|student_2|B|obs_003|b_obs_007,low_medium
B,assessment_2,student_2,obs_003,b_obs_008,"The central axiom is formalised in Description Logic, clearly explained, and directly linked to the source baseline.",The report clearly explains the purpose and scope of the ontology.,strength,strength,part,part,part_1_ontology,part_1_ontology,,,P1-R5|P1-R10,P1-R8,exact,compatible,no_overlap,0.3831988573074341,,,assessment_2|student_2|B|obs_003|b_obs_008,boundary_low
B,assessment_2,student_2,obs_003,b_obs_009,"The central axiom is formalised in Description Logic, clearly explained, and directly linked to the source baseline.",The report justifies the chosen class and property hierarchies.,strength,strength,part,part,part_1_ontology,part_1_ontology,,,P1-R5|P1-R10,P1-R9,exact,compatible,no_overlap,0.2497908473014831,,,assessment_2|student_2|B|obs_003|b_obs_009,low_medium
B,assessment_2,student_2,obs_003,b_obs_010,"The central axiom is formalised in Description Logic, clearly explained, and directly linked to the source baseline.",The report correctly explains the Description Logic axiom and relates it to the source text.,strength,strength,part,part,part_1_ontology,part_1_ontology,,,P1-R5|P1-R10,P1-R10,exact,compatible,overlap,0.7110927700996399,,,assessment_2|student_2|B|obs_003|b_obs_010,high
B,assessment_2,student_2,obs_003,b_obs_012,"The central axiom is formalised in Description Logic, clearly explained, and directly linked to the source baseline.",The report does not exceed the specified word limit of 750 words.,strength,strength,part,part,part_1_ontology,part_1_ontology,,,P1-R5|P1-R10,P1-R12,exact,compatible,no_overlap,0.093884989619255,,,assessment_2|student_2|B|obs_003|b_obs_012,very_low
B,assessment_2,student_2,obs_004,b_obs_001,"The report discusses both strengths and limitations of the ontology, including logical precision, extensibility, automated reasoning, cultural specificity, and difficulty modelling all possible sandwich variations or ingredient requirements.",The ontology contains at least ten relevant and appropriately varied classes.,strength,strength,part,part,part_1_ontology,part_1_ontology,,,P1-R11,P1-R1,exact,compatible,no_overlap,0.5488982200622559,,,assessment_2|student_2|B|obs_004|b_obs_001,boundary_high
B,assessment_2,student_2,obs_004,b_obs_002,"The report discusses both strengths and limitations of the ontology, including logical precision, extensibility, automated reasoning, cultural specificity, and difficulty modelling all possible sandwich variations or ingredient requirements.",Subclass relationships are logically justified and appropriately modelled.,strength,strength,part,part,part_1_ontology,part_1_ontology,,,P1-R11,P1-R2,exact,compatible,no_overlap,0.3026490211486816,,,assessment_2|student_2|B|obs_004|b_obs_002,low_medium
B,assessment_2,student_2,obs_004,b_obs_003,"The report discusses both strengths and limitations of the ontology, including logical precision, extensibility, automated reasoning, cultural specificity, and difficulty modelling all possible sandwich variations or ingredient requirements.",The ontology contains at least five meaningful object and/or data properties.,strength,strength,part,part,part_1_ontology,part_1_ontology,,,P1-R11,P1-R3,exact,compatible,no_overlap,0.5480172634124756,,,assessment_2|student_2|B|obs_004|b_obs_003,boundary_high
B,assessment_2,student_2,obs_004,b_obs_004,"The report discusses both strengths and limitations of the ontology, including logical precision, extensibility, automated reasoning, cultural specificity, and difficulty modelling all possible sandwich variations or ingredient requirements.","Property domains, ranges, hierarchies, and characteristics are correctly modelled where appropriate.",strength,strength,part,part,part_1_ontology,part_1_ontology,,,P1-R11,P1-R4,exact,compatible,no_overlap,0.3573377728462219,,,assessment_2|student_2|B|obs_004|b_obs_004,boundary_low
B,assessment_2,student_2,obs_004,b_obs_005,"The report discusses both strengths and limitations of the ontology, including logical precision, extensibility, automated reasoning, cultural specificity, and difficulty modelling all possible sandwich variations or ingredient requirements.",The ontology contains one logically correct Description Logic axiom using a number restriction.,strength,strength,part,part,part_1_ontology,part_1_ontology,,,P1-R11,P1-R5,exact,compatible,no_overlap,0.5197231769561768,,,assessment_2|student_2|B|obs_004|b_obs_005,boundary_high
B,assessment_2,student_2,obs_004,b_obs_007,"The report discusses both strengths and limitations of the ontology, including logical precision, extensibility, automated reasoning, cultural specificity, and difficulty modelling all possible sandwich variations or ingredient requirements.",The report accurately describes the submitted ontology.,strength,strength,part,part,part_1_ontology,part_1_ontology,,,P1-R11,P1-R7,exact,compatible,no_overlap,0.5601567029953003,,,assessment_2|student_2|B|obs_004|b_obs_007,boundary_high
B,assessment_2,student_2,obs_004,b_obs_008,"The report discusses both strengths and limitations of the ontology, including logical precision, extensibility, automated reasoning, cultural specificity, and difficulty modelling all possible sandwich variations or ingredient requirements.",The report clearly explains the purpose and scope of the ontology.,strength,strength,part,part,part_1_ontology,part_1_ontology,,,P1-R11,P1-R8,exact,compatible,no_overlap,0.5566221475601196,,,assessment_2|student_2|B|obs_004|b_obs_008,boundary_high
B,assessment_2,student_2,obs_004,b_obs_009,"The report discusses both strengths and limitations of the ontology, including logical precision, extensibility, automated reasoning, cultural specificity, and difficulty modelling all possible sandwich variations or ingredient requirements.",The report justifies the chosen class and property hierarchies.,strength,strength,part,part,part_1_ontology,part_1_ontology,,,P1-R11,P1-R9,exact,compatible,no_overlap,0.317596435546875,,,assessment_2|student_2|B|obs_004|b_obs_009,low_medium
B,assessment_2,student_2,obs_004,b_obs_010,"The report discusses both strengths and limitations of the ontology, including logical precision, extensibility, automated reasoning, cultural specificity, and difficulty modelling all possible sandwich variations or ingredient requirements.",The report correctly explains the Description Logic axiom and relates it to the source text.,strength,strength,part,part,part_1_ontology,part_1_ontology,,,P1-R11,P1-R10,exact,compatible,no_overlap,0.3790343403816223,,,assessment_2|student_2|B|obs_004|b_obs_010,boundary_low
B,assessment_2,student_2,obs_004,b_obs_012,"The report discusses both strengths and limitations of the ontology, including logical precision, extensibility, automated reasoning, cultural specificity, and difficulty modelling all possible sandwich variations or ingredient requirements.",The report does not exceed the specified word limit of 750 words.,strength,strength,part,part,part_1_ontology,part_1_ontology,,,P1-R11,P1-R12,exact,compatible,no_overlap,0.3130639195442199,,,assessment_2|student_2|B|obs_004|b_obs_012,low_medium
B,assessment_2,student_2,obs_005,b_obs_001,The report could provide more explicit referencing for the source material associated with the axiom.,The ontology contains at least ten relevant and appropriately varied classes.,suggestion,strength,part,part,part_1_ontology,part_1_ontology,,,P1-R10,P1-R1,exact,potentially_compatible,no_overlap,0.3283579647541046,,,assessment_2|student_2|B|obs_005|b_obs_001,low_medium
B,assessment_2,student_2,obs_005,b_obs_002,The report could provide more explicit referencing for the source material associated with the axiom.,Subclass relationships are logically justified and appropriately modelled.,suggestion,strength,part,part,part_1_ontology,part_1_ontology,,,P1-R10,P1-R2,exact,potentially_compatible,no_overlap,0.2786644697189331,,,assessment_2|student_2|B|obs_005|b_obs_002,low_medium
B,assessment_2,student_2,obs_005,b_obs_003,The report could provide more explicit referencing for the source material associated with the axiom.,The ontology contains at least five meaningful object and/or data properties.,suggestion,strength,part,part,part_1_ontology,part_1_ontology,,,P1-R10,P1-R3,exact,potentially_compatible,no_overlap,0.3386709094047546,,,assessment_2|student_2|B|obs_005|b_obs_003,low_medium
B,assessment_2,student_2,obs_005,b_obs_004,The report could provide more explicit referencing for the source material associated with the axiom.,"Property domains, ranges, hierarchies, and characteristics are correctly modelled where appropriate.",suggestion,strength,part,part,part_1_ontology,part_1_ontology,,,P1-R10,P1-R4,exact,potentially_compatible,no_overlap,0.143282949924469,,,assessment_2|student_2|B|obs_005|b_obs_004,very_low
B,assessment_2,student_2,obs_005,b_obs_005,The report could provide more explicit referencing for the source material associated with the axiom.,The ontology contains one logically correct Description Logic axiom using a number restriction.,suggestion,strength,part,part,part_1_ontology,part_1_ontology,,,P1-R10,P1-R5,exact,potentially_compatible,no_overlap,0.4463402330875397,,,assessment_2|student_2|B|obs_005|b_obs_005,boundary_low
B,assessment_2,student_2,obs_005,b_obs_006,The report could provide more explicit referencing for the source material associated with the axiom.,The ontology is logically coherent and internally consistent.,suggestion,error,part,part,part_1_ontology,part_1_ontology,,,P1-R10,P1-R6,exact,potentially_compatible,no_overlap,0.3241491317749023,,,assessment_2|student_2|B|obs_005|b_obs_006,low_medium
B,assessment_2,student_2,obs_005,b_obs_007,The report could provide more explicit referencing for the source material associated with the axiom.,The report accurately describes the submitted ontology.,suggestion,strength,part,part,part_1_ontology,part_1_ontology,,,P1-R10,P1-R7,exact,potentially_compatible,no_overlap,0.4027181565761566,,,assessment_2|student_2|B|obs_005|b_obs_007,boundary_low
B,assessment_2,student_2,obs_005,b_obs_008,The report could provide more explicit referencing for the source material associated with the axiom.,The report clearly explains the purpose and scope of the ontology.,suggestion,strength,part,part,part_1_ontology,part_1_ontology,,,P1-R10,P1-R8,exact,potentially_compatible,no_overlap,0.4694804549217224,,,assessment_2|student_2|B|obs_005|b_obs_008,boundary_low
B,assessment_2,student_2,obs_005,b_obs_009,The report could provide more explicit referencing for the source material associated with the axiom.,The report justifies the chosen class and property hierarchies.,suggestion,strength,part,part,part_1_ontology,part_1_ontology,,,P1-R10,P1-R9,exact,potentially_compatible,no_overlap,0.430120587348938,,,assessment_2|student_2|B|obs_005|b_obs_009,boundary_low
B,assessment_2,student_2,obs_005,b_obs_010,The report could provide more explicit referencing for the source material associated with the axiom.,The report correctly explains the Description Logic axiom and relates it to the source text.,suggestion,strength,part,part,part_1_ontology,part_1_ontology,,,P1-R10,P1-R10,exact,potentially_compatible,exact,0.7517162561416626,,,assessment_2|student_2|B|obs_005|b_obs_010,high
B,assessment_2,student_2,obs_005,b_obs_011,The report could provide more explicit referencing for the source material associated with the axiom.,The report critically discusses the strengths and limitations of the ontology.,suggestion,error,part,part,part_1_ontology,part_1_ontology,,,P1-R10,P1-R11,exact,potentially_compatible,no_overlap,0.3961632251739502,,,assessment_2|student_2|B|obs_005|b_obs_011,boundary_low
B,assessment_2,student_2,obs_005,b_obs_012,The report could provide more explicit referencing for the source material associated with the axiom.,The report does not exceed the specified word limit of 750 words.,suggestion,strength,part,part,part_1_ontology,part_1_ontology,,,P1-R10,P1-R12,exact,potentially_compatible,no_overlap,0.241745114326477,,,assessment_2|student_2|B|obs_005|b_obs_012,low_medium
B,assessment_2,student_2,obs_006,b_obs_001,The critical reflection could be expanded to consider more modelling alternatives and broader cultural perspectives.,The ontology contains at least ten relevant and appropriately varied classes.,suggestion,strength,part,part,part_1_ontology,part_1_ontology,,,P1-R11,P1-R1,exact,potentially_compatible,no_overlap,0.2786277532577514,,,assessment_2|student_2|B|obs_006|b_obs_001,low_medium
B,assessment_2,student_2,obs_006,b_obs_002,The critical reflection could be expanded to consider more modelling alternatives and broader cultural perspectives.,Subclass relationships are logically justified and appropriately modelled.,suggestion,strength,part,part,part_1_ontology,part_1_ontology,,,P1-R11,P1-R2,exact,potentially_compatible,no_overlap,0.2709032893180847,,,assessment_2|student_2|B|obs_006|b_obs_002,low_medium
B,assessment_2,student_2,obs_006,b_obs_003,The critical reflection could be expanded to consider more modelling alternatives and broader cultural perspectives.,The ontology contains at least five meaningful object and/or data properties.,suggestion,strength,part,part,part_1_ontology,part_1_ontology,,,P1-R11,P1-R3,exact,potentially_compatible,no_overlap,0.2166687548160553,,,assessment_2|student_2|B|obs_006|b_obs_003,low_medium
B,assessment_2,student_2,obs_006,b_obs_004,The critical reflection could be expanded to consider more modelling alternatives and broader cultural perspectives.,"Property domains, ranges, hierarchies, and characteristics are correctly modelled where appropriate.",suggestion,strength,part,part,part_1_ontology,part_1_ontology,,,P1-R11,P1-R4,exact,potentially_compatible,no_overlap,0.2522145211696625,,,assessment_2|student_2|B|obs_006|b_obs_004,low_medium
B,assessment_2,student_2,obs_006,b_obs_005,The critical reflection could be expanded to consider more modelling alternatives and broader cultural perspectives.,The ontology contains one logically correct Description Logic axiom using a number restriction.,suggestion,strength,part,part,part_1_ontology,part_1_ontology,,,P1-R11,P1-R5,exact,potentially_compatible,no_overlap,0.1864660531282425,,,assessment_2|student_2|B|obs_006|b_obs_005,very_low
B,assessment_2,student_2,obs_006,b_obs_006,The critical reflection could be expanded to consider more modelling alternatives and broader cultural perspectives.,The ontology is logically coherent and internally consistent.,suggestion,error,part,part,part_1_ontology,part_1_ontology,,,P1-R11,P1-R6,exact,potentially_compatible,no_overlap,0.1893849968910217,,,assessment_2|student_2|B|obs_006|b_obs_006,very_low
B,assessment_2,student_2,obs_006,b_obs_007,The critical reflection could be expanded to consider more modelling alternatives and broader cultural perspectives.,The report accurately describes the submitted ontology.,suggestion,strength,part,part,part_1_ontology,part_1_ontology,,,P1-R11,P1-R7,exact,potentially_compatible,no_overlap,0.2225788533687591,,,assessment_2|student_2|B|obs_006|b_obs_007,low_medium
B,assessment_2,student_2,obs_006,b_obs_008,The critical reflection could be expanded to consider more modelling alternatives and broader cultural perspectives.,The report clearly explains the purpose and scope of the ontology.,suggestion,strength,part,part,part_1_ontology,part_1_ontology,,,P1-R11,P1-R8,exact,potentially_compatible,no_overlap,0.2902196645736694,,,assessment_2|student_2|B|obs_006|b_obs_008,low_medium
B,assessment_2,student_2,obs_006,b_obs_009,The critical reflection could be expanded to consider more modelling alternatives and broader cultural perspectives.,The report justifies the chosen class and property hierarchies.,suggestion,strength,part,part,part_1_ontology,part_1_ontology,,,P1-R11,P1-R9,exact,potentially_compatible,no_overlap,0.1933364570140838,,,assessment_2|student_2|B|obs_006|b_obs_009,very_low
B,assessment_2,student_2,obs_006,b_obs_010,The critical reflection could be expanded to consider more modelling alternatives and broader cultural perspectives.,The report correctly explains the Description Logic axiom and relates it to the source text.,suggestion,strength,part,part,part_1_ontology,part_1_ontology,,,P1-R11,P1-R10,exact,potentially_compatible,no_overlap,0.1881357580423355,,,assessment_2|student_2|B|obs_006|b_obs_010,very_low
B,assessment_2,student_2,obs_006,b_obs_011,The critical reflection could be expanded to consider more modelling alternatives and broader cultural perspectives.,The report critically discusses the strengths and limitations of the ontology.,suggestion,error,part,part,part_1_ontology,part_1_ontology,,,P1-R11,P1-R11,exact,potentially_compatible,exact,0.384104311466217,,,assessment_2|student_2|B|obs_006|b_obs_011,boundary_low
B,assessment_2,student_2,obs_006,b_obs_012,The critical reflection could be expanded to consider more modelling alternatives and broader cultural perspectives.,The report does not exceed the specified word limit of 750 words.,suggestion,strength,part,part,part_1_ontology,part_1_ontology,,,P1-R11,P1-R12,exact,potentially_compatible,no_overlap,0.0903631448745727,,,assessment_2|student_2|B|obs_006|b_obs_012,very_low
B,assessment_2,student_2,obs_007,b_obs_013,"The Prolog modal logic is technically sound, and the symbolic formulas are valid and structurally correct.",The formula correctly prevents bread and filling from holding simultaneously.,strength,strength,part,task,part_2_prolog_modal_logic,part_2_prolog_modal_logic,,part_2_task_1,,P2-T1-R1,human_broader,compatible,not_assessable,0.2198430448770523,,,assessment_2|student_2|B|obs_007|b_obs_013,low_medium
B,assessment_2,student_2,obs_007,b_obs_014,"The Prolog modal logic is technically sound, and the symbolic formulas are valid and structurally correct.",The formula captures the intended meaning of mutual exclusivity.,strength,strength,part,task,part_2_prolog_modal_logic,part_2_prolog_modal_logic,,part_2_task_1,,P2-T1-R2,human_broader,compatible,not_assessable,0.2593072950839996,,,assessment_2|student_2|B|obs_007|b_obs_014,low_medium
B,assessment_2,student_2,obs_007,b_obs_015,"The Prolog modal logic is technically sound, and the symbolic formulas are valid and structurally correct.",The submitted formula is well formed according to the supplied modal logic syntax.,strength,strength,part,task,part_2_prolog_modal_logic,part_2_prolog_modal_logic,,part_2_task_1,,P2-T1-R3,human_broader,compatible,not_assessable,0.5056852102279663,,,assessment_2|student_2|B|obs_007|b_obs_015,boundary_high
B,assessment_2,student_2,obs_007,b_obs_016,"The Prolog modal logic is technically sound, and the symbolic formulas are valid and structurally correct.",The answer is provided in the required predicate answer1/1.,strength,strength,part,task,part_2_prolog_modal_logic,part_2_prolog_modal_logic,,part_2_task_1,,P2-T1-R4,human_broader,compatible,not_assessable,0.3208789825439453,,,assessment_2|student_2|B|obs_007|b_obs_016,low_medium
B,assessment_2,student_2,obs_007,b_obs_017,"The Prolog modal logic is technically sound, and the symbolic formulas are valid and structurally correct.",The bread requirement is correctly conditioned on the presence of filling.,strength,strength,part,task,part_2_prolog_modal_logic,part_2_prolog_modal_logic,,part_2_task_2,,P2-T2-R1,human_broader,compatible,not_assessable,0.1230499446392059,,,assessment_2|student_2|B|obs_007|b_obs_017,very_low
B,assessment_2,student_2,obs_007,b_obs_018,"The Prolog modal logic is technically sound, and the symbolic formulas are valid and structurally correct.",The formula requires bread immediately above filling.,strength,strength,part,task,part_2_prolog_modal_logic,part_2_prolog_modal_logic,,part_2_task_2,,P2-T2-R2,human_broader,compatible,not_assessable,0.147090196609497,,,assessment_2|student_2|B|obs_007|b_obs_018,very_low
B,assessment_2,student_2,obs_007,b_obs_019,"The Prolog modal logic is technically sound, and the symbolic formulas are valid and structurally correct.",The formula requires bread immediately below filling.,strength,strength,part,task,part_2_prolog_modal_logic,part_2_prolog_modal_logic,,part_2_task_2,,P2-T2-R3,human_broader,compatible,not_assessable,0.1455748230218887,,,assessment_2|student_2|B|obs_007|b_obs_019,very_low
B,assessment_2,student_2,obs_007,b_obs_020,"The Prolog modal logic is technically sound, and the symbolic formulas are valid and structurally correct.",The formula expresses immediate adjacency rather than arbitrary vertical distance.,strength,strength,part,task,part_2_prolog_modal_logic,part_2_prolog_modal_logic,,part_2_task_2,,P2-T2-R4,human_broader,compatible,not_assessable,0.2217089831829071,,,assessment_2|student_2|B|obs_007|b_obs_020,low_medium
B,assessment_2,student_2,obs_007,b_obs_022,"The Prolog modal logic is technically sound, and the symbolic formulas are valid and structurally correct.",Your submitted formula is well formed according to the supplied modal logic syntax.,strength,strength,part,task,part_2_prolog_modal_logic,part_2_prolog_modal_logic,,part_2_task_2,,P2-T2-R6,human_broader,compatible,not_assessable,0.4930848181247711,,,assessment_2|student_2|B|obs_007|b_obs_022,boundary_low
B,assessment_2,student_2,obs_007,b_obs_023,"The Prolog modal logic is technically sound, and the symbolic formulas are valid and structurally correct.",The answer is provided in the required predicate answer2/1.,strength,strength,part,task,part_2_prolog_modal_logic,part_2_prolog_modal_logic,,part_2_task_2,,P2-T2-R7,human_broader,compatible,not_assessable,0.3203808665275574,,,assessment_2|student_2|B|obs_007|b_obs_023,low_medium
B,assessment_2,student_2,obs_007,b_obs_024,"The Prolog modal logic is technically sound, and the symbolic formulas are valid and structurally correct.",The distance restriction is correctly conditioned on the presence of filling.,strength,strength,part,task,part_2_prolog_modal_logic,part_2_prolog_modal_logic,,part_2_task_3,,P2-T3-R1,human_broader,compatible,not_assessable,0.0718864351511001,,,assessment_2|student_2|B|obs_007|b_obs_024,very_low
B,assessment_2,student_2,obs_007,b_obs_027,"The Prolog modal logic is technically sound, and the symbolic formulas are valid and structurally correct.",The formula prevents bread from occurring more than one row below filling.,strength,strength,part,task,part_2_prolog_modal_logic,part_2_prolog_modal_logic,,part_2_task_3,,P2-T3-R4,human_broader,compatible,not_assessable,0.133393108844757,,,assessment_2|student_2|B|obs_007|b_obs_027,very_low
B,assessment_2,student_2,obs_007,b_obs_029,"The Prolog modal logic is technically sound, and the symbolic formulas are valid and structurally correct.",The submitted formula is well formed according to the supplied modal logic syntax.,strength,strength,part,task,part_2_prolog_modal_logic,part_2_prolog_modal_logic,,part_2_task_3,,P2-T3-R6,human_broader,compatible,not_assessable,0.5056852102279663,,,assessment_2|student_2|B|obs_007|b_obs_029,boundary_high
B,assessment_2,student_2,obs_007,b_obs_030,"The Prolog modal logic is technically sound, and the symbolic formulas are valid and structurally correct.",The answer is provided in the required predicate answer3/1.,strength,strength,part,task,part_2_prolog_modal_logic,part_2_prolog_modal_logic,,part_2_task_3,,P2-T3-R7,human_broader,compatible,not_assessable,0.3452313244342804,,,assessment_2|student_2|B|obs_007|b_obs_030,low_medium
B,assessment_2,student_2,obs_007,b_obs_031,"The Prolog modal logic is technically sound, and the symbolic formulas are valid and structurally correct.","Your submitted formula explicitly uses 'filling' as the condition, which meets the requirement that the restriction is correctly conditioned on the presence of filling.",strength,strength,part,task,part_2_prolog_modal_logic,part_2_prolog_modal_logic,,part_2_task_4,,P2-T4-R1,human_broader,compatible,not_assessable,0.2201633602380752,,,assessment_2|student_2|B|obs_007|b_obs_031,low_medium
B,assessment_2,student_2,obs_007,b_obs_032,"The Prolog modal logic is technically sound, and the symbolic formulas are valid and structurally correct.","The formula correctly applies to all relevant states above the current filling state, as specified in the requirement.",strength,strength,part,task,part_2_prolog_modal_logic,part_2_prolog_modal_logic,,part_2_task_4,,P2-T4-R2,human_broader,compatible,not_assessable,0.2798699736595154,,,assessment_2|student_2|B|obs_007|b_obs_032,low_medium
B,assessment_2,student_2,obs_007,b_obs_033,"The Prolog modal logic is technically sound, and the symbolic formulas are valid and structurally correct.",The formula prevents filling from occurring anywhere above another filling state.,strength,strength,part,task,part_2_prolog_modal_logic,part_2_prolog_modal_logic,,part_2_task_4,,P2-T4-R3,human_broader,compatible,not_assessable,0.1574902683496475,,,assessment_2|student_2|B|obs_007|b_obs_033,very_low
B,assessment_2,student_2,obs_007,b_obs_035,"The Prolog modal logic is technically sound, and the symbolic formulas are valid and structurally correct.",The formula is well-formed according to the supplied modal logic syntax.,strength,strength,part,task,part_2_prolog_modal_logic,part_2_prolog_modal_logic,,part_2_task_4,,P2-T4-R5,human_broader,compatible,not_assessable,0.5720522403717041,,,assessment_2|student_2|B|obs_007|b_obs_035,boundary_high
B,assessment_2,student_2,obs_007,b_obs_036,"The Prolog modal logic is technically sound, and the symbolic formulas are valid and structurally correct.",The answer is provided in the required predicate answer4/1.,strength,strength,part,task,part_2_prolog_modal_logic,part_2_prolog_modal_logic,,part_2_task_4,,P2-T4-R6,human_broader,compatible,not_assessable,0.3265543580055237,,,assessment_2|student_2|B|obs_007|b_obs_036,low_medium
B,assessment_2,student_2,obs_007,b_obs_037,"The Prolog modal logic is technically sound, and the symbolic formulas are valid and structurally correct.",Exactly three examples are provided.,strength,strength,part,task,part_2_prolog_modal_logic,part_2_prolog_modal_logic,,part_2_task_5,,P2-T5-R1,human_broader,compatible,not_assessable,0.1586899757385254,,,assessment_2|student_2|B|obs_007|b_obs_037,very_low
B,assessment_2,student_2,obs_007,b_obs_038,"The Prolog modal logic is technically sound, and the symbolic formulas are valid and structurally correct.",Each example clearly describes a problematic sandwich configuration.,strength,strength,part,task,part_2_prolog_modal_logic,part_2_prolog_modal_logic,,part_2_task_5,,P2-T5-R2,human_broader,compatible,not_assessable,0.135738655924797,,,assessment_2|student_2|B|obs_007|b_obs_038,very_low
B,assessment_2,student_2,obs_007,b_obs_039,"The Prolog modal logic is technically sound, and the symbolic formulas are valid and structurally correct.",Each described configuration is compatible with the constraints established in Tasks 1–4.,strength,strength,part,task,part_2_prolog_modal_logic,part_2_prolog_modal_logic,,part_2_task_5,,P2-T5-R3,human_broader,compatible,not_assessable,0.1564473956823349,,,assessment_2|student_2|B|obs_007|b_obs_039,very_low
B,assessment_2,student_2,obs_007,b_obs_040,"The Prolog modal logic is technically sound, and the symbolic formulas are valid and structurally correct.",The three examples identify meaningfully different shortcomings of the original specification.,strength,strength,part,task,part_2_prolog_modal_logic,part_2_prolog_modal_logic,,part_2_task_5,,P2-T5-R4,human_broader,compatible,not_assessable,0.1770640313625335,,,assessment_2|student_2|B|obs_007|b_obs_040,very_low
B,assessment_2,student_2,obs_007,b_obs_041,"The Prolog modal logic is technically sound, and the symbolic formulas are valid and structurally correct.",Each preventive formula directly addresses the corresponding problem description.,strength,strength,part,task,part_2_prolog_modal_logic,part_2_prolog_modal_logic,,part_2_task_5,,P2-T5-R5,human_broader,compatible,not_assessable,0.1958770155906677,,,assessment_2|student_2|B|obs_007|b_obs_041,very_low
B,assessment_2,student_2,obs_007,b_obs_042,"The Prolog modal logic is technically sound, and the symbolic formulas are valid and structurally correct.",Each preventive formula successfully excludes the described configuration as evidenced by the structured_data provided.,strength,strength,part,task,part_2_prolog_modal_logic,part_2_prolog_modal_logic,,part_2_task_5,,P2-T5-R6,human_broader,compatible,not_assessable,0.2508816123008728,,,assessment_2|student_2|B|obs_007|b_obs_042,low_medium
B,assessment_2,student_2,obs_007,b_obs_043,"The Prolog modal logic is technically sound, and the symbolic formulas are valid and structurally correct.",Each submitted formula is well formed according to the supplied modal logic syntax.,strength,strength,part,task,part_2_prolog_modal_logic,part_2_prolog_modal_logic,,part_2_task_5,,P2-T5-R7,human_broader,compatible,not_assessable,0.5364715456962585,,,assessment_2|student_2|B|obs_007|b_obs_043,boundary_high
B,assessment_2,student_2,obs_007,b_obs_044,"The Prolog modal logic is technically sound, and the symbolic formulas are valid and structurally correct.","The responses are provided in answer51/1, answer52/1 and answer53/1.",strength,strength,part,task,part_2_prolog_modal_logic,part_2_prolog_modal_logic,,part_2_task_5,,P2-T5-R8,human_broader,compatible,not_assessable,0.0323869250714778,,,assessment_2|student_2|B|obs_007|b_obs_044,very_low
B,assessment_2,student_2,obs_008,b_obs_021,The Part 2 submission is missing the required explanatory comments.,The modal operators are not used consistently with the supplied framework.,omission,error,part,task,part_2_prolog_modal_logic,part_2_prolog_modal_logic,,part_2_task_2,,P2-T2-R5,human_broader,potentially_compatible,not_assessable,0.233015701174736,,,assessment_2|student_2|B|obs_008|b_obs_021,low_medium
B,assessment_2,student_2,obs_008,b_obs_025,The Part 2 submission is missing the required explanatory comments.,The formula does not distinguish immediate adjacency from greater vertical distance.,omission,error,part,task,part_2_prolog_modal_logic,part_2_prolog_modal_logic,,part_2_task_3,,P2-T3-R2,human_broader,potentially_compatible,not_assessable,0.1255995035171508,,,assessment_2|student_2|B|obs_008|b_obs_025,very_low
B,assessment_2,student_2,obs_008,b_obs_026,The Part 2 submission is missing the required explanatory comments.,The formula incorrectly prohibits bread immediately below filling.,omission,error,part,task,part_2_prolog_modal_logic,part_2_prolog_modal_logic,,part_2_task_3,,P2-T3-R3,human_broader,potentially_compatible,not_assessable,0.1379722207784652,,,assessment_2|student_2|B|obs_008|b_obs_026,very_low
B,assessment_2,student_2,obs_008,b_obs_028,The Part 2 submission is missing the required explanatory comments.,The modal operators do not correctly express the intended spatial constraint.,omission,error,part,task,part_2_prolog_modal_logic,part_2_prolog_modal_logic,,part_2_task_3,,P2-T3-R5,human_broader,potentially_compatible,not_assessable,0.1729408800601959,,,assessment_2|student_2|B|obs_008|b_obs_028,very_low
B,assessment_2,student_2,obs_008,b_obs_034,The Part 2 submission is missing the required explanatory comments.,The modal operators do not correctly express the intended spatial constraint.,omission,error,part,task,part_2_prolog_modal_logic,part_2_prolog_modal_logic,,part_2_task_4,,P2-T4-R4,human_broader,potentially_compatible,not_assessable,0.1729408800601959,,,assessment_2|student_2|B|obs_008|b_obs_034,very_low
B,assessment_2,student_2,obs_009,b_obs_021,The submission does not include the real-world sandwich examples and cultural reflection expected by the marker.,The modal operators are not used consistently with the supplied framework.,omission,error,part,task,part_2_prolog_modal_logic,part_2_prolog_modal_logic,,part_2_task_2,,P2-T2-R5,human_broader,potentially_compatible,not_assessable,0.239603042602539,,,assessment_2|student_2|B|obs_009|b_obs_021,low_medium
B,assessment_2,student_2,obs_009,b_obs_025,The submission does not include the real-world sandwich examples and cultural reflection expected by the marker.,The formula does not distinguish immediate adjacency from greater vertical distance.,omission,error,part,task,part_2_prolog_modal_logic,part_2_prolog_modal_logic,,part_2_task_3,,P2-T3-R2,human_broader,potentially_compatible,not_assessable,0.1402885913848877,,,assessment_2|student_2|B|obs_009|b_obs_025,very_low
B,assessment_2,student_2,obs_009,b_obs_026,The submission does not include the real-world sandwich examples and cultural reflection expected by the marker.,The formula incorrectly prohibits bread immediately below filling.,omission,error,part,task,part_2_prolog_modal_logic,part_2_prolog_modal_logic,,part_2_task_3,,P2-T3-R3,human_broader,potentially_compatible,not_assessable,0.2898740470409393,,,assessment_2|student_2|B|obs_009|b_obs_026,low_medium
B,assessment_2,student_2,obs_009,b_obs_028,The submission does not include the real-world sandwich examples and cultural reflection expected by the marker.,The modal operators do not correctly express the intended spatial constraint.,omission,error,part,task,part_2_prolog_modal_logic,part_2_prolog_modal_logic,,part_2_task_3,,P2-T3-R5,human_broader,potentially_compatible,not_assessable,0.1443348824977874,,,assessment_2|student_2|B|obs_009|b_obs_028,very_low
B,assessment_2,student_2,obs_009,b_obs_034,The submission does not include the real-world sandwich examples and cultural reflection expected by the marker.,The modal operators do not correctly express the intended spatial constraint.,omission,error,part,task,part_2_prolog_modal_logic,part_2_prolog_modal_logic,,part_2_task_4,,P2-T4-R4,human_broader,potentially_compatible,not_assessable,0.1443348824977874,,,assessment_2|student_2|B|obs_009|b_obs_034,very_low
C,assessment_2,student_2,obs_001,obs_002,The ontology has a justified class hierarchy that includes both sandwich types and ingredient subclasses.,"The student has correctly modelled the subclass relationships in the OWL ontology. The relationships are logically justified and appropriately model the sandwich domain. The evidence includes 12 units, each representing a valid subclass relationship, which aligns with the requirement for logically justified and appropriately modelled subclass relationships.",strength,strength,part,task,part_1_ontology,part_1_ontology,,part_1_ontology,P1-R2,P1-R2,human_broader,compatible,exact,0.6867153644561768,,,assessment_2|student_2|C|obs_001|obs_002,high
C,assessment_2,student_2,obs_002,obs_003,The property design is thoughtful and makes effective use of subproperties and transitive or functional characteristics to create expressive logical relationships.,"Your ontology includes five object properties, which meets the requirement. These properties are well-defined and relevant to the sandwich domain.",strength,strength,part,task,part_1_ontology,part_1_ontology,,part_1_ontology,P1-R3|P1-R4,P1-R3,human_broader,compatible,overlap,0.443499207496643,,,assessment_2|student_2|C|obs_002|obs_003,boundary_low
C,assessment_2,student_2,obs_002,obs_004,The property design is thoughtful and makes effective use of subproperties and transitive or functional characteristics to create expressive logical relationships.,"The student has correctly modelled the property domains, ranges, hierarchies, and characteristics for the sandwich ontology. The properties and their subproperty relationships are appropriately defined.",strength,strength,part,task,part_1_ontology,part_1_ontology,,part_1_ontology,P1-R3|P1-R4,P1-R4,human_broader,compatible,overlap,0.52376389503479,,,assessment_2|student_2|C|obs_002|obs_004,boundary_high
C,assessment_2,student_2,obs_003,obs_005,"The central axiom is formalised in Description Logic, clearly explained, and directly linked to the source baseline.",Your ontology includes a correctly formatted Description Logic axiom with a number restriction. The axiom 'Sandwich: object_min_cardinality on hasBread' with cardinality 2 meets the requirement.,strength,strength,part,task,part_1_ontology,part_1_ontology,,part_1_ontology,P1-R5|P1-R10,P1-R5,human_broader,compatible,overlap,0.3753232359886169,,,assessment_2|student_2|C|obs_003|obs_005,boundary_low
C,assessment_2,student_2,obs_005,obs_010,The report could provide more explicit referencing for the source material associated with the axiom.,The report explaining the Description Logic axiom and its relation to the source text is missing from the submission. Please ensure the report is included and clearly explains the axiom and its connection to the source text.,suggestion,error,part,task,part_1_ontology,part_1_ontology,,part_1_ontology,P1-R10,P1-R10,human_broader,potentially_compatible,exact,0.6928225755691528,,,assessment_2|student_2|C|obs_005|obs_010,high
C,assessment_2,student_2,obs_006,obs_011,The critical reflection could be expanded to consider more modelling alternatives and broader cultural perspectives.,The report needs to include a critical discussion of the strengths and limitations of the ontology. The current section is a general overview and does not address the specific requirements of the criterion.,suggestion,error,part,task,part_1_ontology,part_1_ontology,,part_1_ontology,P1-R11,P1-R11,human_broader,potentially_compatible,exact,0.3790866136550903,,,assessment_2|student_2|C|obs_006|obs_011,boundary_low
C,assessment_2,student_2,obs_007,obs_013,"The Prolog modal logic is technically sound, and the symbolic formulas are valid and structurally correct.",Your formula correctly prevents bread and filling from occupying the same grid state. The formula is logically correct and meets the requirement for mutual exclusivity.,strength,strength,part,task,part_2_prolog_modal_logic,part_2_prolog_modal_logic,,part_2_task_1,,P2-T1-R1,human_broader,compatible,not_assessable,0.2457005232572555,,,assessment_2|student_2|C|obs_007|obs_013,low_medium
C,assessment_2,student_2,obs_007,obs_014,"The Prolog modal logic is technically sound, and the symbolic formulas are valid and structurally correct.","Your formula correctly captures the mutual exclusivity between bread and filling. The formula ensures that if bread is present, filling is not, and vice versa, which aligns with the requirement.",strength,strength,part,task,part_2_prolog_modal_logic,part_2_prolog_modal_logic,,part_2_task_1,,P2-T1-R2,human_broader,compatible,not_assessable,0.2665185928344726,,,assessment_2|student_2|C|obs_007|obs_014,low_medium
C,assessment_2,student_2,obs_007,obs_015,"The Prolog modal logic is technically sound, and the symbolic formulas are valid and structurally correct.",Your formula correctly expresses that bread and filling cannot occupy the same grid state. The formula is well-formed and uses the appropriate logical structure.,strength,strength,part,task,part_2_prolog_modal_logic,part_2_prolog_modal_logic,,part_2_task_1,,P2-T1-R3,human_broader,compatible,not_assessable,0.3096868395805359,,,assessment_2|student_2|C|obs_007|obs_015,low_medium
C,assessment_2,student_2,obs_007,obs_016,"The Prolog modal logic is technically sound, and the symbolic formulas are valid and structurally correct.",Your formula correctly expresses that bread and filling cannot occupy the same grid state. The formula is in the required predicate answer1/1 and meets the task's requirements.,strength,strength,part,task,part_2_prolog_modal_logic,part_2_prolog_modal_logic,,part_2_task_1,,P2-T1-R4,human_broader,compatible,not_assessable,0.2824010550975799,,,assessment_2|student_2|C|obs_007|obs_016,low_medium
C,assessment_2,student_2,obs_007,obs_017,"The Prolog modal logic is technically sound, and the symbolic formulas are valid and structurally correct.","Your formula correctly conditions the bread requirement on the presence of filling. The use of 'implies' with 'filling' as the antecedent and the 'and' of 'dia(oneabove, bread)' and 'dia(onebelow, bread)' as the consequent meets the requirement. The formula is logically correct and compatible with the modal logic language.",strength,strength,part,task,part_2_prolog_modal_logic,part_2_prolog_modal_logic,,part_2_task_2,,P2-T2-R1,human_broader,compatible,not_assessable,0.4189494848251343,,,assessment_2|student_2|C|obs_007|obs_017,boundary_low
C,assessment_2,student_2,obs_007,obs_018,"The Prolog modal logic is technically sound, and the symbolic formulas are valid and structurally correct.",The formula correctly expresses the requirement that every state containing filling has bread immediately above and below it using the specified relations and modal operators.,strength,strength,part,task,part_2_prolog_modal_logic,part_2_prolog_modal_logic,,part_2_task_2,,P2-T2-R2,human_broader,compatible,not_assessable,0.3756316900253296,,,assessment_2|student_2|C|obs_007|obs_018,boundary_low
C,assessment_2,student_2,obs_007,obs_019,"The Prolog modal logic is technically sound, and the symbolic formulas are valid and structurally correct.","Your formula correctly expresses that whenever filling is present, bread must be immediately above and below it using the 'dia' operator with the 'oneabove' and 'onebelow' relations. The formula meets the requirement.",strength,strength,part,task,part_2_prolog_modal_logic,part_2_prolog_modal_logic,,part_2_task_2,,P2-T2-R3,human_broader,compatible,not_assessable,0.1613123565912246,,,assessment_2|student_2|C|obs_007|obs_019,very_low
C,assessment_2,student_2,obs_007,obs_020,"The Prolog modal logic is technically sound, and the symbolic formulas are valid and structurally correct.",Your formula correctly expresses that every state containing filling has bread immediately above and below it using the specified relations. The use of 'dia' with 'oneabove' and 'onebelow' aligns with the requirement for immediate vertical adjacency.,strength,strength,part,task,part_2_prolog_modal_logic,part_2_prolog_modal_logic,,part_2_task_2,,P2-T2-R4,human_broader,compatible,not_assessable,0.2312543392181396,,,assessment_2|student_2|C|obs_007|obs_020,low_medium
C,assessment_2,student_2,obs_007,obs_021,"The Prolog modal logic is technically sound, and the symbolic formulas are valid and structurally correct.",Your formula correctly uses the dia operator with the oneabove and onebelow relations to express the required condition. The formula is logically consistent with the supplied framework.,strength,strength,part,task,part_2_prolog_modal_logic,part_2_prolog_modal_logic,,part_2_task_2,,P2-T2-R5,human_broader,compatible,not_assessable,0.3323425054550171,,,assessment_2|student_2|C|obs_007|obs_021,low_medium
C,assessment_2,student_2,obs_007,obs_022,"The Prolog modal logic is technically sound, and the symbolic formulas are valid and structurally correct.","Your formula is well-formed and correctly uses the modal logic syntax. The formula expresses that whenever there is filling, bread is immediately above and below it, which meets the requirement.",strength,strength,part,task,part_2_prolog_modal_logic,part_2_prolog_modal_logic,,part_2_task_2,,P2-T2-R6,human_broader,compatible,not_assessable,0.3553905487060547,,,assessment_2|student_2|C|obs_007|obs_022,boundary_low
C,assessment_2,student_2,obs_007,obs_023,"The Prolog modal logic is technically sound, and the symbolic formulas are valid and structurally correct.",Your answer is correctly provided in the required predicate answer2/1. The formula correctly expresses the requirement that every state containing filling has bread immediately above and below it using the specified relations.,strength,strength,part,task,part_2_prolog_modal_logic,part_2_prolog_modal_logic,,part_2_task_2,,P2-T2-R7,human_broader,compatible,not_assessable,0.2618575692176819,,,assessment_2|student_2|C|obs_007|obs_023,low_medium
C,assessment_2,student_2,obs_007,obs_024,"The Prolog modal logic is technically sound, and the symbolic formulas are valid and structurally correct.","Your formula correctly conditions the distance restriction on the presence of filling. The formula ensures that bread does not occur more than one row below a filling state, as required.",strength,strength,part,task,part_2_prolog_modal_logic,part_2_prolog_modal_logic,,part_2_task_3,,P2-T3-R1,human_broader,compatible,not_assessable,0.171204000711441,,,assessment_2|student_2|C|obs_007|obs_024,very_low
C,assessment_2,student_2,obs_007,obs_030,"The Prolog modal logic is technically sound, and the symbolic formulas are valid and structurally correct.",The formula correctly expresses the requirement that bread must not occur more than one row below a state containing filling. The formula uses the modal logic operators to enforce the distance constraint.,strength,strength,part,task,part_2_prolog_modal_logic,part_2_prolog_modal_logic,,part_2_task_3,,P2-T3-R7,human_broader,compatible,not_assessable,0.3266890048980713,,,assessment_2|student_2|C|obs_007|obs_030,low_medium
C,assessment_2,student_2,obs_007,obs_031,"The Prolog modal logic is technically sound, and the symbolic formulas are valid and structurally correct.","Your formula correctly conditions the restriction on the presence of filling. The formula 'implies(filling, box(above, not(filling)))' ensures that if a state contains filling, then no state anywhere above it may also contain filling, which meets the requirement.",strength,strength,part,task,part_2_prolog_modal_logic,part_2_prolog_modal_logic,,part_2_task_4,,P2-T4-R1,human_broader,compatible,not_assessable,0.2715969085693359,,,assessment_2|student_2|C|obs_007|obs_031,low_medium
C,assessment_2,student_2,obs_007,obs_033,"The Prolog modal logic is technically sound, and the symbolic formulas are valid and structurally correct.","Your formula correctly expresses the constraint that if a state contains filling, then no state anywhere above it may also contain filling. The use of the 'implies' and 'box' operators aligns with the requirement.",strength,strength,part,task,part_2_prolog_modal_logic,part_2_prolog_modal_logic,,part_2_task_4,,P2-T4-R3,human_broader,compatible,not_assessable,0.3195345401763916,,,assessment_2|student_2|C|obs_007|obs_033,low_medium
C,assessment_2,student_2,obs_007,obs_037,"The Prolog modal logic is technically sound, and the symbolic formulas are valid and structurally correct.","You have provided exactly three examples for Task 5, which meets the requirement. Each example includes a description and a modal logic formula. Ensure that each formula directly addresses the described problem and that the examples demonstrate different limitations of the original specification.",strength,strength,part,task,part_2_prolog_modal_logic,part_2_prolog_modal_logic,,part_2_task_5,,P2-T5-R1,human_broader,compatible,not_assessable,0.4709397554397583,,,assessment_2|student_2|C|obs_007|obs_037,boundary_low
C,assessment_2,student_2,obs_007,obs_039,"The Prolog modal logic is technically sound, and the symbolic formulas are valid and structurally correct.","Your submission for requirement P2-T5-R3 is met. The three examples provided are compatible with the constraints established in Tasks 1–4. Each example includes a formula that prevents the described configuration, demonstrating compatibility with the constraints.",strength,strength,part,task,part_2_prolog_modal_logic,part_2_prolog_modal_logic,,part_2_task_5,,P2-T5-R3,human_broader,compatible,not_assessable,0.221217468380928,,,assessment_2|student_2|C|obs_007|obs_039,low_medium
C,assessment_2,student_2,obs_007,obs_041,"The Prolog modal logic is technically sound, and the symbolic formulas are valid and structurally correct.","Your preventive formulas directly address the described problems. Each formula is aligned with the corresponding problem description, as required by the requirement.",strength,strength,part,task,part_2_prolog_modal_logic,part_2_prolog_modal_logic,,part_2_task_5,,P2-T5-R5,human_broader,compatible,not_assessable,0.2302662283182144,,,assessment_2|student_2|C|obs_007|obs_041,low_medium
C,assessment_2,student_2,obs_007,obs_043,"The Prolog modal logic is technically sound, and the symbolic formulas are valid and structurally correct.","Your formulas are well-formed and follow the required modal logic syntax. They are correctly structured and use the appropriate operators. However, ensure that each formula directly addresses the described problem in the context of the sandwich constraints.",strength,strength,part,task,part_2_prolog_modal_logic,part_2_prolog_modal_logic,,part_2_task_5,,P2-T5-R7,human_broader,compatible,not_assessable,0.4151550829410553,,,assessment_2|student_2|C|obs_007|obs_043,boundary_low
C,assessment_2,student_2,obs_007,obs_044,"The Prolog modal logic is technically sound, and the symbolic formulas are valid and structurally correct.",Your responses for the three examples are correctly provided in the specified answer locations.,strength,strength,part,task,part_2_prolog_modal_logic,part_2_prolog_modal_logic,,part_2_task_5,,P2-T5-R8,human_broader,compatible,not_assessable,0.1941304206848144,,,assessment_2|student_2|C|obs_007|obs_044,very_low
C,assessment_2,student_2,obs_008,obs_025,The Part 2 submission is missing the required explanatory comments.,"The formula does not correctly enforce the requirement that bread must not occur more than one row below a filling state. The current formula allows bread to be two rows below filling, which is not permitted.",omission,error,part,task,part_2_prolog_modal_logic,part_2_prolog_modal_logic,,part_2_task_3,,P2-T3-R2,human_broader,potentially_compatible,not_assessable,0.1261849701404571,,,assessment_2|student_2|C|obs_008|obs_025,very_low
C,assessment_2,student_2,obs_008,obs_026,The Part 2 submission is missing the required explanatory comments.,"The formula incorrectly prohibits bread immediately below filling. The formula enforces that bread is not present in any state reachable by 'below' more than one step, which is not the intended constraint.",omission,error,part,task,part_2_prolog_modal_logic,part_2_prolog_modal_logic,,part_2_task_3,,P2-T3-R3,human_broader,potentially_compatible,not_assessable,0.1600953638553619,,,assessment_2|student_2|C|obs_008|obs_026,very_low
C,assessment_2,student_2,obs_008,obs_027,The Part 2 submission is missing the required explanatory comments.,"The formula prevents bread from occurring more than one row below filling, but the implementation uses two layers of 'box(below)', which enforces a distance of two rows. The correct formula should use a single 'box(below)' to ensure bread is only allowed to be immediately below filling.",omission,error,part,task,part_2_prolog_modal_logic,part_2_prolog_modal_logic,,part_2_task_3,,P2-T3-R4,human_broader,potentially_compatible,not_assessable,0.0649615228176117,,,assessment_2|student_2|C|obs_008|obs_027,very_low
C,assessment_2,student_2,obs_008,obs_028,The Part 2 submission is missing the required explanatory comments.,"The formula does not correctly express the intended spatial constraint. The formula allows bread to be more than one row below filling, which is prohibited. The formula uses 'box(below, box(below, not(bread)))' which implies that bread must not be in any state reachable by 'below' more than once, but this does not correctly enforce the constraint that bread must not occur more than one row below a filling state.",omission,error,part,task,part_2_prolog_modal_logic,part_2_prolog_modal_logic,,part_2_task_3,,P2-T3-R5,human_broader,potentially_compatible,not_assessable,0.0706571787595748,,,assessment_2|student_2|C|obs_008|obs_028,very_low
C,assessment_2,student_2,obs_008,obs_029,The Part 2 submission is missing the required explanatory comments.,"The formula enforces a distance of two rows below filling, which is not allowed. The formula should only allow bread to be immediately below filling, not more than one row below.",omission,error,part,task,part_2_prolog_modal_logic,part_2_prolog_modal_logic,,part_2_task_3,,P2-T3-R6,human_broader,potentially_compatible,not_assessable,0.1025692149996757,,,assessment_2|student_2|C|obs_008|obs_029,very_low
C,assessment_2,student_2,obs_008,obs_032,The Part 2 submission is missing the required explanatory comments.,"The formula does not fully meet the requirement. The 'box(above, not(filling))' part may not correctly enforce the global vertical constraint that no state above a filling state may contain filling.",omission,error,part,task,part_2_prolog_modal_logic,part_2_prolog_modal_logic,,part_2_task_4,,P2-T4-R2,human_broader,potentially_compatible,not_assessable,0.0758532732725143,,,assessment_2|student_2|C|obs_008|obs_032,very_low
C,assessment_2,student_2,obs_008,obs_034,The Part 2 submission is missing the required explanatory comments.,"The formula does not correctly express the intended spatial constraint. The 'box(above, not(filling))' part is not the correct way to express the global vertical constraint. The formula should ensure that if a state contains filling, then no state above it may also contain filling.",omission,error,part,task,part_2_prolog_modal_logic,part_2_prolog_modal_logic,,part_2_task_4,,P2-T4-R4,human_broader,potentially_compatible,not_assessable,0.0650464445352554,,,assessment_2|student_2|C|obs_008|obs_034,very_low
C,assessment_2,student_2,obs_008,obs_035,The Part 2 submission is missing the required explanatory comments.,"The formula provided does not correctly express the vertical constraint. The use of 'box(above, not(filling))' is not the correct modal logic syntax for the requirement. The formula should instead use a different structure to ensure that all states above a filling state do not contain filling.",omission,error,part,task,part_2_prolog_modal_logic,part_2_prolog_modal_logic,,part_2_task_4,,P2-T4-R5,human_broader,potentially_compatible,not_assessable,0.0651935338973999,,,assessment_2|student_2|C|obs_008|obs_035,very_low
C,assessment_2,student_2,obs_008,obs_036,The Part 2 submission is missing the required explanatory comments.,"The formula provided does not correctly express the required global vertical constraint. The use of 'box(above, not(filling))' is not valid in the modal logic framework. The formula should ensure that if a state contains filling, no state above it may also contain filling.",omission,error,part,task,part_2_prolog_modal_logic,part_2_prolog_modal_logic,,part_2_task_4,,P2-T4-R6,human_broader,potentially_compatible,not_assessable,0.0515720471739769,,,assessment_2|student_2|C|obs_008|obs_036,very_low
C,assessment_2,student_2,obs_008,obs_038,The Part 2 submission is missing the required explanatory comments.,"Your submission includes formulas for three examples, but it is missing the natural-language descriptions of the problematic sandwich configurations. Each example should include a description of the configuration and a corresponding formula that prevents it.",omission,error,part,task,part_2_prolog_modal_logic,part_2_prolog_modal_logic,,part_2_task_5,,P2-T5-R2,human_broader,potentially_compatible,not_assessable,0.3273570537567138,,,assessment_2|student_2|C|obs_008|obs_038,low_medium
C,assessment_2,student_2,obs_008,obs_040,The Part 2 submission is missing the required explanatory comments.,"Your examples need to highlight different limitations of the original specification. Each example should address a distinct problem, such as disconnected components, multiple sandwiches, or unbounded dimensions, and the preventive formulas should directly address these issues.",omission,error,part,task,part_2_prolog_modal_logic,part_2_prolog_modal_logic,,part_2_task_5,,P2-T5-R4,human_broader,potentially_compatible,not_assessable,0.1613646447658538,,,assessment_2|student_2|C|obs_008|obs_040,very_low
C,assessment_2,student_2,obs_008,obs_042,The Part 2 submission is missing the required explanatory comments.,The preventive formulas need to be directly tied to the described limitations of the original specification. Each formula should clearly exclude the described configuration and address the specific problem identified.,omission,error,part,task,part_2_prolog_modal_logic,part_2_prolog_modal_logic,,part_2_task_5,,P2-T5-R6,human_broader,potentially_compatible,not_assessable,0.2492288202047348,,,assessment_2|student_2|C|obs_008|obs_042,low_medium
C,assessment_2,student_2,obs_009,obs_025,The submission does not include the real-world sandwich examples and cultural reflection expected by the marker.,"The formula does not correctly enforce the requirement that bread must not occur more than one row below a filling state. The current formula allows bread to be two rows below filling, which is not permitted.",omission,error,part,task,part_2_prolog_modal_logic,part_2_prolog_modal_logic,,part_2_task_3,,P2-T3-R2,human_broader,potentially_compatible,not_assessable,0.1803491711616516,,,assessment_2|student_2|C|obs_009|obs_025,very_low
C,assessment_2,student_2,obs_009,obs_026,The submission does not include the real-world sandwich examples and cultural reflection expected by the marker.,"The formula incorrectly prohibits bread immediately below filling. The formula enforces that bread is not present in any state reachable by 'below' more than one step, which is not the intended constraint.",omission,error,part,task,part_2_prolog_modal_logic,part_2_prolog_modal_logic,,part_2_task_3,,P2-T3-R3,human_broader,potentially_compatible,not_assessable,0.2360603809356689,,,assessment_2|student_2|C|obs_009|obs_026,low_medium
C,assessment_2,student_2,obs_009,obs_027,The submission does not include the real-world sandwich examples and cultural reflection expected by the marker.,"The formula prevents bread from occurring more than one row below filling, but the implementation uses two layers of 'box(below)', which enforces a distance of two rows. The correct formula should use a single 'box(below)' to ensure bread is only allowed to be immediately below filling.",omission,error,part,task,part_2_prolog_modal_logic,part_2_prolog_modal_logic,,part_2_task_3,,P2-T3-R4,human_broader,potentially_compatible,not_assessable,0.1168276667594909,,,assessment_2|student_2|C|obs_009|obs_027,very_low
C,assessment_2,student_2,obs_009,obs_028,The submission does not include the real-world sandwich examples and cultural reflection expected by the marker.,"The formula does not correctly express the intended spatial constraint. The formula allows bread to be more than one row below filling, which is prohibited. The formula uses 'box(below, box(below, not(bread)))' which implies that bread must not be in any state reachable by 'below' more than once, but this does not correctly enforce the constraint that bread must not occur more than one row below a filling state.",omission,error,part,task,part_2_prolog_modal_logic,part_2_prolog_modal_logic,,part_2_task_3,,P2-T3-R5,human_broader,potentially_compatible,not_assessable,0.1763434708118438,,,assessment_2|student_2|C|obs_009|obs_028,very_low
C,assessment_2,student_2,obs_009,obs_029,The submission does not include the real-world sandwich examples and cultural reflection expected by the marker.,"The formula enforces a distance of two rows below filling, which is not allowed. The formula should only allow bread to be immediately below filling, not more than one row below.",omission,error,part,task,part_2_prolog_modal_logic,part_2_prolog_modal_logic,,part_2_task_3,,P2-T3-R6,human_broader,potentially_compatible,not_assessable,0.1573775857686996,,,assessment_2|student_2|C|obs_009|obs_029,very_low
C,assessment_2,student_2,obs_009,obs_032,The submission does not include the real-world sandwich examples and cultural reflection expected by the marker.,"The formula does not fully meet the requirement. The 'box(above, not(filling))' part may not correctly enforce the global vertical constraint that no state above a filling state may contain filling.",omission,error,part,task,part_2_prolog_modal_logic,part_2_prolog_modal_logic,,part_2_task_4,,P2-T4-R2,human_broader,potentially_compatible,not_assessable,0.1076031848788261,,,assessment_2|student_2|C|obs_009|obs_032,very_low
C,assessment_2,student_2,obs_009,obs_034,The submission does not include the real-world sandwich examples and cultural reflection expected by the marker.,"The formula does not correctly express the intended spatial constraint. The 'box(above, not(filling))' part is not the correct way to express the global vertical constraint. The formula should ensure that if a state contains filling, then no state above it may also contain filling.",omission,error,part,task,part_2_prolog_modal_logic,part_2_prolog_modal_logic,,part_2_task_4,,P2-T4-R4,human_broader,potentially_compatible,not_assessable,0.071917749941349,,,assessment_2|student_2|C|obs_009|obs_034,very_low
C,assessment_2,student_2,obs_009,obs_035,The submission does not include the real-world sandwich examples and cultural reflection expected by the marker.,"The formula provided does not correctly express the vertical constraint. The use of 'box(above, not(filling))' is not the correct modal logic syntax for the requirement. The formula should instead use a different structure to ensure that all states above a filling state do not contain filling.",omission,error,part,task,part_2_prolog_modal_logic,part_2_prolog_modal_logic,,part_2_task_4,,P2-T4-R5,human_broader,potentially_compatible,not_assessable,0.0695062726736068,,,assessment_2|student_2|C|obs_009|obs_035,very_low
C,assessment_2,student_2,obs_009,obs_036,The submission does not include the real-world sandwich examples and cultural reflection expected by the marker.,"The formula provided does not correctly express the required global vertical constraint. The use of 'box(above, not(filling))' is not valid in the modal logic framework. The formula should ensure that if a state contains filling, no state above it may also contain filling.",omission,error,part,task,part_2_prolog_modal_logic,part_2_prolog_modal_logic,,part_2_task_4,,P2-T4-R6,human_broader,potentially_compatible,not_assessable,0.0728684142231941,,,assessment_2|student_2|C|obs_009|obs_036,very_low
C,assessment_2,student_2,obs_009,obs_038,The submission does not include the real-world sandwich examples and cultural reflection expected by the marker.,"Your submission includes formulas for three examples, but it is missing the natural-language descriptions of the problematic sandwich configurations. Each example should include a description of the configuration and a corresponding formula that prevents it.",omission,error,part,task,part_2_prolog_modal_logic,part_2_prolog_modal_logic,,part_2_task_5,,P2-T5-R2,human_broader,potentially_compatible,not_assessable,0.4836000800132751,,,assessment_2|student_2|C|obs_009|obs_038,boundary_low
C,assessment_2,student_2,obs_009,obs_040,The submission does not include the real-world sandwich examples and cultural reflection expected by the marker.,"Your examples need to highlight different limitations of the original specification. Each example should address a distinct problem, such as disconnected components, multiple sandwiches, or unbounded dimensions, and the preventive formulas should directly address these issues.",omission,error,part,task,part_2_prolog_modal_logic,part_2_prolog_modal_logic,,part_2_task_5,,P2-T5-R4,human_broader,potentially_compatible,not_assessable,0.2062239348888397,,,assessment_2|student_2|C|obs_009|obs_040,low_medium
C,assessment_2,student_2,obs_009,obs_042,The submission does not include the real-world sandwich examples and cultural reflection expected by the marker.,The preventive formulas need to be directly tied to the described limitations of the original specification. Each formula should clearly exclude the described configuration and address the specific problem identified.,omission,error,part,task,part_2_prolog_modal_logic,part_2_prolog_modal_logic,,part_2_task_5,,P2-T5-R6,human_broader,potentially_compatible,not_assessable,0.1369974315166473,,,assessment_2|student_2|C|obs_009|obs_042,very_low
D,assessment_2,student_2,obs_001,obs_002,The ontology has a justified class hierarchy that includes both sandwich types and ingredient subclasses.,"The student has correctly modelled the subclass relationships in the OWL ontology. The relationships are logically justified and appropriately model the sandwich domain. The evidence includes 12 units, each representing a valid subclass relationship, which aligns with the requirement for logically justified and appropriately modelled subclass relationships.",strength,strength,part,task,part_1_ontology,part_1_ontology,,part_1_ontology,P1-R2,P1-R2,human_broader,compatible,exact,0.6867153644561768,,,assessment_2|student_2|D|obs_001|obs_002,high
D,assessment_2,student_2,obs_002,obs_003,The property design is thoughtful and makes effective use of subproperties and transitive or functional characteristics to create expressive logical relationships.,"Your ontology includes five object properties, which meets the requirement. These properties are well-defined and relevant to the sandwich domain.",strength,strength,part,task,part_1_ontology,part_1_ontology,,part_1_ontology,P1-R3|P1-R4,P1-R3,human_broader,compatible,overlap,0.443499207496643,,,assessment_2|student_2|D|obs_002|obs_003,boundary_low
D,assessment_2,student_2,obs_002,obs_004,The property design is thoughtful and makes effective use of subproperties and transitive or functional characteristics to create expressive logical relationships.,"The student has correctly modelled the property domains, ranges, hierarchies, and characteristics for the sandwich ontology. The properties and their subproperty relationships are appropriately defined.",strength,strength,part,task,part_1_ontology,part_1_ontology,,part_1_ontology,P1-R3|P1-R4,P1-R4,human_broader,compatible,overlap,0.52376389503479,,,assessment_2|student_2|D|obs_002|obs_004,boundary_high
D,assessment_2,student_2,obs_003,obs_005,"The central axiom is formalised in Description Logic, clearly explained, and directly linked to the source baseline.",Your ontology includes a correctly formatted Description Logic axiom with a number restriction. The axiom 'Sandwich: object_min_cardinality on hasBread' with cardinality 2 meets the requirement.,strength,strength,part,task,part_1_ontology,part_1_ontology,,part_1_ontology,P1-R5|P1-R10,P1-R5,human_broader,compatible,overlap,0.3753232359886169,,,assessment_2|student_2|D|obs_003|obs_005,boundary_low
D,assessment_2,student_2,obs_005,obs_010,The report could provide more explicit referencing for the source material associated with the axiom.,The report explaining the Description Logic axiom and its relation to the source text is missing from the submission. Please ensure the report is included and clearly explains the axiom and its connection to the source text.,suggestion,error,part,task,part_1_ontology,part_1_ontology,,part_1_ontology,P1-R10,P1-R10,human_broader,potentially_compatible,exact,0.6928225755691528,,,assessment_2|student_2|D|obs_005|obs_010,high
D,assessment_2,student_2,obs_006,obs_011,The critical reflection could be expanded to consider more modelling alternatives and broader cultural perspectives.,The report needs to include a critical discussion of the strengths and limitations of the ontology. The current section is a general overview and does not address the specific requirements of the criterion.,suggestion,error,part,task,part_1_ontology,part_1_ontology,,part_1_ontology,P1-R11,P1-R11,human_broader,potentially_compatible,exact,0.3790866136550903,,,assessment_2|student_2|D|obs_006|obs_011,boundary_low
D,assessment_2,student_2,obs_007,obs_013,"The Prolog modal logic is technically sound, and the symbolic formulas are valid and structurally correct.",Your formula correctly prevents bread and filling from occupying the same grid state. The formula is logically correct and meets the requirement for mutual exclusivity.,strength,strength,part,task,part_2_prolog_modal_logic,part_2_prolog_modal_logic,,part_2_task_1,,P2-T1-R1,human_broader,compatible,not_assessable,0.2457005232572555,,,assessment_2|student_2|D|obs_007|obs_013,low_medium
D,assessment_2,student_2,obs_007,obs_014,"The Prolog modal logic is technically sound, and the symbolic formulas are valid and structurally correct.","Your formula correctly captures the mutual exclusivity between bread and filling. The formula ensures that if bread is present, filling is not, and vice versa, which aligns with the requirement.",strength,strength,part,task,part_2_prolog_modal_logic,part_2_prolog_modal_logic,,part_2_task_1,,P2-T1-R2,human_broader,compatible,not_assessable,0.2665185928344726,,,assessment_2|student_2|D|obs_007|obs_014,low_medium
D,assessment_2,student_2,obs_007,obs_015,"The Prolog modal logic is technically sound, and the symbolic formulas are valid and structurally correct.",Your formula correctly expresses that bread and filling cannot occupy the same grid state. The formula is well-formed and uses the appropriate logical structure.,strength,strength,part,task,part_2_prolog_modal_logic,part_2_prolog_modal_logic,,part_2_task_1,,P2-T1-R3,human_broader,compatible,not_assessable,0.3096868395805359,,,assessment_2|student_2|D|obs_007|obs_015,low_medium
D,assessment_2,student_2,obs_007,obs_016,"The Prolog modal logic is technically sound, and the symbolic formulas are valid and structurally correct.",Your formula correctly expresses that bread and filling cannot occupy the same grid state. The formula is in the required predicate answer1/1 and meets the task's requirements.,strength,strength,part,task,part_2_prolog_modal_logic,part_2_prolog_modal_logic,,part_2_task_1,,P2-T1-R4,human_broader,compatible,not_assessable,0.2824010550975799,,,assessment_2|student_2|D|obs_007|obs_016,low_medium
D,assessment_2,student_2,obs_007,obs_017,"The Prolog modal logic is technically sound, and the symbolic formulas are valid and structurally correct.","Your formula correctly conditions the bread requirement on the presence of filling. The use of 'implies' with 'filling' as the antecedent and the 'and' of 'dia(oneabove, bread)' and 'dia(onebelow, bread)' as the consequent meets the requirement. The formula is logically correct and compatible with the modal logic language.",strength,strength,part,task,part_2_prolog_modal_logic,part_2_prolog_modal_logic,,part_2_task_2,,P2-T2-R1,human_broader,compatible,not_assessable,0.4189494848251343,,,assessment_2|student_2|D|obs_007|obs_017,boundary_low
D,assessment_2,student_2,obs_007,obs_018,"The Prolog modal logic is technically sound, and the symbolic formulas are valid and structurally correct.",The formula correctly expresses the requirement that every state containing filling has bread immediately above and below it using the specified relations and modal operators.,strength,strength,part,task,part_2_prolog_modal_logic,part_2_prolog_modal_logic,,part_2_task_2,,P2-T2-R2,human_broader,compatible,not_assessable,0.3756316900253296,,,assessment_2|student_2|D|obs_007|obs_018,boundary_low
D,assessment_2,student_2,obs_007,obs_019,"The Prolog modal logic is technically sound, and the symbolic formulas are valid and structurally correct.","Your formula correctly expresses that whenever filling is present, bread must be immediately above and below it using the 'dia' operator with the 'oneabove' and 'onebelow' relations. The formula meets the requirement.",strength,strength,part,task,part_2_prolog_modal_logic,part_2_prolog_modal_logic,,part_2_task_2,,P2-T2-R3,human_broader,compatible,not_assessable,0.1613123565912246,,,assessment_2|student_2|D|obs_007|obs_019,very_low
D,assessment_2,student_2,obs_007,obs_020,"The Prolog modal logic is technically sound, and the symbolic formulas are valid and structurally correct.",Your formula correctly expresses that every state containing filling has bread immediately above and below it using the specified relations. The use of 'dia' with 'oneabove' and 'onebelow' aligns with the requirement for immediate vertical adjacency.,strength,strength,part,task,part_2_prolog_modal_logic,part_2_prolog_modal_logic,,part_2_task_2,,P2-T2-R4,human_broader,compatible,not_assessable,0.2312543392181396,,,assessment_2|student_2|D|obs_007|obs_020,low_medium
D,assessment_2,student_2,obs_007,obs_021,"The Prolog modal logic is technically sound, and the symbolic formulas are valid and structurally correct.",Your formula correctly uses the dia operator with the oneabove and onebelow relations to express the required condition. The formula is logically consistent with the supplied framework.,strength,strength,part,task,part_2_prolog_modal_logic,part_2_prolog_modal_logic,,part_2_task_2,,P2-T2-R5,human_broader,compatible,not_assessable,0.3323425054550171,,,assessment_2|student_2|D|obs_007|obs_021,low_medium
D,assessment_2,student_2,obs_007,obs_022,"The Prolog modal logic is technically sound, and the symbolic formulas are valid and structurally correct.","Your formula is well-formed and correctly uses the modal logic syntax. The formula expresses that whenever there is filling, bread is immediately above and below it, which meets the requirement.",strength,strength,part,task,part_2_prolog_modal_logic,part_2_prolog_modal_logic,,part_2_task_2,,P2-T2-R6,human_broader,compatible,not_assessable,0.3553905189037323,,,assessment_2|student_2|D|obs_007|obs_022,boundary_low
D,assessment_2,student_2,obs_007,obs_023,"The Prolog modal logic is technically sound, and the symbolic formulas are valid and structurally correct.",Your answer is correctly provided in the required predicate answer2/1. The formula correctly expresses the requirement that every state containing filling has bread immediately above and below it using the specified relations.,strength,strength,part,task,part_2_prolog_modal_logic,part_2_prolog_modal_logic,,part_2_task_2,,P2-T2-R7,human_broader,compatible,not_assessable,0.2618575692176819,,,assessment_2|student_2|D|obs_007|obs_023,low_medium
D,assessment_2,student_2,obs_007,obs_024,"The Prolog modal logic is technically sound, and the symbolic formulas are valid and structurally correct.","Your formula correctly conditions the distance restriction on the presence of filling. The formula ensures that bread does not occur more than one row below a filling state, as required.",strength,strength,part,task,part_2_prolog_modal_logic,part_2_prolog_modal_logic,,part_2_task_3,,P2-T3-R1,human_broader,compatible,not_assessable,0.171204000711441,,,assessment_2|student_2|D|obs_007|obs_024,very_low
D,assessment_2,student_2,obs_007,obs_025,"The Prolog modal logic is technically sound, and the symbolic formulas are valid and structurally correct.","The formula correctly enforces that bread must not be more than one row below a filling state. The current formula ensures that bread is only allowed to be immediately below filling, as required by the requirement.",strength,strength,part,task,part_2_prolog_modal_logic,part_2_prolog_modal_logic,,part_2_task_3,,P2-T3-R2,human_broader,compatible,not_assessable,0.2611812353134155,,,assessment_2|student_2|D|obs_007|obs_025,low_medium
D,assessment_2,student_2,obs_007,obs_026,"The Prolog modal logic is technically sound, and the symbolic formulas are valid and structurally correct.","The formula does not incorrectly prohibit bread immediately below filling. The formula enforces that bread is not present in any state reachable by 'below' more than one step, which is a different constraint than the requirement specifies.",strength,strength,part,task,part_2_prolog_modal_logic,part_2_prolog_modal_logic,,part_2_task_3,,P2-T3-R3,human_broader,compatible,not_assessable,0.2091809660196304,,,assessment_2|student_2|D|obs_007|obs_026,low_medium
D,assessment_2,student_2,obs_007,obs_027,"The Prolog modal logic is technically sound, and the symbolic formulas are valid and structurally correct.","The formula correctly expresses the requirement. The use of two layers of 'box(below)' enforces a distance of two rows below, which meets the requirement that bread must not occur more than one row below filling.",strength,strength,part,task,part_2_prolog_modal_logic,part_2_prolog_modal_logic,,part_2_task_3,,P2-T3-R4,human_broader,compatible,not_assessable,0.1805773973464965,,,assessment_2|student_2|D|obs_007|obs_027,very_low
D,assessment_2,student_2,obs_007,obs_029,"The Prolog modal logic is technically sound, and the symbolic formulas are valid and structurally correct.",Your submitted formula is well-formed according to the supplied modal logic syntax.,strength,strength,part,task,part_2_prolog_modal_logic,part_2_prolog_modal_logic,,part_2_task_3,,P2-T3-R6,human_broader,compatible,not_assessable,0.5006341934204102,,,assessment_2|student_2|D|obs_007|obs_029,boundary_high
D,assessment_2,student_2,obs_007,obs_030,"The Prolog modal logic is technically sound, and the symbolic formulas are valid and structurally correct.",The formula correctly expresses the requirement that bread must not occur more than one row below a state containing filling. The formula uses the modal logic operators to enforce the distance constraint.,strength,strength,part,task,part_2_prolog_modal_logic,part_2_prolog_modal_logic,,part_2_task_3,,P2-T3-R7,human_broader,compatible,not_assessable,0.3266890048980713,,,assessment_2|student_2|D|obs_007|obs_030,low_medium
D,assessment_2,student_2,obs_007,obs_031,"The Prolog modal logic is technically sound, and the symbolic formulas are valid and structurally correct.","Your formula correctly conditions the restriction on the presence of filling. The formula 'implies(filling, box(above, not(filling)))' ensures that if a state contains filling, then no state anywhere above it may also contain filling, which meets the requirement.",strength,strength,part,task,part_2_prolog_modal_logic,part_2_prolog_modal_logic,,part_2_task_4,,P2-T4-R1,human_broader,compatible,not_assessable,0.2715969085693359,,,assessment_2|student_2|D|obs_007|obs_031,low_medium
D,assessment_2,student_2,obs_007,obs_032,"The Prolog modal logic is technically sound, and the symbolic formulas are valid and structurally correct.","The formula correctly expresses the requirement that no state above a filling state may contain filling. The formula 'box(above, not(filling))' is a valid modal logic expression that enforces the global vertical constraint as intended.",strength,strength,part,task,part_2_prolog_modal_logic,part_2_prolog_modal_logic,,part_2_task_4,,P2-T4-R2,human_broader,compatible,not_assessable,0.3512325882911682,,,assessment_2|student_2|D|obs_007|obs_032,boundary_low
D,assessment_2,student_2,obs_007,obs_033,"The Prolog modal logic is technically sound, and the symbolic formulas are valid and structurally correct.","Your formula correctly expresses the constraint that if a state contains filling, then no state anywhere above it may also contain filling. The use of the 'implies' and 'box' operators aligns with the requirement.",strength,strength,part,task,part_2_prolog_modal_logic,part_2_prolog_modal_logic,,part_2_task_4,,P2-T4-R3,human_broader,compatible,not_assessable,0.3195345401763916,,,assessment_2|student_2|D|obs_007|obs_033,low_medium
D,assessment_2,student_2,obs_007,obs_034,"The Prolog modal logic is technically sound, and the symbolic formulas are valid and structurally correct.","The formula correctly expresses the intended spatial constraint. The 'box(above, not(filling))' part accurately captures the global vertical constraint that no state above a filling state may contain filling.",strength,strength,part,task,part_2_prolog_modal_logic,part_2_prolog_modal_logic,,part_2_task_4,,P2-T4-R4,human_broader,compatible,not_assessable,0.2227455079555511,,,assessment_2|student_2|D|obs_007|obs_034,low_medium
D,assessment_2,student_2,obs_007,obs_035,"The Prolog modal logic is technically sound, and the symbolic formulas are valid and structurally correct.",Your submitted formula is well-formed according to the supplied modal logic syntax.,strength,strength,part,task,part_2_prolog_modal_logic,part_2_prolog_modal_logic,,part_2_task_4,,P2-T4-R5,human_broader,compatible,not_assessable,0.5006341934204102,,,assessment_2|student_2|D|obs_007|obs_035,boundary_high
D,assessment_2,student_2,obs_007,obs_036,"The Prolog modal logic is technically sound, and the symbolic formulas are valid and structurally correct.","The formula provided correctly expresses the required global vertical constraint. The use of 'box(above, not(filling))' is valid in the Prolog framework as per the requirement.",strength,strength,part,task,part_2_prolog_modal_logic,part_2_prolog_modal_logic,,part_2_task_4,,P2-T4-R6,human_broader,compatible,not_assessable,0.4790499806404114,,,assessment_2|student_2|D|obs_007|obs_036,boundary_low
D,assessment_2,student_2,obs_007,obs_037,"The Prolog modal logic is technically sound, and the symbolic formulas are valid and structurally correct.","You have provided exactly three examples for Task 5, which meets the requirement. Each example includes a description and a modal logic formula. Ensure that each formula directly addresses the described problem and that the examples demonstrate different limitations of the original specification.",strength,strength,part,task,part_2_prolog_modal_logic,part_2_prolog_modal_logic,,part_2_task_5,,P2-T5-R1,human_broader,compatible,not_assessable,0.4709397554397583,,,assessment_2|student_2|D|obs_007|obs_037,boundary_low
D,assessment_2,student_2,obs_007,obs_038,"The Prolog modal logic is technically sound, and the symbolic formulas are valid and structurally correct.","Your submission includes formulas for three examples that describe problematic sandwich configurations. Each example provides a formula that prevents a specific configuration, which meets the requirement that each example clearly describes a problematic sandwich configuration.",strength,strength,part,task,part_2_prolog_modal_logic,part_2_prolog_modal_logic,,part_2_task_5,,P2-T5-R2,human_broader,compatible,not_assessable,0.2144999057054519,,,assessment_2|student_2|D|obs_007|obs_038,low_medium
D,assessment_2,student_2,obs_007,obs_039,"The Prolog modal logic is technically sound, and the symbolic formulas are valid and structurally correct.","Your submission for requirement P2-T5-R3 is met. The three examples provided are compatible with the constraints established in Tasks 1–4. Each example includes a formula that prevents the described configuration, demonstrating compatibility with the constraints.",strength,strength,part,task,part_2_prolog_modal_logic,part_2_prolog_modal_logic,,part_2_task_5,,P2-T5-R3,human_broader,compatible,not_assessable,0.221217468380928,,,assessment_2|student_2|D|obs_007|obs_039,low_medium
D,assessment_2,student_2,obs_007,obs_040,"The Prolog modal logic is technically sound, and the symbolic formulas are valid and structurally correct.","Your examples effectively highlight different limitations of the original specification. Each example addresses a distinct problem, such as bread and filling placement, filling placement relative to other elements, and bread placement relative to other elements.",strength,strength,part,task,part_2_prolog_modal_logic,part_2_prolog_modal_logic,,part_2_task_5,,P2-T5-R4,human_broader,compatible,not_assessable,0.2144598364830017,,,assessment_2|student_2|D|obs_007|obs_040,low_medium
D,assessment_2,student_2,obs_007,obs_041,"The Prolog modal logic is technically sound, and the symbolic formulas are valid and structurally correct.","Your preventive formulas directly address the described problems. Each formula is aligned with the corresponding problem description, as required by the requirement.",strength,strength,part,task,part_2_prolog_modal_logic,part_2_prolog_modal_logic,,part_2_task_5,,P2-T5-R5,human_broader,compatible,not_assessable,0.2302662283182144,,,assessment_2|student_2|D|obs_007|obs_041,low_medium
D,assessment_2,student_2,obs_007,obs_042,"The Prolog modal logic is technically sound, and the symbolic formulas are valid and structurally correct.",The preventive formulas are correctly tied to the described limitations of the original specification and have explanations. They logically exclude the described configurations based on the provided evidence.,strength,strength,part,task,part_2_prolog_modal_logic,part_2_prolog_modal_logic,,part_2_task_5,,P2-T5-R6,human_broader,compatible,not_assessable,0.3300151824951172,,,assessment_2|student_2|D|obs_007|obs_042,low_medium
D,assessment_2,student_2,obs_007,obs_043,"The Prolog modal logic is technically sound, and the symbolic formulas are valid and structurally correct.","Your formulas are well-formed and follow the required modal logic syntax. They are correctly structured and use the appropriate operators. However, ensure that each formula directly addresses the described problem in the context of the sandwich constraints.",strength,strength,part,task,part_2_prolog_modal_logic,part_2_prolog_modal_logic,,part_2_task_5,,P2-T5-R7,human_broader,compatible,not_assessable,0.4151550829410553,,,assessment_2|student_2|D|obs_007|obs_043,boundary_low
D,assessment_2,student_2,obs_007,obs_044,"The Prolog modal logic is technically sound, and the symbolic formulas are valid and structurally correct.",Your responses for the three examples are correctly provided in the specified answer locations.,strength,strength,part,task,part_2_prolog_modal_logic,part_2_prolog_modal_logic,,part_2_task_5,,P2-T5-R8,human_broader,compatible,not_assessable,0.1941304206848144,,,assessment_2|student_2|D|obs_007|obs_044,very_low
D,assessment_2,student_2,obs_008,obs_028,The Part 2 submission is missing the required explanatory comments.,"The formula does not correctly express the intended spatial constraint. The formula uses 'box(below, box(below, not(bread)))' which implies that bread must not be in any state reachable by 'below' more than once, but this does not correctly enforce the constraint that bread must not occur more than one row below a filling state.",omission,error,part,task,part_2_prolog_modal_logic,part_2_prolog_modal_logic,,part_2_task_3,,P2-T3-R5,human_broader,potentially_compatible,not_assessable,0.0706572830677032,,,assessment_2|student_2|D|obs_008|obs_028,very_low
D,assessment_2,student_2,obs_009,obs_028,The submission does not include the real-world sandwich examples and cultural reflection expected by the marker.,"The formula does not correctly express the intended spatial constraint. The formula uses 'box(below, box(below, not(bread)))' which implies that bread must not be in any state reachable by 'below' more than once, but this does not correctly enforce the constraint that bread must not occur more than one row below a filling state.",omission,error,part,task,part_2_prolog_modal_logic,part_2_prolog_modal_logic,,part_2_task_3,,P2-T3-R5,human_broader,potentially_compatible,not_assessable,0.1575268805027008,,,assessment_2|student_2|D|obs_009|obs_028,very_low
A,assessment_2,student_6,obs_s6_a2_001,obs_001,The ontology uses a thoughtful top-down design with a well-articulated hierarchy.,"The ontology includes ten classes and five properties, and the report accurately describes the design.",strength,strength,part,part,part_1_ontology,part_1_ontology,,,P1-R2|P1-R9,P1-R1|P1-R3|P1-R7|P1-R8|P1-R9|P1-R10|P1-R12,exact,compatible,overlap,0.5628805160522461,,,assessment_2|student_6|A|obs_s6_a2_001|obs_001,boundary_high
A,assessment_2,student_6,obs_s6_a2_002,obs_001,"The ontology contains a six-property hierarchy, including inverse functional and symmetric property declarations that are applied appropriately.","The ontology includes ten classes and five properties, and the report accurately describes the design.",strength,strength,part,part,part_1_ontology,part_1_ontology,,,P1-R3|P1-R4,P1-R1|P1-R3|P1-R7|P1-R8|P1-R9|P1-R10|P1-R12,exact,compatible,overlap,0.6929258108139038,,,assessment_2|student_6|A|obs_s6_a2_002|obs_001,high
A,assessment_2,student_6,obs_s6_a2_003,obs_001,"The axiom defining the open, toasted and double-decker variants uses number restrictions and is traceable to cited source text.","The ontology includes ten classes and five properties, and the report accurately describes the design.",strength,strength,part,part,part_1_ontology,part_1_ontology,,,P1-R5|P1-R10,P1-R1|P1-R3|P1-R7|P1-R8|P1-R9|P1-R10|P1-R12,exact,compatible,overlap,0.273341566324234,,,assessment_2|student_6|A|obs_s6_a2_003|obs_001,low_medium
A,assessment_2,student_6,obs_s6_a2_004,obs_001,The report narrative is concise while remaining comprehensive.,"The ontology includes ten classes and five properties, and the report accurately describes the design.",strength,strength,part,part,part_1_ontology,part_1_ontology,,,P1-R7|P1-R8,P1-R1|P1-R3|P1-R7|P1-R8|P1-R9|P1-R10|P1-R12,exact,compatible,overlap,0.2933709621429443,,,assessment_2|student_6|A|obs_s6_a2_004|obs_001,low_medium
A,assessment_2,student_6,obs_s6_a2_005,obs_001,The critical reflection could be strengthened by briefly discussing scalability trade-offs.,"The ontology includes ten classes and five properties, and the report accurately describes the design.",suggestion,strength,part,part,part_1_ontology,part_1_ontology,,,P1-R11,P1-R1|P1-R3|P1-R7|P1-R8|P1-R9|P1-R10|P1-R12,exact,potentially_compatible,no_overlap,0.2636880576610565,,,assessment_2|student_6|A|obs_s6_a2_005|obs_001,low_medium
A,assessment_2,student_6,obs_s6_a2_005,obs_002,The critical reflection could be strengthened by briefly discussing scalability trade-offs.,Ensure subclass relationships are logically justified and property domains/ranges are specified. Add critical discussion of strengths and limitations.,suggestion,error,part,part,part_1_ontology,part_1_ontology,,,P1-R11,P1-R2|P1-R4|P1-R6|P1-R11,exact,potentially_compatible,overlap,0.3101950585842132,,,assessment_2|student_6|A|obs_s6_a2_005|obs_002,low_medium
A,assessment_2,student_6,obs_s6_a2_006,obs_001,The critical discussion could also evaluate whether Wikipedia is a reliable source for ontology development.,"The ontology includes ten classes and five properties, and the report accurately describes the design.",suggestion,strength,part,part,part_1_ontology,part_1_ontology,,,P1-R11,P1-R1|P1-R3|P1-R7|P1-R8|P1-R9|P1-R10|P1-R12,exact,potentially_compatible,no_overlap,0.4651015996932983,,,assessment_2|student_6|A|obs_s6_a2_006|obs_001,boundary_low
A,assessment_2,student_6,obs_s6_a2_006,obs_002,The critical discussion could also evaluate whether Wikipedia is a reliable source for ontology development.,Ensure subclass relationships are logically justified and property domains/ranges are specified. Add critical discussion of strengths and limitations.,suggestion,error,part,part,part_1_ontology,part_1_ontology,,,P1-R11,P1-R2|P1-R4|P1-R6|P1-R11,exact,potentially_compatible,overlap,0.256925880908966,,,assessment_2|student_6|A|obs_s6_a2_006|obs_002,low_medium
A,assessment_2,student_6,obs_s6_a2_009,obs_001,The comments are clear and technically accurate.,"The ontology includes ten classes and five properties, and the report accurately describes the design.",strength,strength,task_group,part,,part_1_ontology,part_2_task_1|part_2_task_2|part_2_task_3|part_2_task_4|part_2_task_5,,,P1-R1|P1-R3|P1-R7|P1-R8|P1-R9|P1-R10|P1-R12,unknown,compatible,not_assessable,0.1994604170322418,,,assessment_2|student_6|A|obs_s6_a2_009|obs_001,very_low
A,assessment_2,student_6,obs_s6_a2_009,obs_003,The comments are clear and technically accurate.,"The formula meets all the requirements for the task, including mutual exclusivity and proper formatting.",strength,strength,task_group,task,,part_2_prolog_modal_logic,part_2_task_1|part_2_task_2|part_2_task_3|part_2_task_4|part_2_task_5,part_2_task_1,,P2-T1-R1|P2-T1-R2|P2-T1-R3|P2-T1-R4,human_broader,compatible,not_assessable,0.2002380490303039,,,assessment_2|student_6|A|obs_s6_a2_009|obs_003,low_medium
A,assessment_2,student_6,obs_s6_a2_009,obs_005,The comments are clear and technically accurate.,Review the framework's modal operator definitions to ensure consistency in the formula.,strength,suggestion,task_group,task,,part_2_prolog_modal_logic,part_2_task_1|part_2_task_2|part_2_task_3|part_2_task_4|part_2_task_5,part_2_task_2,,P2-T2-R5,human_broader,potentially_compatible,not_assessable,0.2341561019420623,,,assessment_2|student_6|A|obs_s6_a2_009|obs_005,low_medium
A,assessment_2,student_6,obs_s6_a2_009,obs_007,The comments are clear and technically accurate.,Consider adding a condition to explicitly allow bread immediately below filling.,strength,suggestion,task_group,task,,part_2_prolog_modal_logic,part_2_task_1|part_2_task_2|part_2_task_3|part_2_task_4|part_2_task_5,part_2_task_3,,P2-T3-R3,human_broader,potentially_compatible,not_assessable,0.0,,,assessment_2|student_6|A|obs_s6_a2_009|obs_007,very_low
A,assessment_2,student_6,obs_s6_a2_009,obs_009,The comments are clear and technically accurate.,Consider using 'forall' with 'above' to explicitly check all states above.,strength,suggestion,task_group,task,,part_2_prolog_modal_logic,part_2_task_1|part_2_task_2|part_2_task_3|part_2_task_4|part_2_task_5,part_2_task_4,,P2-T4-R2|P2-T4-R4,human_broader,potentially_compatible,not_assessable,0.1704623103141784,,,assessment_2|student_6|A|obs_s6_a2_009|obs_009,very_low
A,assessment_2,student_6,obs_s6_a2_010,obs_001,"The comments demonstrate excellent understanding of the real-world and cultural context behind the sandwich rules, supported by specific Wikipedia references and plausible food examples.","The ontology includes ten classes and five properties, and the report accurately describes the design.",strength,strength,task_group,part,,part_1_ontology,part_2_task_1|part_2_task_2|part_2_task_3|part_2_task_4|part_2_task_5,,,P1-R1|P1-R3|P1-R7|P1-R8|P1-R9|P1-R10|P1-R12,unknown,compatible,not_assessable,0.1321496069431305,,,assessment_2|student_6|A|obs_s6_a2_010|obs_001,very_low
A,assessment_2,student_6,obs_s6_a2_010,obs_003,"The comments demonstrate excellent understanding of the real-world and cultural context behind the sandwich rules, supported by specific Wikipedia references and plausible food examples.","The formula meets all the requirements for the task, including mutual exclusivity and proper formatting.",strength,strength,task_group,task,,part_2_prolog_modal_logic,part_2_task_1|part_2_task_2|part_2_task_3|part_2_task_4|part_2_task_5,part_2_task_1,,P2-T1-R1|P2-T1-R2|P2-T1-R3|P2-T1-R4,human_broader,compatible,not_assessable,0.088617093861103,,,assessment_2|student_6|A|obs_s6_a2_010|obs_003,very_low
A,assessment_2,student_6,obs_s6_a2_010,obs_005,"The comments demonstrate excellent understanding of the real-world and cultural context behind the sandwich rules, supported by specific Wikipedia references and plausible food examples.",Review the framework's modal operator definitions to ensure consistency in the formula.,strength,suggestion,task_group,task,,part_2_prolog_modal_logic,part_2_task_1|part_2_task_2|part_2_task_3|part_2_task_4|part_2_task_5,part_2_task_2,,P2-T2-R5,human_broader,potentially_compatible,not_assessable,0.0849758386611938,,,assessment_2|student_6|A|obs_s6_a2_010|obs_005,very_low
A,assessment_2,student_6,obs_s6_a2_010,obs_007,"The comments demonstrate excellent understanding of the real-world and cultural context behind the sandwich rules, supported by specific Wikipedia references and plausible food examples.",Consider adding a condition to explicitly allow bread immediately below filling.,strength,suggestion,task_group,task,,part_2_prolog_modal_logic,part_2_task_1|part_2_task_2|part_2_task_3|part_2_task_4|part_2_task_5,part_2_task_3,,P2-T3-R3,human_broader,potentially_compatible,not_assessable,0.2391595989465713,,,assessment_2|student_6|A|obs_s6_a2_010|obs_007,low_medium
A,assessment_2,student_6,obs_s6_a2_010,obs_009,"The comments demonstrate excellent understanding of the real-world and cultural context behind the sandwich rules, supported by specific Wikipedia references and plausible food examples.",Consider using 'forall' with 'above' to explicitly check all states above.,strength,suggestion,task_group,task,,part_2_prolog_modal_logic,part_2_task_1|part_2_task_2|part_2_task_3|part_2_task_4|part_2_task_5,part_2_task_4,,P2-T4-R2|P2-T4-R4,human_broader,potentially_compatible,not_assessable,0.0,,,assessment_2|student_6|A|obs_s6_a2_010|obs_009,very_low
B,assessment_2,student_6,obs_s6_a2_001,b_obs_001,The ontology uses a thoughtful top-down design with a well-articulated hierarchy.,The ontology contains at least ten relevant classes.,strength,strength,part,part,part_1_ontology,part_1_ontology,,,P1-R2|P1-R9,P1-R1,exact,compatible,no_overlap,0.57679682970047,,,assessment_2|student_6|B|obs_s6_a2_001|b_obs_001,boundary_high
B,assessment_2,student_6,obs_s6_a2_001,b_obs_003,The ontology uses a thoughtful top-down design with a well-articulated hierarchy.,The ontology contains at least five meaningful object properties.,strength,strength,part,part,part_1_ontology,part_1_ontology,,,P1-R2|P1-R9,P1-R3,exact,compatible,no_overlap,0.5560792684555054,,,assessment_2|student_6|B|obs_s6_a2_001|b_obs_003,boundary_high
B,assessment_2,student_6,obs_s6_a2_001,b_obs_004,The ontology uses a thoughtful top-down design with a well-articulated hierarchy.,"Your submitted work correctly models property characteristics where appropriate, as evidenced by the detailed ontology report section that explains the rationale for this modelling.",strength,strength,part,part,part_1_ontology,part_1_ontology,,,P1-R2|P1-R9,P1-R4,exact,compatible,no_overlap,0.4235004484653473,,,assessment_2|student_6|B|obs_s6_a2_001|b_obs_004,boundary_low
B,assessment_2,student_6,obs_s6_a2_001,b_obs_005,The ontology uses a thoughtful top-down design with a well-articulated hierarchy.,The ontology contains a logically correct Description Logic axiom.,strength,strength,part,part,part_1_ontology,part_1_ontology,,,P1-R2|P1-R9,P1-R5,exact,compatible,no_overlap,0.4999511837959289,,,assessment_2|student_6|B|obs_s6_a2_001|b_obs_005,boundary_low
B,assessment_2,student_6,obs_s6_a2_001,b_obs_007,The ontology uses a thoughtful top-down design with a well-articulated hierarchy.,The report accurately describes the submitted ontology.,strength,strength,part,part,part_1_ontology,part_1_ontology,,,P1-R2|P1-R9,P1-R7,exact,compatible,no_overlap,0.5325453281402588,,,assessment_2|student_6|B|obs_s6_a2_001|b_obs_007,boundary_high
B,assessment_2,student_6,obs_s6_a2_001,b_obs_008,The ontology uses a thoughtful top-down design with a well-articulated hierarchy.,The report clearly explains the purpose and scope of the ontology.,strength,strength,part,part,part_1_ontology,part_1_ontology,,,P1-R2|P1-R9,P1-R8,exact,compatible,no_overlap,0.565554141998291,,,assessment_2|student_6|B|obs_s6_a2_001|b_obs_008,boundary_high
B,assessment_2,student_6,obs_s6_a2_001,b_obs_009,The ontology uses a thoughtful top-down design with a well-articulated hierarchy.,The report justifies the chosen class and property hierarchies.,strength,strength,part,part,part_1_ontology,part_1_ontology,,,P1-R2|P1-R9,P1-R9,exact,compatible,overlap,0.4174288809299469,,,assessment_2|student_6|B|obs_s6_a2_001|b_obs_009,boundary_low
B,assessment_2,student_6,obs_s6_a2_001,b_obs_012,The ontology uses a thoughtful top-down design with a well-articulated hierarchy.,The report does not exceed the specified word limit of 750 words.,strength,strength,part,part,part_1_ontology,part_1_ontology,,,P1-R2|P1-R9,P1-R12,exact,compatible,no_overlap,0.0669843852519989,,,assessment_2|student_6|B|obs_s6_a2_001|b_obs_012,very_low
B,assessment_2,student_6,obs_s6_a2_002,b_obs_001,"The ontology contains a six-property hierarchy, including inverse functional and symmetric property declarations that are applied appropriately.",The ontology contains at least ten relevant classes.,strength,strength,part,part,part_1_ontology,part_1_ontology,,,P1-R3|P1-R4,P1-R1,exact,compatible,no_overlap,0.6627150774002075,,,assessment_2|student_6|B|obs_s6_a2_002|b_obs_001,high
B,assessment_2,student_6,obs_s6_a2_002,b_obs_003,"The ontology contains a six-property hierarchy, including inverse functional and symmetric property declarations that are applied appropriately.",The ontology contains at least five meaningful object properties.,strength,strength,part,part,part_1_ontology,part_1_ontology,,,P1-R3|P1-R4,P1-R3,exact,compatible,overlap,0.7232969999313354,,,assessment_2|student_6|B|obs_s6_a2_002|b_obs_003,high
B,assessment_2,student_6,obs_s6_a2_002,b_obs_004,"The ontology contains a six-property hierarchy, including inverse functional and symmetric property declarations that are applied appropriately.","Your submitted work correctly models property characteristics where appropriate, as evidenced by the detailed ontology report section that explains the rationale for this modelling.",strength,strength,part,part,part_1_ontology,part_1_ontology,,,P1-R3|P1-R4,P1-R4,exact,compatible,overlap,0.4841665625572204,,,assessment_2|student_6|B|obs_s6_a2_002|b_obs_004,boundary_low
B,assessment_2,student_6,obs_s6_a2_002,b_obs_005,"The ontology contains a six-property hierarchy, including inverse functional and symmetric property declarations that are applied appropriately.",The ontology contains a logically correct Description Logic axiom.,strength,strength,part,part,part_1_ontology,part_1_ontology,,,P1-R3|P1-R4,P1-R5,exact,compatible,no_overlap,0.5573223829269409,,,assessment_2|student_6|B|obs_s6_a2_002|b_obs_005,boundary_high
B,assessment_2,student_6,obs_s6_a2_002,b_obs_007,"The ontology contains a six-property hierarchy, including inverse functional and symmetric property declarations that are applied appropriately.",The report accurately describes the submitted ontology.,strength,strength,part,part,part_1_ontology,part_1_ontology,,,P1-R3|P1-R4,P1-R7,exact,compatible,no_overlap,0.4810956716537475,,,assessment_2|student_6|B|obs_s6_a2_002|b_obs_007,boundary_low
B,assessment_2,student_6,obs_s6_a2_002,b_obs_008,"The ontology contains a six-property hierarchy, including inverse functional and symmetric property declarations that are applied appropriately.",The report clearly explains the purpose and scope of the ontology.,strength,strength,part,part,part_1_ontology,part_1_ontology,,,P1-R3|P1-R4,P1-R8,exact,compatible,no_overlap,0.4695828557014465,,,assessment_2|student_6|B|obs_s6_a2_002|b_obs_008,boundary_low
B,assessment_2,student_6,obs_s6_a2_002,b_obs_009,"The ontology contains a six-property hierarchy, including inverse functional and symmetric property declarations that are applied appropriately.",The report justifies the chosen class and property hierarchies.,strength,strength,part,part,part_1_ontology,part_1_ontology,,,P1-R3|P1-R4,P1-R9,exact,compatible,no_overlap,0.4733162522315979,,,assessment_2|student_6|B|obs_s6_a2_002|b_obs_009,boundary_low
B,assessment_2,student_6,obs_s6_a2_002,b_obs_012,"The ontology contains a six-property hierarchy, including inverse functional and symmetric property declarations that are applied appropriately.",The report does not exceed the specified word limit of 750 words.,strength,strength,part,part,part_1_ontology,part_1_ontology,,,P1-R3|P1-R4,P1-R12,exact,compatible,no_overlap,0.0620072335004806,,,assessment_2|student_6|B|obs_s6_a2_002|b_obs_012,very_low
B,assessment_2,student_6,obs_s6_a2_003,b_obs_001,"The axiom defining the open, toasted and double-decker variants uses number restrictions and is traceable to cited source text.",The ontology contains at least ten relevant classes.,strength,strength,part,part,part_1_ontology,part_1_ontology,,,P1-R5|P1-R10,P1-R1,exact,compatible,no_overlap,0.2911842763423919,,,assessment_2|student_6|B|obs_s6_a2_003|b_obs_001,low_medium
B,assessment_2,student_6,obs_s6_a2_003,b_obs_003,"The axiom defining the open, toasted and double-decker variants uses number restrictions and is traceable to cited source text.",The ontology contains at least five meaningful object properties.,strength,strength,part,part,part_1_ontology,part_1_ontology,,,P1-R5|P1-R10,P1-R3,exact,compatible,no_overlap,0.3298193216323852,,,assessment_2|student_6|B|obs_s6_a2_003|b_obs_003,low_medium
B,assessment_2,student_6,obs_s6_a2_003,b_obs_004,"The axiom defining the open, toasted and double-decker variants uses number restrictions and is traceable to cited source text.","Your submitted work correctly models property characteristics where appropriate, as evidenced by the detailed ontology report section that explains the rationale for this modelling.",strength,strength,part,part,part_1_ontology,part_1_ontology,,,P1-R5|P1-R10,P1-R4,exact,compatible,no_overlap,0.1848302185535431,,,assessment_2|student_6|B|obs_s6_a2_003|b_obs_004,very_low
B,assessment_2,student_6,obs_s6_a2_003,b_obs_005,"The axiom defining the open, toasted and double-decker variants uses number restrictions and is traceable to cited source text.",The ontology contains a logically correct Description Logic axiom.,strength,strength,part,part,part_1_ontology,part_1_ontology,,,P1-R5|P1-R10,P1-R5,exact,compatible,overlap,0.291052758693695,,,assessment_2|student_6|B|obs_s6_a2_003|b_obs_005,low_medium
B,assessment_2,student_6,obs_s6_a2_003,b_obs_007,"The axiom defining the open, toasted and double-decker variants uses number restrictions and is traceable to cited source text.",The report accurately describes the submitted ontology.,strength,strength,part,part,part_1_ontology,part_1_ontology,,,P1-R5|P1-R10,P1-R7,exact,compatible,no_overlap,0.1457540690898895,,,assessment_2|student_6|B|obs_s6_a2_003|b_obs_007,very_low
B,assessment_2,student_6,obs_s6_a2_003,b_obs_008,"The axiom defining the open, toasted and double-decker variants uses number restrictions and is traceable to cited source text.",The report clearly explains the purpose and scope of the ontology.,strength,strength,part,part,part_1_ontology,part_1_ontology,,,P1-R5|P1-R10,P1-R8,exact,compatible,no_overlap,0.2037387490272522,,,assessment_2|student_6|B|obs_s6_a2_003|b_obs_008,low_medium
B,assessment_2,student_6,obs_s6_a2_003,b_obs_009,"The axiom defining the open, toasted and double-decker variants uses number restrictions and is traceable to cited source text.",The report justifies the chosen class and property hierarchies.,strength,strength,part,part,part_1_ontology,part_1_ontology,,,P1-R5|P1-R10,P1-R9,exact,compatible,no_overlap,0.2495044022798538,,,assessment_2|student_6|B|obs_s6_a2_003|b_obs_009,low_medium
B,assessment_2,student_6,obs_s6_a2_003,b_obs_012,"The axiom defining the open, toasted and double-decker variants uses number restrictions and is traceable to cited source text.",The report does not exceed the specified word limit of 750 words.,strength,strength,part,part,part_1_ontology,part_1_ontology,,,P1-R5|P1-R10,P1-R12,exact,compatible,no_overlap,0.1953540295362472,,,assessment_2|student_6|B|obs_s6_a2_003|b_obs_012,very_low
B,assessment_2,student_6,obs_s6_a2_004,b_obs_001,The report narrative is concise while remaining comprehensive.,The ontology contains at least ten relevant classes.,strength,strength,part,part,part_1_ontology,part_1_ontology,,,P1-R7|P1-R8,P1-R1,exact,compatible,no_overlap,0.1425005197525024,,,assessment_2|student_6|B|obs_s6_a2_004|b_obs_001,very_low
B,assessment_2,student_6,obs_s6_a2_004,b_obs_003,The report narrative is concise while remaining comprehensive.,The ontology contains at least five meaningful object properties.,strength,strength,part,part,part_1_ontology,part_1_ontology,,,P1-R7|P1-R8,P1-R3,exact,compatible,no_overlap,0.1547024250030517,,,assessment_2|student_6|B|obs_s6_a2_004|b_obs_003,very_low
B,assessment_2,student_6,obs_s6_a2_004,b_obs_004,The report narrative is concise while remaining comprehensive.,"Your submitted work correctly models property characteristics where appropriate, as evidenced by the detailed ontology report section that explains the rationale for this modelling.",strength,strength,part,part,part_1_ontology,part_1_ontology,,,P1-R7|P1-R8,P1-R4,exact,compatible,no_overlap,0.2377987205982208,,,assessment_2|student_6|B|obs_s6_a2_004|b_obs_004,low_medium
B,assessment_2,student_6,obs_s6_a2_004,b_obs_005,The report narrative is concise while remaining comprehensive.,The ontology contains a logically correct Description Logic axiom.,strength,strength,part,part,part_1_ontology,part_1_ontology,,,P1-R7|P1-R8,P1-R5,exact,compatible,no_overlap,0.2026155143976211,,,assessment_2|student_6|B|obs_s6_a2_004|b_obs_005,low_medium
B,assessment_2,student_6,obs_s6_a2_004,b_obs_007,The report narrative is concise while remaining comprehensive.,The report accurately describes the submitted ontology.,strength,strength,part,part,part_1_ontology,part_1_ontology,,,P1-R7|P1-R8,P1-R7,exact,compatible,overlap,0.4249221384525299,,,assessment_2|student_6|B|obs_s6_a2_004|b_obs_007,boundary_low
B,assessment_2,student_6,obs_s6_a2_004,b_obs_008,The report narrative is concise while remaining comprehensive.,The report clearly explains the purpose and scope of the ontology.,strength,strength,part,part,part_1_ontology,part_1_ontology,,,P1-R7|P1-R8,P1-R8,exact,compatible,overlap,0.440014511346817,,,assessment_2|student_6|B|obs_s6_a2_004|b_obs_008,boundary_low
B,assessment_2,student_6,obs_s6_a2_004,b_obs_009,The report narrative is concise while remaining comprehensive.,The report justifies the chosen class and property hierarchies.,strength,strength,part,part,part_1_ontology,part_1_ontology,,,P1-R7|P1-R8,P1-R9,exact,compatible,no_overlap,0.3665162026882171,,,assessment_2|student_6|B|obs_s6_a2_004|b_obs_009,boundary_low
B,assessment_2,student_6,obs_s6_a2_004,b_obs_012,The report narrative is concise while remaining comprehensive.,The report does not exceed the specified word limit of 750 words.,strength,strength,part,part,part_1_ontology,part_1_ontology,,,P1-R7|P1-R8,P1-R12,exact,compatible,no_overlap,0.4228565990924835,,,assessment_2|student_6|B|obs_s6_a2_004|b_obs_012,boundary_low
B,assessment_2,student_6,obs_s6_a2_005,b_obs_001,The critical reflection could be strengthened by briefly discussing scalability trade-offs.,The ontology contains at least ten relevant classes.,suggestion,strength,part,part,part_1_ontology,part_1_ontology,,,P1-R11,P1-R1,exact,potentially_compatible,no_overlap,0.2104571461677551,,,assessment_2|student_6|B|obs_s6_a2_005|b_obs_001,low_medium
B,assessment_2,student_6,obs_s6_a2_005,b_obs_002,The critical reflection could be strengthened by briefly discussing scalability trade-offs.,"The subclass relationship 'ToastedBread subclass of Bread' is logically justified and appropriately modelled, but the requirement is not fully met as no other subclass relationships are defined or justified.",suggestion,error,part,part,part_1_ontology,part_1_ontology,,,P1-R11,P1-R2,exact,potentially_compatible,no_overlap,0.1053819209337234,,,assessment_2|student_6|B|obs_s6_a2_005|b_obs_002,very_low
B,assessment_2,student_6,obs_s6_a2_005,b_obs_003,The critical reflection could be strengthened by briefly discussing scalability trade-offs.,The ontology contains at least five meaningful object properties.,suggestion,strength,part,part,part_1_ontology,part_1_ontology,,,P1-R11,P1-R3,exact,potentially_compatible,no_overlap,0.2658407688140869,,,assessment_2|student_6|B|obs_s6_a2_005|b_obs_003,low_medium
B,assessment_2,student_6,obs_s6_a2_005,b_obs_004,The critical reflection could be strengthened by briefly discussing scalability trade-offs.,"Your submitted work correctly models property characteristics where appropriate, as evidenced by the detailed ontology report section that explains the rationale for this modelling.",suggestion,strength,part,part,part_1_ontology,part_1_ontology,,,P1-R11,P1-R4,exact,potentially_compatible,no_overlap,0.2201313972473144,,,assessment_2|student_6|B|obs_s6_a2_005|b_obs_004,low_medium
B,assessment_2,student_6,obs_s6_a2_005,b_obs_005,The critical reflection could be strengthened by briefly discussing scalability trade-offs.,The ontology contains a logically correct Description Logic axiom.,suggestion,strength,part,part,part_1_ontology,part_1_ontology,,,P1-R11,P1-R5,exact,potentially_compatible,no_overlap,0.124517910182476,,,assessment_2|student_6|B|obs_s6_a2_005|b_obs_005,very_low
B,assessment_2,student_6,obs_s6_a2_005,b_obs_006,The critical reflection could be strengthened by briefly discussing scalability trade-offs.,The ontology is not logically coherent.,suggestion,error,part,part,part_1_ontology,part_1_ontology,,,P1-R11,P1-R6,exact,potentially_compatible,no_overlap,0.0947553664445877,,,assessment_2|student_6|B|obs_s6_a2_005|b_obs_006,very_low
B,assessment_2,student_6,obs_s6_a2_005,b_obs_007,The critical reflection could be strengthened by briefly discussing scalability trade-offs.,The report accurately describes the submitted ontology.,suggestion,strength,part,part,part_1_ontology,part_1_ontology,,,P1-R11,P1-R7,exact,potentially_compatible,no_overlap,0.1753952801227569,,,assessment_2|student_6|B|obs_s6_a2_005|b_obs_007,very_low
B,assessment_2,student_6,obs_s6_a2_005,b_obs_008,The critical reflection could be strengthened by briefly discussing scalability trade-offs.,The report clearly explains the purpose and scope of the ontology.,suggestion,strength,part,part,part_1_ontology,part_1_ontology,,,P1-R11,P1-R8,exact,potentially_compatible,no_overlap,0.2437632530927658,,,assessment_2|student_6|B|obs_s6_a2_005|b_obs_008,low_medium
B,assessment_2,student_6,obs_s6_a2_005,b_obs_009,The critical reflection could be strengthened by briefly discussing scalability trade-offs.,The report justifies the chosen class and property hierarchies.,suggestion,strength,part,part,part_1_ontology,part_1_ontology,,,P1-R11,P1-R9,exact,potentially_compatible,no_overlap,0.2787420749664306,,,assessment_2|student_6|B|obs_s6_a2_005|b_obs_009,low_medium
B,assessment_2,student_6,obs_s6_a2_005,b_obs_010,The critical reflection could be strengthened by briefly discussing scalability trade-offs.,The report does not explain the Description Logic axiom.,suggestion,error,part,part,part_1_ontology,part_1_ontology,,,P1-R11,P1-R10,exact,potentially_compatible,no_overlap,0.0698040649294853,,,assessment_2|student_6|B|obs_s6_a2_005|b_obs_010,very_low
B,assessment_2,student_6,obs_s6_a2_005,b_obs_011,The critical reflection could be strengthened by briefly discussing scalability trade-offs.,The report lacks critical discussion of the ontology's strengths and limitations.,suggestion,error,part,part,part_1_ontology,part_1_ontology,,,P1-R11,P1-R11,exact,potentially_compatible,exact,0.3315573930740356,,,assessment_2|student_6|B|obs_s6_a2_005|b_obs_011,low_medium
B,assessment_2,student_6,obs_s6_a2_005,b_obs_012,The critical reflection could be strengthened by briefly discussing scalability trade-offs.,The report does not exceed the specified word limit of 750 words.,suggestion,strength,part,part,part_1_ontology,part_1_ontology,,,P1-R11,P1-R12,exact,potentially_compatible,no_overlap,0.116806611418724,,,assessment_2|student_6|B|obs_s6_a2_005|b_obs_012,very_low
B,assessment_2,student_6,obs_s6_a2_006,b_obs_001,The critical discussion could also evaluate whether Wikipedia is a reliable source for ontology development.,The ontology contains at least ten relevant classes.,suggestion,strength,part,part,part_1_ontology,part_1_ontology,,,P1-R11,P1-R1,exact,potentially_compatible,no_overlap,0.5029679536819458,,,assessment_2|student_6|B|obs_s6_a2_006|b_obs_001,boundary_high
B,assessment_2,student_6,obs_s6_a2_006,b_obs_002,The critical discussion could also evaluate whether Wikipedia is a reliable source for ontology development.,"The subclass relationship 'ToastedBread subclass of Bread' is logically justified and appropriately modelled, but the requirement is not fully met as no other subclass relationships are defined or justified.",suggestion,error,part,part,part_1_ontology,part_1_ontology,,,P1-R11,P1-R2,exact,potentially_compatible,no_overlap,0.068974569439888,,,assessment_2|student_6|B|obs_s6_a2_006|b_obs_002,very_low
B,assessment_2,student_6,obs_s6_a2_006,b_obs_003,The critical discussion could also evaluate whether Wikipedia is a reliable source for ontology development.,The ontology contains at least five meaningful object properties.,suggestion,strength,part,part,part_1_ontology,part_1_ontology,,,P1-R11,P1-R3,exact,potentially_compatible,no_overlap,0.4161611199378967,,,assessment_2|student_6|B|obs_s6_a2_006|b_obs_003,boundary_low
B,assessment_2,student_6,obs_s6_a2_006,b_obs_004,The critical discussion could also evaluate whether Wikipedia is a reliable source for ontology development.,"Your submitted work correctly models property characteristics where appropriate, as evidenced by the detailed ontology report section that explains the rationale for this modelling.",suggestion,strength,part,part,part_1_ontology,part_1_ontology,,,P1-R11,P1-R4,exact,potentially_compatible,no_overlap,0.3666403889656067,,,assessment_2|student_6|B|obs_s6_a2_006|b_obs_004,boundary_low
B,assessment_2,student_6,obs_s6_a2_006,b_obs_005,The critical discussion could also evaluate whether Wikipedia is a reliable source for ontology development.,The ontology contains a logically correct Description Logic axiom.,suggestion,strength,part,part,part_1_ontology,part_1_ontology,,,P1-R11,P1-R5,exact,potentially_compatible,no_overlap,0.439497709274292,,,assessment_2|student_6|B|obs_s6_a2_006|b_obs_005,boundary_low
B,assessment_2,student_6,obs_s6_a2_006,b_obs_006,The critical discussion could also evaluate whether Wikipedia is a reliable source for ontology development.,The ontology is not logically coherent.,suggestion,error,part,part,part_1_ontology,part_1_ontology,,,P1-R11,P1-R6,exact,potentially_compatible,no_overlap,0.4549866020679474,,,assessment_2|student_6|B|obs_s6_a2_006|b_obs_006,boundary_low
B,assessment_2,student_6,obs_s6_a2_006,b_obs_007,The critical discussion could also evaluate whether Wikipedia is a reliable source for ontology development.,The report accurately describes the submitted ontology.,suggestion,strength,part,part,part_1_ontology,part_1_ontology,,,P1-R11,P1-R7,exact,potentially_compatible,no_overlap,0.5375083684921265,,,assessment_2|student_6|B|obs_s6_a2_006|b_obs_007,boundary_high
B,assessment_2,student_6,obs_s6_a2_006,b_obs_008,The critical discussion could also evaluate whether Wikipedia is a reliable source for ontology development.,The report clearly explains the purpose and scope of the ontology.,suggestion,strength,part,part,part_1_ontology,part_1_ontology,,,P1-R11,P1-R8,exact,potentially_compatible,no_overlap,0.5320091843605042,,,assessment_2|student_6|B|obs_s6_a2_006|b_obs_008,boundary_high
B,assessment_2,student_6,obs_s6_a2_006,b_obs_009,The critical discussion could also evaluate whether Wikipedia is a reliable source for ontology development.,The report justifies the chosen class and property hierarchies.,suggestion,strength,part,part,part_1_ontology,part_1_ontology,,,P1-R11,P1-R9,exact,potentially_compatible,no_overlap,0.2351171374320984,,,assessment_2|student_6|B|obs_s6_a2_006|b_obs_009,low_medium
B,assessment_2,student_6,obs_s6_a2_006,b_obs_010,The critical discussion could also evaluate whether Wikipedia is a reliable source for ontology development.,The report does not explain the Description Logic axiom.,suggestion,error,part,part,part_1_ontology,part_1_ontology,,,P1-R11,P1-R10,exact,potentially_compatible,no_overlap,0.2398329675197601,,,assessment_2|student_6|B|obs_s6_a2_006|b_obs_010,low_medium
B,assessment_2,student_6,obs_s6_a2_006,b_obs_011,The critical discussion could also evaluate whether Wikipedia is a reliable source for ontology development.,The report lacks critical discussion of the ontology's strengths and limitations.,suggestion,error,part,part,part_1_ontology,part_1_ontology,,,P1-R11,P1-R11,exact,potentially_compatible,exact,0.5713778734207153,,,assessment_2|student_6|B|obs_s6_a2_006|b_obs_011,boundary_high
B,assessment_2,student_6,obs_s6_a2_006,b_obs_012,The critical discussion could also evaluate whether Wikipedia is a reliable source for ontology development.,The report does not exceed the specified word limit of 750 words.,suggestion,strength,part,part,part_1_ontology,part_1_ontology,,,P1-R11,P1-R12,exact,potentially_compatible,no_overlap,0.1575283110141754,,,assessment_2|student_6|B|obs_s6_a2_006|b_obs_012,very_low
B,assessment_2,student_6,obs_s6_a2_009,b_obs_001,The comments are clear and technically accurate.,The ontology contains at least ten relevant classes.,strength,strength,task_group,part,,part_1_ontology,part_2_task_1|part_2_task_2|part_2_task_3|part_2_task_4|part_2_task_5,,,P1-R1,unknown,compatible,not_assessable,0.0810745283961296,,,assessment_2|student_6|B|obs_s6_a2_009|b_obs_001,very_low
B,assessment_2,student_6,obs_s6_a2_009,b_obs_003,The comments are clear and technically accurate.,The ontology contains at least five meaningful object properties.,strength,strength,task_group,part,,part_1_ontology,part_2_task_1|part_2_task_2|part_2_task_3|part_2_task_4|part_2_task_5,,,P1-R3,unknown,compatible,not_assessable,0.1320311278104782,,,assessment_2|student_6|B|obs_s6_a2_009|b_obs_003,very_low
B,assessment_2,student_6,obs_s6_a2_009,b_obs_004,The comments are clear and technically accurate.,"Your submitted work correctly models property characteristics where appropriate, as evidenced by the detailed ontology report section that explains the rationale for this modelling.",strength,strength,task_group,part,,part_1_ontology,part_2_task_1|part_2_task_2|part_2_task_3|part_2_task_4|part_2_task_5,,,P1-R4,unknown,compatible,not_assessable,0.1752542555332183,,,assessment_2|student_6|B|obs_s6_a2_009|b_obs_004,very_low
B,assessment_2,student_6,obs_s6_a2_009,b_obs_005,The comments are clear and technically accurate.,The ontology contains a logically correct Description Logic axiom.,strength,strength,task_group,part,,part_1_ontology,part_2_task_1|part_2_task_2|part_2_task_3|part_2_task_4|part_2_task_5,,,P1-R5,unknown,compatible,not_assessable,0.1931511163711547,,,assessment_2|student_6|B|obs_s6_a2_009|b_obs_005,very_low
B,assessment_2,student_6,obs_s6_a2_009,b_obs_007,The comments are clear and technically accurate.,The report accurately describes the submitted ontology.,strength,strength,task_group,part,,part_1_ontology,part_2_task_1|part_2_task_2|part_2_task_3|part_2_task_4|part_2_task_5,,,P1-R7,unknown,compatible,not_assessable,0.2446988075971603,,,assessment_2|student_6|B|obs_s6_a2_009|b_obs_007,low_medium
B,assessment_2,student_6,obs_s6_a2_009,b_obs_008,The comments are clear and technically accurate.,The report clearly explains the purpose and scope of the ontology.,strength,strength,task_group,part,,part_1_ontology,part_2_task_1|part_2_task_2|part_2_task_3|part_2_task_4|part_2_task_5,,,P1-R8,unknown,compatible,not_assessable,0.2198128998279571,,,assessment_2|student_6|B|obs_s6_a2_009|b_obs_008,low_medium
B,assessment_2,student_6,obs_s6_a2_009,b_obs_009,The comments are clear and technically accurate.,The report justifies the chosen class and property hierarchies.,strength,strength,task_group,part,,part_1_ontology,part_2_task_1|part_2_task_2|part_2_task_3|part_2_task_4|part_2_task_5,,,P1-R9,unknown,compatible,not_assessable,0.1824003756046295,,,assessment_2|student_6|B|obs_s6_a2_009|b_obs_009,very_low
B,assessment_2,student_6,obs_s6_a2_009,b_obs_012,The comments are clear and technically accurate.,The report does not exceed the specified word limit of 750 words.,strength,strength,task_group,part,,part_1_ontology,part_2_task_1|part_2_task_2|part_2_task_3|part_2_task_4|part_2_task_5,,,P1-R12,unknown,compatible,not_assessable,0.215673953294754,,,assessment_2|student_6|B|obs_s6_a2_009|b_obs_012,low_medium
B,assessment_2,student_6,obs_s6_a2_009,b_obs_013,The comments are clear and technically accurate.,The formula correctly prevents bread and filling from holding simultaneously.,strength,strength,task_group,task,,part_2_prolog_modal_logic,part_2_task_1|part_2_task_2|part_2_task_3|part_2_task_4|part_2_task_5,part_2_task_1,,P2-T1-R1,human_broader,compatible,not_assessable,0.102121353149414,,,assessment_2|student_6|B|obs_s6_a2_009|b_obs_013,very_low
B,assessment_2,student_6,obs_s6_a2_009,b_obs_014,The comments are clear and technically accurate.,The formula captures the intended meaning of mutual exclusivity.,strength,strength,task_group,task,,part_2_prolog_modal_logic,part_2_task_1|part_2_task_2|part_2_task_3|part_2_task_4|part_2_task_5,part_2_task_1,,P2-T1-R2,human_broader,compatible,not_assessable,0.1410667449235916,,,assessment_2|student_6|B|obs_s6_a2_009|b_obs_014,very_low
B,assessment_2,student_6,obs_s6_a2_009,b_obs_015,The comments are clear and technically accurate.,The submitted formula is well formed according to the supplied modal logic syntax.,strength,strength,task_group,task,,part_2_prolog_modal_logic,part_2_task_1|part_2_task_2|part_2_task_3|part_2_task_4|part_2_task_5,part_2_task_1,,P2-T1-R3,human_broader,compatible,not_assessable,0.1868163645267486,,,assessment_2|student_6|B|obs_s6_a2_009|b_obs_015,very_low
B,assessment_2,student_6,obs_s6_a2_009,b_obs_016,The comments are clear and technically accurate.,The answer is provided in the required predicate answer1/1.,strength,strength,task_group,task,,part_2_prolog_modal_logic,part_2_task_1|part_2_task_2|part_2_task_3|part_2_task_4|part_2_task_5,part_2_task_1,,P2-T1-R4,human_broader,compatible,not_assessable,0.1413808763027191,,,assessment_2|student_6|B|obs_s6_a2_009|b_obs_016,very_low
B,assessment_2,student_6,obs_s6_a2_009,b_obs_018,The comments are clear and technically accurate.,"The formula includes 'dia(above, bread)' which indicates bread above, satisfying the requirement that bread is immediately above filling.",strength,strength,task_group,task,,part_2_prolog_modal_logic,part_2_task_1|part_2_task_2|part_2_task_3|part_2_task_4|part_2_task_5,part_2_task_2,,P2-T2-R2,human_broader,compatible,not_assessable,0.0337204970419406,,,assessment_2|student_6|B|obs_s6_a2_009|b_obs_018,very_low
B,assessment_2,student_6,obs_s6_a2_009,b_obs_019,The comments are clear and technically accurate.,"The formula includes 'dia(above, bread)' and 'dia(below, bread)' which are related to bread placement.",strength,strength,task_group,task,,part_2_prolog_modal_logic,part_2_task_1|part_2_task_2|part_2_task_3|part_2_task_4|part_2_task_5,part_2_task_2,,P2-T2-R3,human_broader,compatible,not_assessable,0.0216410644352436,,,assessment_2|student_6|B|obs_s6_a2_009|b_obs_019,very_low
B,assessment_2,student_6,obs_s6_a2_009,b_obs_020,The comments are clear and technically accurate.,The formula expresses immediate adjacency rather than arbitrary vertical distance.,strength,strength,task_group,task,,part_2_prolog_modal_logic,part_2_task_1|part_2_task_2|part_2_task_3|part_2_task_4|part_2_task_5,part_2_task_2,,P2-T2-R4,human_broader,compatible,not_assessable,0.1118123605847358,,,assessment_2|student_6|B|obs_s6_a2_009|b_obs_020,very_low
B,assessment_2,student_6,obs_s6_a2_009,b_obs_021,The comments are clear and technically accurate.,The modal operators in your formula are used consistently with the supplied framework. No further action is required.,strength,strength,task_group,task,,part_2_prolog_modal_logic,part_2_task_1|part_2_task_2|part_2_task_3|part_2_task_4|part_2_task_5,part_2_task_2,,P2-T2-R5,human_broader,compatible,not_assessable,0.1177992522716522,,,assessment_2|student_6|B|obs_s6_a2_009|b_obs_021,very_low
B,assessment_2,student_6,obs_s6_a2_009,b_obs_022,The comments are clear and technically accurate.,The submitted formula is well formed according to the supplied modal logic syntax.,strength,strength,task_group,task,,part_2_prolog_modal_logic,part_2_task_1|part_2_task_2|part_2_task_3|part_2_task_4|part_2_task_5,part_2_task_2,,P2-T2-R6,human_broader,compatible,not_assessable,0.1868163645267486,,,assessment_2|student_6|B|obs_s6_a2_009|b_obs_022,very_low
B,assessment_2,student_6,obs_s6_a2_009,b_obs_023,The comments are clear and technically accurate.,The answer is provided in the required predicate answer2/1.,strength,strength,task_group,task,,part_2_prolog_modal_logic,part_2_task_1|part_2_task_2|part_2_task_3|part_2_task_4|part_2_task_5,part_2_task_2,,P2-T2-R7,human_broader,compatible,not_assessable,0.1417936235666275,,,assessment_2|student_6|B|obs_s6_a2_009|b_obs_023,very_low
B,assessment_2,student_6,obs_s6_a2_009,b_obs_024,The comments are clear and technically accurate.,The distance restriction is correctly conditioned on the presence of filling.,strength,strength,task_group,task,,part_2_prolog_modal_logic,part_2_task_1|part_2_task_2|part_2_task_3|part_2_task_4|part_2_task_5,part_2_task_3,,P2-T3-R1,human_broader,compatible,not_assessable,0.1405508816242218,,,assessment_2|student_6|B|obs_s6_a2_009|b_obs_024,very_low
B,assessment_2,student_6,obs_s6_a2_009,b_obs_025,The comments are clear and technically accurate.,The formula distinguishes immediate adjacency from greater vertical distance.,strength,strength,task_group,task,,part_2_prolog_modal_logic,part_2_task_1|part_2_task_2|part_2_task_3|part_2_task_4|part_2_task_5,part_2_task_3,,P2-T3-R2,human_broader,compatible,not_assessable,0.0904577523469924,,,assessment_2|student_6|B|obs_s6_a2_009|b_obs_025,very_low
B,assessment_2,student_6,obs_s6_a2_009,b_obs_026,The comments are clear and technically accurate.,"The formula explicitly allows bread immediately below filling through the 'and(bread, box(above, not(bread)))' clause.",strength,strength,task_group,task,,part_2_prolog_modal_logic,part_2_task_1|part_2_task_2|part_2_task_3|part_2_task_4|part_2_task_5,part_2_task_3,,P2-T3-R3,human_broader,compatible,not_assessable,0.0564434900879859,,,assessment_2|student_6|B|obs_s6_a2_009|b_obs_026,very_low
B,assessment_2,student_6,obs_s6_a2_009,b_obs_027,The comments are clear and technically accurate.,The formula prevents bread from occurring more than one row below filling.,strength,strength,task_group,task,,part_2_prolog_modal_logic,part_2_task_1|part_2_task_2|part_2_task_3|part_2_task_4|part_2_task_5,part_2_task_3,,P2-T3-R4,human_broader,compatible,not_assessable,0.0122964959591627,,,assessment_2|student_6|B|obs_s6_a2_009|b_obs_027,very_low
B,assessment_2,student_6,obs_s6_a2_009,b_obs_028,The comments are clear and technically accurate.,The modal operators correctly express the intended spatial constraint.,strength,strength,task_group,task,,part_2_prolog_modal_logic,part_2_task_1|part_2_task_2|part_2_task_3|part_2_task_4|part_2_task_5,part_2_task_3,,P2-T3-R5,human_broader,compatible,not_assessable,0.1245469748973846,,,assessment_2|student_6|B|obs_s6_a2_009|b_obs_028,very_low
B,assessment_2,student_6,obs_s6_a2_009,b_obs_029,The comments are clear and technically accurate.,The submitted formula is well formed according to the supplied modal logic syntax.,strength,strength,task_group,task,,part_2_prolog_modal_logic,part_2_task_1|part_2_task_2|part_2_task_3|part_2_task_4|part_2_task_5,part_2_task_3,,P2-T3-R6,human_broader,compatible,not_assessable,0.1868163645267486,,,assessment_2|student_6|B|obs_s6_a2_009|b_obs_029,very_low
B,assessment_2,student_6,obs_s6_a2_009,b_obs_030,The comments are clear and technically accurate.,The answer is provided in the required predicate answer3/1.,strength,strength,task_group,task,,part_2_prolog_modal_logic,part_2_task_1|part_2_task_2|part_2_task_3|part_2_task_4|part_2_task_5,part_2_task_3,,P2-T3-R7,human_broader,compatible,not_assessable,0.1413271874189376,,,assessment_2|student_6|B|obs_s6_a2_009|b_obs_030,very_low
B,assessment_2,student_6,obs_s6_a2_009,b_obs_031,The comments are clear and technically accurate.,The restriction is correctly conditioned on the presence of filling.,strength,strength,task_group,task,,part_2_prolog_modal_logic,part_2_task_1|part_2_task_2|part_2_task_3|part_2_task_4|part_2_task_5,part_2_task_4,,P2-T4-R1,human_broader,compatible,not_assessable,0.1125306785106659,,,assessment_2|student_6|B|obs_s6_a2_009|b_obs_031,very_low
B,assessment_2,student_6,obs_s6_a2_009,b_obs_032,The comments are clear and technically accurate.,"The formula correctly applies to all relevant states above the current filling state, as evidenced by the 'every' cell that is reachable by going down.",strength,strength,task_group,task,,part_2_prolog_modal_logic,part_2_task_1|part_2_task_2|part_2_task_3|part_2_task_4|part_2_task_5,part_2_task_4,,P2-T4-R2,human_broader,compatible,not_assessable,0.188490942120552,,,assessment_2|student_6|B|obs_s6_a2_009|b_obs_032,very_low
B,assessment_2,student_6,obs_s6_a2_009,b_obs_033,The comments are clear and technically accurate.,The formula prevents filling from occurring anywhere above another filling state.,strength,strength,task_group,task,,part_2_prolog_modal_logic,part_2_task_1|part_2_task_2|part_2_task_3|part_2_task_4|part_2_task_5,part_2_task_4,,P2-T4-R3,human_broader,compatible,not_assessable,0.1370055079460144,,,assessment_2|student_6|B|obs_s6_a2_009|b_obs_033,very_low
B,assessment_2,student_6,obs_s6_a2_009,b_obs_034,The comments are clear and technically accurate.,The modal operators correctly express the intended spatial constraint according to the submitted formula.,strength,strength,task_group,task,,part_2_prolog_modal_logic,part_2_task_1|part_2_task_2|part_2_task_3|part_2_task_4|part_2_task_5,part_2_task_4,,P2-T4-R4,human_broader,compatible,not_assessable,0.1025258153676986,,,assessment_2|student_6|B|obs_s6_a2_009|b_obs_034,very_low
B,assessment_2,student_6,obs_s6_a2_009,b_obs_035,The comments are clear and technically accurate.,The submitted formula is well formed according to the supplied modal logic syntax.,strength,strength,task_group,task,,part_2_prolog_modal_logic,part_2_task_1|part_2_task_2|part_2_task_3|part_2_task_4|part_2_task_5,part_2_task_4,,P2-T4-R5,human_broader,compatible,not_assessable,0.1868163645267486,,,assessment_2|student_6|B|obs_s6_a2_009|b_obs_035,very_low
B,assessment_2,student_6,obs_s6_a2_009,b_obs_036,The comments are clear and technically accurate.,The answer is provided in the required predicate answer4/1.,strength,strength,task_group,task,,part_2_prolog_modal_logic,part_2_task_1|part_2_task_2|part_2_task_3|part_2_task_4|part_2_task_5,part_2_task_4,,P2-T4-R6,human_broader,compatible,not_assessable,0.1457797586917877,,,assessment_2|student_6|B|obs_s6_a2_009|b_obs_036,very_low
B,assessment_2,student_6,obs_s6_a2_009,b_obs_037,The comments are clear and technically accurate.,Exactly three examples are provided.,strength,strength,task_group,task,,part_2_prolog_modal_logic,part_2_task_1|part_2_task_2|part_2_task_3|part_2_task_4|part_2_task_5,part_2_task_5,,P2-T5-R1,human_broader,compatible,not_assessable,0.2620489299297333,,,assessment_2|student_6|B|obs_s6_a2_009|b_obs_037,low_medium
B,assessment_2,student_6,obs_s6_a2_009,b_obs_038,The comments are clear and technically accurate.,Each example clearly describes a problematic sandwich configuration.,strength,strength,task_group,task,,part_2_prolog_modal_logic,part_2_task_1|part_2_task_2|part_2_task_3|part_2_task_4|part_2_task_5,part_2_task_5,,P2-T5-R2,human_broader,compatible,not_assessable,0.1973779201507568,,,assessment_2|student_6|B|obs_s6_a2_009|b_obs_038,very_low
B,assessment_2,student_6,obs_s6_a2_009,b_obs_039,The comments are clear and technically accurate.,Each described configuration is compatible with the constraints established in Tasks 1–4.,strength,strength,task_group,task,,part_2_prolog_modal_logic,part_2_task_1|part_2_task_2|part_2_task_3|part_2_task_4|part_2_task_5,part_2_task_5,,P2-T5-R3,human_broader,compatible,not_assessable,0.0900597423315048,,,assessment_2|student_6|B|obs_s6_a2_009|b_obs_039,very_low
B,assessment_2,student_6,obs_s6_a2_009,b_obs_040,The comments are clear and technically accurate.,The three examples identify meaningfully different shortcomings of the original specification.,strength,strength,task_group,task,,part_2_prolog_modal_logic,part_2_task_1|part_2_task_2|part_2_task_3|part_2_task_4|part_2_task_5,part_2_task_5,,P2-T5-R4,human_broader,compatible,not_assessable,0.2624581158161163,,,assessment_2|student_6|B|obs_s6_a2_009|b_obs_040,low_medium
B,assessment_2,student_6,obs_s6_a2_009,b_obs_041,The comments are clear and technically accurate.,Each preventive formula directly addresses the corresponding problem description.,strength,strength,task_group,task,,part_2_prolog_modal_logic,part_2_task_1|part_2_task_2|part_2_task_3|part_2_task_4|part_2_task_5,part_2_task_5,,P2-T5-R5,human_broader,compatible,not_assessable,0.1279276311397552,,,assessment_2|student_6|B|obs_s6_a2_009|b_obs_041,very_low
B,assessment_2,student_6,obs_s6_a2_009,b_obs_043,The comments are clear and technically accurate.,Each submitted formula is well formed according to the supplied modal logic syntax.,strength,strength,task_group,task,,part_2_prolog_modal_logic,part_2_task_1|part_2_task_2|part_2_task_3|part_2_task_4|part_2_task_5,part_2_task_5,,P2-T5-R7,human_broader,compatible,not_assessable,0.2120545655488968,,,assessment_2|student_6|B|obs_s6_a2_009|b_obs_043,low_medium
B,assessment_2,student_6,obs_s6_a2_009,b_obs_044,The comments are clear and technically accurate.,"The responses are provided in answer51/1, answer52/1 and answer53/1.",strength,strength,task_group,task,,part_2_prolog_modal_logic,part_2_task_1|part_2_task_2|part_2_task_3|part_2_task_4|part_2_task_5,part_2_task_5,,P2-T5-R8,human_broader,compatible,not_assessable,0.0821099728345871,,,assessment_2|student_6|B|obs_s6_a2_009|b_obs_044,very_low
B,assessment_2,student_6,obs_s6_a2_010,b_obs_001,"The comments demonstrate excellent understanding of the real-world and cultural context behind the sandwich rules, supported by specific Wikipedia references and plausible food examples.",The ontology contains at least ten relevant classes.,strength,strength,task_group,part,,part_1_ontology,part_2_task_1|part_2_task_2|part_2_task_3|part_2_task_4|part_2_task_5,,,P1-R1,unknown,compatible,not_assessable,0.1280929148197174,,,assessment_2|student_6|B|obs_s6_a2_010|b_obs_001,very_low
B,assessment_2,student_6,obs_s6_a2_010,b_obs_003,"The comments demonstrate excellent understanding of the real-world and cultural context behind the sandwich rules, supported by specific Wikipedia references and plausible food examples.",The ontology contains at least five meaningful object properties.,strength,strength,task_group,part,,part_1_ontology,part_2_task_1|part_2_task_2|part_2_task_3|part_2_task_4|part_2_task_5,,,P1-R3,unknown,compatible,not_assessable,0.1642322242259979,,,assessment_2|student_6|B|obs_s6_a2_010|b_obs_003,very_low
B,assessment_2,student_6,obs_s6_a2_010,b_obs_004,"The comments demonstrate excellent understanding of the real-world and cultural context behind the sandwich rules, supported by specific Wikipedia references and plausible food examples.","Your submitted work correctly models property characteristics where appropriate, as evidenced by the detailed ontology report section that explains the rationale for this modelling.",strength,strength,task_group,part,,part_1_ontology,part_2_task_1|part_2_task_2|part_2_task_3|part_2_task_4|part_2_task_5,,,P1-R4,unknown,compatible,not_assessable,0.1050198525190353,,,assessment_2|student_6|B|obs_s6_a2_010|b_obs_004,very_low
B,assessment_2,student_6,obs_s6_a2_010,b_obs_005,"The comments demonstrate excellent understanding of the real-world and cultural context behind the sandwich rules, supported by specific Wikipedia references and plausible food examples.",The ontology contains a logically correct Description Logic axiom.,strength,strength,task_group,part,,part_1_ontology,part_2_task_1|part_2_task_2|part_2_task_3|part_2_task_4|part_2_task_5,,,P1-R5,unknown,compatible,not_assessable,0.1290468722581863,,,assessment_2|student_6|B|obs_s6_a2_010|b_obs_005,very_low
B,assessment_2,student_6,obs_s6_a2_010,b_obs_007,"The comments demonstrate excellent understanding of the real-world and cultural context behind the sandwich rules, supported by specific Wikipedia references and plausible food examples.",The report accurately describes the submitted ontology.,strength,strength,task_group,part,,part_1_ontology,part_2_task_1|part_2_task_2|part_2_task_3|part_2_task_4|part_2_task_5,,,P1-R7,unknown,compatible,not_assessable,0.0595442354679107,,,assessment_2|student_6|B|obs_s6_a2_010|b_obs_007,very_low
B,assessment_2,student_6,obs_s6_a2_010,b_obs_008,"The comments demonstrate excellent understanding of the real-world and cultural context behind the sandwich rules, supported by specific Wikipedia references and plausible food examples.",The report clearly explains the purpose and scope of the ontology.,strength,strength,task_group,part,,part_1_ontology,part_2_task_1|part_2_task_2|part_2_task_3|part_2_task_4|part_2_task_5,,,P1-R8,unknown,compatible,not_assessable,0.1674957573413849,,,assessment_2|student_6|B|obs_s6_a2_010|b_obs_008,very_low
B,assessment_2,student_6,obs_s6_a2_010,b_obs_009,"The comments demonstrate excellent understanding of the real-world and cultural context behind the sandwich rules, supported by specific Wikipedia references and plausible food examples.",The report justifies the chosen class and property hierarchies.,strength,strength,task_group,part,,part_1_ontology,part_2_task_1|part_2_task_2|part_2_task_3|part_2_task_4|part_2_task_5,,,P1-R9,unknown,compatible,not_assessable,0.1412709653377533,,,assessment_2|student_6|B|obs_s6_a2_010|b_obs_009,very_low
B,assessment_2,student_6,obs_s6_a2_010,b_obs_012,"The comments demonstrate excellent understanding of the real-world and cultural context behind the sandwich rules, supported by specific Wikipedia references and plausible food examples.",The report does not exceed the specified word limit of 750 words.,strength,strength,task_group,part,,part_1_ontology,part_2_task_1|part_2_task_2|part_2_task_3|part_2_task_4|part_2_task_5,,,P1-R12,unknown,compatible,not_assessable,0.0928900763392448,,,assessment_2|student_6|B|obs_s6_a2_010|b_obs_012,very_low
B,assessment_2,student_6,obs_s6_a2_010,b_obs_013,"The comments demonstrate excellent understanding of the real-world and cultural context behind the sandwich rules, supported by specific Wikipedia references and plausible food examples.",The formula correctly prevents bread and filling from holding simultaneously.,strength,strength,task_group,task,,part_2_prolog_modal_logic,part_2_task_1|part_2_task_2|part_2_task_3|part_2_task_4|part_2_task_5,part_2_task_1,,P2-T1-R1,human_broader,compatible,not_assessable,0.2930628955364227,,,assessment_2|student_6|B|obs_s6_a2_010|b_obs_013,low_medium
B,assessment_2,student_6,obs_s6_a2_010,b_obs_014,"The comments demonstrate excellent understanding of the real-world and cultural context behind the sandwich rules, supported by specific Wikipedia references and plausible food examples.",The formula captures the intended meaning of mutual exclusivity.,strength,strength,task_group,task,,part_2_prolog_modal_logic,part_2_task_1|part_2_task_2|part_2_task_3|part_2_task_4|part_2_task_5,part_2_task_1,,P2-T1-R2,human_broader,compatible,not_assessable,0.1262092143297195,,,assessment_2|student_6|B|obs_s6_a2_010|b_obs_014,very_low
B,assessment_2,student_6,obs_s6_a2_010,b_obs_015,"The comments demonstrate excellent understanding of the real-world and cultural context behind the sandwich rules, supported by specific Wikipedia references and plausible food examples.",The submitted formula is well formed according to the supplied modal logic syntax.,strength,strength,task_group,task,,part_2_prolog_modal_logic,part_2_task_1|part_2_task_2|part_2_task_3|part_2_task_4|part_2_task_5,part_2_task_1,,P2-T1-R3,human_broader,compatible,not_assessable,0.0313427038490772,,,assessment_2|student_6|B|obs_s6_a2_010|b_obs_015,very_low
B,assessment_2,student_6,obs_s6_a2_010,b_obs_016,"The comments demonstrate excellent understanding of the real-world and cultural context behind the sandwich rules, supported by specific Wikipedia references and plausible food examples.",The answer is provided in the required predicate answer1/1.,strength,strength,task_group,task,,part_2_prolog_modal_logic,part_2_task_1|part_2_task_2|part_2_task_3|part_2_task_4|part_2_task_5,part_2_task_1,,P2-T1-R4,human_broader,compatible,not_assessable,0.0,,,assessment_2|student_6|B|obs_s6_a2_010|b_obs_016,very_low
B,assessment_2,student_6,obs_s6_a2_010,b_obs_018,"The comments demonstrate excellent understanding of the real-world and cultural context behind the sandwich rules, supported by specific Wikipedia references and plausible food examples.","The formula includes 'dia(above, bread)' which indicates bread above, satisfying the requirement that bread is immediately above filling.",strength,strength,task_group,task,,part_2_prolog_modal_logic,part_2_task_1|part_2_task_2|part_2_task_3|part_2_task_4|part_2_task_5,part_2_task_2,,P2-T2-R2,human_broader,compatible,not_assessable,0.2752697467803955,,,assessment_2|student_6|B|obs_s6_a2_010|b_obs_018,low_medium
B,assessment_2,student_6,obs_s6_a2_010,b_obs_019,"The comments demonstrate excellent understanding of the real-world and cultural context behind the sandwich rules, supported by specific Wikipedia references and plausible food examples.","The formula includes 'dia(above, bread)' and 'dia(below, bread)' which are related to bread placement.",strength,strength,task_group,task,,part_2_prolog_modal_logic,part_2_task_1|part_2_task_2|part_2_task_3|part_2_task_4|part_2_task_5,part_2_task_2,,P2-T2-R3,human_broader,compatible,not_assessable,0.2883815169334411,,,assessment_2|student_6|B|obs_s6_a2_010|b_obs_019,low_medium
B,assessment_2,student_6,obs_s6_a2_010,b_obs_020,"The comments demonstrate excellent understanding of the real-world and cultural context behind the sandwich rules, supported by specific Wikipedia references and plausible food examples.",The formula expresses immediate adjacency rather than arbitrary vertical distance.,strength,strength,task_group,task,,part_2_prolog_modal_logic,part_2_task_1|part_2_task_2|part_2_task_3|part_2_task_4|part_2_task_5,part_2_task_2,,P2-T2-R4,human_broader,compatible,not_assessable,0.0697757229208946,,,assessment_2|student_6|B|obs_s6_a2_010|b_obs_020,very_low
B,assessment_2,student_6,obs_s6_a2_010,b_obs_021,"The comments demonstrate excellent understanding of the real-world and cultural context behind the sandwich rules, supported by specific Wikipedia references and plausible food examples.",The modal operators in your formula are used consistently with the supplied framework. No further action is required.,strength,strength,task_group,task,,part_2_prolog_modal_logic,part_2_task_1|part_2_task_2|part_2_task_3|part_2_task_4|part_2_task_5,part_2_task_2,,P2-T2-R5,human_broader,compatible,not_assessable,0.031149286776781,,,assessment_2|student_6|B|obs_s6_a2_010|b_obs_021,very_low
B,assessment_2,student_6,obs_s6_a2_010,b_obs_022,"The comments demonstrate excellent understanding of the real-world and cultural context behind the sandwich rules, supported by specific Wikipedia references and plausible food examples.",The submitted formula is well formed according to the supplied modal logic syntax.,strength,strength,task_group,task,,part_2_prolog_modal_logic,part_2_task_1|part_2_task_2|part_2_task_3|part_2_task_4|part_2_task_5,part_2_task_2,,P2-T2-R6,human_broader,compatible,not_assessable,0.0313427038490772,,,assessment_2|student_6|B|obs_s6_a2_010|b_obs_022,very_low
B,assessment_2,student_6,obs_s6_a2_010,b_obs_023,"The comments demonstrate excellent understanding of the real-world and cultural context behind the sandwich rules, supported by specific Wikipedia references and plausible food examples.",The answer is provided in the required predicate answer2/1.,strength,strength,task_group,task,,part_2_prolog_modal_logic,part_2_task_1|part_2_task_2|part_2_task_3|part_2_task_4|part_2_task_5,part_2_task_2,,P2-T2-R7,human_broader,compatible,not_assessable,0.0,,,assessment_2|student_6|B|obs_s6_a2_010|b_obs_023,very_low
B,assessment_2,student_6,obs_s6_a2_010,b_obs_024,"The comments demonstrate excellent understanding of the real-world and cultural context behind the sandwich rules, supported by specific Wikipedia references and plausible food examples.",The distance restriction is correctly conditioned on the presence of filling.,strength,strength,task_group,task,,part_2_prolog_modal_logic,part_2_task_1|part_2_task_2|part_2_task_3|part_2_task_4|part_2_task_5,part_2_task_3,,P2-T3-R1,human_broader,compatible,not_assessable,0.1573544293642044,,,assessment_2|student_6|B|obs_s6_a2_010|b_obs_024,very_low
B,assessment_2,student_6,obs_s6_a2_010,b_obs_025,"The comments demonstrate excellent understanding of the real-world and cultural context behind the sandwich rules, supported by specific Wikipedia references and plausible food examples.",The formula distinguishes immediate adjacency from greater vertical distance.,strength,strength,task_group,task,,part_2_prolog_modal_logic,part_2_task_1|part_2_task_2|part_2_task_3|part_2_task_4|part_2_task_5,part_2_task_3,,P2-T3-R2,human_broader,compatible,not_assessable,0.048839047551155,,,assessment_2|student_6|B|obs_s6_a2_010|b_obs_025,very_low
B,assessment_2,student_6,obs_s6_a2_010,b_obs_026,"The comments demonstrate excellent understanding of the real-world and cultural context behind the sandwich rules, supported by specific Wikipedia references and plausible food examples.","The formula explicitly allows bread immediately below filling through the 'and(bread, box(above, not(bread)))' clause.",strength,strength,task_group,task,,part_2_prolog_modal_logic,part_2_task_1|part_2_task_2|part_2_task_3|part_2_task_4|part_2_task_5,part_2_task_3,,P2-T3-R3,human_broader,compatible,not_assessable,0.3080467581748962,,,assessment_2|student_6|B|obs_s6_a2_010|b_obs_026,low_medium
B,assessment_2,student_6,obs_s6_a2_010,b_obs_027,"The comments demonstrate excellent understanding of the real-world and cultural context behind the sandwich rules, supported by specific Wikipedia references and plausible food examples.",The formula prevents bread from occurring more than one row below filling.,strength,strength,task_group,task,,part_2_prolog_modal_logic,part_2_task_1|part_2_task_2|part_2_task_3|part_2_task_4|part_2_task_5,part_2_task_3,,P2-T3-R4,human_broader,compatible,not_assessable,0.2562842965126037,,,assessment_2|student_6|B|obs_s6_a2_010|b_obs_027,low_medium
B,assessment_2,student_6,obs_s6_a2_010,b_obs_028,"The comments demonstrate excellent understanding of the real-world and cultural context behind the sandwich rules, supported by specific Wikipedia references and plausible food examples.",The modal operators correctly express the intended spatial constraint.,strength,strength,task_group,task,,part_2_prolog_modal_logic,part_2_task_1|part_2_task_2|part_2_task_3|part_2_task_4|part_2_task_5,part_2_task_3,,P2-T3-R5,human_broader,compatible,not_assessable,0.0420549735426902,,,assessment_2|student_6|B|obs_s6_a2_010|b_obs_028,very_low
B,assessment_2,student_6,obs_s6_a2_010,b_obs_029,"The comments demonstrate excellent understanding of the real-world and cultural context behind the sandwich rules, supported by specific Wikipedia references and plausible food examples.",The submitted formula is well formed according to the supplied modal logic syntax.,strength,strength,task_group,task,,part_2_prolog_modal_logic,part_2_task_1|part_2_task_2|part_2_task_3|part_2_task_4|part_2_task_5,part_2_task_3,,P2-T3-R6,human_broader,compatible,not_assessable,0.0313427038490772,,,assessment_2|student_6|B|obs_s6_a2_010|b_obs_029,very_low
B,assessment_2,student_6,obs_s6_a2_010,b_obs_030,"The comments demonstrate excellent understanding of the real-world and cultural context behind the sandwich rules, supported by specific Wikipedia references and plausible food examples.",The answer is provided in the required predicate answer3/1.,strength,strength,task_group,task,,part_2_prolog_modal_logic,part_2_task_1|part_2_task_2|part_2_task_3|part_2_task_4|part_2_task_5,part_2_task_3,,P2-T3-R7,human_broader,compatible,not_assessable,0.0,,,assessment_2|student_6|B|obs_s6_a2_010|b_obs_030,very_low
B,assessment_2,student_6,obs_s6_a2_010,b_obs_031,"The comments demonstrate excellent understanding of the real-world and cultural context behind the sandwich rules, supported by specific Wikipedia references and plausible food examples.",The restriction is correctly conditioned on the presence of filling.,strength,strength,task_group,task,,part_2_prolog_modal_logic,part_2_task_1|part_2_task_2|part_2_task_3|part_2_task_4|part_2_task_5,part_2_task_4,,P2-T4-R1,human_broader,compatible,not_assessable,0.15730582177639,,,assessment_2|student_6|B|obs_s6_a2_010|b_obs_031,very_low
B,assessment_2,student_6,obs_s6_a2_010,b_obs_032,"The comments demonstrate excellent understanding of the real-world and cultural context behind the sandwich rules, supported by specific Wikipedia references and plausible food examples.","The formula correctly applies to all relevant states above the current filling state, as evidenced by the 'every' cell that is reachable by going down.",strength,strength,task_group,task,,part_2_prolog_modal_logic,part_2_task_1|part_2_task_2|part_2_task_3|part_2_task_4|part_2_task_5,part_2_task_4,,P2-T4-R2,human_broader,compatible,not_assessable,0.042703416198492,,,assessment_2|student_6|B|obs_s6_a2_010|b_obs_032,very_low
B,assessment_2,student_6,obs_s6_a2_010,b_obs_033,"The comments demonstrate excellent understanding of the real-world and cultural context behind the sandwich rules, supported by specific Wikipedia references and plausible food examples.",The formula prevents filling from occurring anywhere above another filling state.,strength,strength,task_group,task,,part_2_prolog_modal_logic,part_2_task_1|part_2_task_2|part_2_task_3|part_2_task_4|part_2_task_5,part_2_task_4,,P2-T4-R3,human_broader,compatible,not_assessable,0.0947308987379074,,,assessment_2|student_6|B|obs_s6_a2_010|b_obs_033,very_low
B,assessment_2,student_6,obs_s6_a2_010,b_obs_034,"The comments demonstrate excellent understanding of the real-world and cultural context behind the sandwich rules, supported by specific Wikipedia references and plausible food examples.",The modal operators correctly express the intended spatial constraint according to the submitted formula.,strength,strength,task_group,task,,part_2_prolog_modal_logic,part_2_task_1|part_2_task_2|part_2_task_3|part_2_task_4|part_2_task_5,part_2_task_4,,P2-T4-R4,human_broader,compatible,not_assessable,0.0323466882109642,,,assessment_2|student_6|B|obs_s6_a2_010|b_obs_034,very_low
B,assessment_2,student_6,obs_s6_a2_010,b_obs_035,"The comments demonstrate excellent understanding of the real-world and cultural context behind the sandwich rules, supported by specific Wikipedia references and plausible food examples.",The submitted formula is well formed according to the supplied modal logic syntax.,strength,strength,task_group,task,,part_2_prolog_modal_logic,part_2_task_1|part_2_task_2|part_2_task_3|part_2_task_4|part_2_task_5,part_2_task_4,,P2-T4-R5,human_broader,compatible,not_assessable,0.0313427038490772,,,assessment_2|student_6|B|obs_s6_a2_010|b_obs_035,very_low
B,assessment_2,student_6,obs_s6_a2_010,b_obs_036,"The comments demonstrate excellent understanding of the real-world and cultural context behind the sandwich rules, supported by specific Wikipedia references and plausible food examples.",The answer is provided in the required predicate answer4/1.,strength,strength,task_group,task,,part_2_prolog_modal_logic,part_2_task_1|part_2_task_2|part_2_task_3|part_2_task_4|part_2_task_5,part_2_task_4,,P2-T4-R6,human_broader,compatible,not_assessable,0.0,,,assessment_2|student_6|B|obs_s6_a2_010|b_obs_036,very_low
B,assessment_2,student_6,obs_s6_a2_010,b_obs_037,"The comments demonstrate excellent understanding of the real-world and cultural context behind the sandwich rules, supported by specific Wikipedia references and plausible food examples.",Exactly three examples are provided.,strength,strength,task_group,task,,part_2_prolog_modal_logic,part_2_task_1|part_2_task_2|part_2_task_3|part_2_task_4|part_2_task_5,part_2_task_5,,P2-T5-R1,human_broader,compatible,not_assessable,0.1984279900789261,,,assessment_2|student_6|B|obs_s6_a2_010|b_obs_037,very_low
B,assessment_2,student_6,obs_s6_a2_010,b_obs_038,"The comments demonstrate excellent understanding of the real-world and cultural context behind the sandwich rules, supported by specific Wikipedia references and plausible food examples.",Each example clearly describes a problematic sandwich configuration.,strength,strength,task_group,task,,part_2_prolog_modal_logic,part_2_task_1|part_2_task_2|part_2_task_3|part_2_task_4|part_2_task_5,part_2_task_5,,P2-T5-R2,human_broader,compatible,not_assessable,0.5316376090049744,,,assessment_2|student_6|B|obs_s6_a2_010|b_obs_038,boundary_high
B,assessment_2,student_6,obs_s6_a2_010,b_obs_039,"The comments demonstrate excellent understanding of the real-world and cultural context behind the sandwich rules, supported by specific Wikipedia references and plausible food examples.",Each described configuration is compatible with the constraints established in Tasks 1–4.,strength,strength,task_group,task,,part_2_prolog_modal_logic,part_2_task_1|part_2_task_2|part_2_task_3|part_2_task_4|part_2_task_5,part_2_task_5,,P2-T5-R3,human_broader,compatible,not_assessable,0.1114552468061447,,,assessment_2|student_6|B|obs_s6_a2_010|b_obs_039,very_low
B,assessment_2,student_6,obs_s6_a2_010,b_obs_040,"The comments demonstrate excellent understanding of the real-world and cultural context behind the sandwich rules, supported by specific Wikipedia references and plausible food examples.",The three examples identify meaningfully different shortcomings of the original specification.,strength,strength,task_group,task,,part_2_prolog_modal_logic,part_2_task_1|part_2_task_2|part_2_task_3|part_2_task_4|part_2_task_5,part_2_task_5,,P2-T5-R4,human_broader,compatible,not_assessable,0.1928444802761078,,,assessment_2|student_6|B|obs_s6_a2_010|b_obs_040,very_low
B,assessment_2,student_6,obs_s6_a2_010,b_obs_041,"The comments demonstrate excellent understanding of the real-world and cultural context behind the sandwich rules, supported by specific Wikipedia references and plausible food examples.",Each preventive formula directly addresses the corresponding problem description.,strength,strength,task_group,task,,part_2_prolog_modal_logic,part_2_task_1|part_2_task_2|part_2_task_3|part_2_task_4|part_2_task_5,part_2_task_5,,P2-T5-R5,human_broader,compatible,not_assessable,0.1433839648962021,,,assessment_2|student_6|B|obs_s6_a2_010|b_obs_041,very_low
B,assessment_2,student_6,obs_s6_a2_010,b_obs_043,"The comments demonstrate excellent understanding of the real-world and cultural context behind the sandwich rules, supported by specific Wikipedia references and plausible food examples.",Each submitted formula is well formed according to the supplied modal logic syntax.,strength,strength,task_group,task,,part_2_prolog_modal_logic,part_2_task_1|part_2_task_2|part_2_task_3|part_2_task_4|part_2_task_5,part_2_task_5,,P2-T5-R7,human_broader,compatible,not_assessable,0.0141106396913528,,,assessment_2|student_6|B|obs_s6_a2_010|b_obs_043,very_low
B,assessment_2,student_6,obs_s6_a2_010,b_obs_044,"The comments demonstrate excellent understanding of the real-world and cultural context behind the sandwich rules, supported by specific Wikipedia references and plausible food examples.","The responses are provided in answer51/1, answer52/1 and answer53/1.",strength,strength,task_group,task,,part_2_prolog_modal_logic,part_2_task_1|part_2_task_2|part_2_task_3|part_2_task_4|part_2_task_5,part_2_task_5,,P2-T5-R8,human_broader,compatible,not_assessable,0.101785235106945,,,assessment_2|student_6|B|obs_s6_a2_010|b_obs_044,very_low
C,assessment_2,student_6,obs_s6_a2_001,obs_002,The ontology uses a thoughtful top-down design with a well-articulated hierarchy.,Your subclass relationship between 'ToastedBread' and 'Bread' is correctly modeled. This demonstrates a logically justified class hierarchy as required.,strength,strength,part,task,part_1_ontology,part_1_ontology,,part_1_ontology,P1-R2|P1-R9,P1-R2,human_broader,compatible,overlap,0.2540493607521057,,,assessment_2|student_6|C|obs_s6_a2_001|obs_002,low_medium
C,assessment_2,student_6,obs_s6_a2_002,obs_003,"The ontology contains a six-property hierarchy, including inverse functional and symmetric property declarations that are applied appropriately.","Your ontology includes six object properties, which meets the requirement of having at least five meaningful object and/or data properties.",strength,strength,part,task,part_1_ontology,part_1_ontology,,part_1_ontology,P1-R3|P1-R4,P1-R3,human_broader,compatible,overlap,0.726772665977478,,,assessment_2|student_6|C|obs_s6_a2_002|obs_003,high
C,assessment_2,student_6,obs_s6_a2_002,obs_004,"The ontology contains a six-property hierarchy, including inverse functional and symmetric property declarations that are applied appropriately.","The student has correctly modelled six object properties in the OWL ontology, each with appropriate labels and structured data. The properties are relevant to the sandwich domain and correctly represent property domains, ranges, hierarchies, and characteristics.",strength,strength,part,task,part_1_ontology,part_1_ontology,,part_1_ontology,P1-R3|P1-R4,P1-R4,human_broader,compatible,overlap,0.6965295076370239,,,assessment_2|student_6|C|obs_s6_a2_002|obs_004,high
C,assessment_2,student_6,obs_s6_a2_003,obs_005,"The axiom defining the open, toasted and double-decker variants uses number restrictions and is traceable to cited source text.","Your submission includes two axioms that use number restrictions. These axioms correctly model the domain by defining relationships between the Sandwich and its components. However, the axioms use 'object_some_values_from' which is a form of number restriction, but it may be more appropriate to use 'some_values_from' for this purpose.",strength,strength,part,task,part_1_ontology,part_1_ontology,,part_1_ontology,P1-R5|P1-R10,P1-R5,human_broader,compatible,overlap,0.5557089447975159,,,assessment_2|student_6|C|obs_s6_a2_003|obs_005,boundary_high
C,assessment_2,student_6,obs_s6_a2_004,obs_007,The report narrative is concise while remaining comprehensive.,"The report accurately describes the submitted ontology, including the classes and axioms related to the sandwich domain. The report includes a section on 'Sandwich: object_some_values_from on hasBreadSlice' and 'Sandwich: object_some_values_from on hasIngredient', which are part of the ontology's structure. The report also includes a section on 'ToastedBread subclass of Bread', which is an axiom in the ontology.",strength,strength,part,task,part_1_ontology,part_1_ontology,,part_1_ontology,P1-R7|P1-R8,P1-R7,human_broader,compatible,overlap,0.291580468416214,,,assessment_2|student_6|C|obs_s6_a2_004|obs_007,low_medium
C,assessment_2,student_6,obs_s6_a2_004,obs_008,The report narrative is concise while remaining comprehensive.,"The report clearly explains the purpose and scope of the ontology, including the rationale behind class and property choices and the strengths and limitations of the ontology design.",strength,strength,part,task,part_1_ontology,part_1_ontology,,part_1_ontology,P1-R7|P1-R8,P1-R8,human_broader,compatible,overlap,0.3098112940788269,,,assessment_2|student_6|C|obs_s6_a2_004|obs_008,low_medium
C,assessment_2,student_6,obs_s6_a2_005,obs_011,The critical reflection could be strengthened by briefly discussing scalability trade-offs.,"The report includes a section that discusses the rationale behind class and property choices, but it is incomplete and lacks a clear critical discussion of the ontology's strengths and limitations. The content is cut off mid-sentence, which may affect the assessment of the requirement.",suggestion,suggestion,part,task,part_1_ontology,part_1_ontology,,part_1_ontology,P1-R11,P1-R11,human_broader,compatible,exact,0.3584186136722564,,,assessment_2|student_6|C|obs_s6_a2_005|obs_011,boundary_low
C,assessment_2,student_6,obs_s6_a2_006,obs_011,The critical discussion could also evaluate whether Wikipedia is a reliable source for ontology development.,"The report includes a section that discusses the rationale behind class and property choices, but it is incomplete and lacks a clear critical discussion of the ontology's strengths and limitations. The content is cut off mid-sentence, which may affect the assessment of the requirement.",suggestion,suggestion,part,task,part_1_ontology,part_1_ontology,,part_1_ontology,P1-R11,P1-R11,human_broader,compatible,exact,0.4358117878437042,,,assessment_2|student_6|C|obs_s6_a2_006|obs_011,boundary_low
C,assessment_2,student_6,obs_s6_a2_009,obs_013,The comments are clear and technically accurate.,"Your formula correctly prevents bread and filling from occupying the same grid state. The formula uses logical implications to enforce mutual exclusivity, which meets the requirement.",strength,strength,task_group,task,,part_2_prolog_modal_logic,part_2_task_1|part_2_task_2|part_2_task_3|part_2_task_4|part_2_task_5,part_2_task_1,,P2-T1-R1,human_broader,compatible,not_assessable,0.0679614469408989,,,assessment_2|student_6|C|obs_s6_a2_009|obs_013,very_low
C,assessment_2,student_6,obs_s6_a2_009,obs_014,The comments are clear and technically accurate.,"Your formula correctly expresses that bread and filling cannot occupy the same grid state. The formula ensures mutual exclusivity by requiring that if one is present, the other is not.",strength,strength,task_group,task,,part_2_prolog_modal_logic,part_2_task_1|part_2_task_2|part_2_task_3|part_2_task_4|part_2_task_5,part_2_task_1,,P2-T1-R2,human_broader,compatible,not_assessable,0.0795026868581771,,,assessment_2|student_6|C|obs_s6_a2_009|obs_014,very_low
C,assessment_2,student_6,obs_s6_a2_009,obs_015,The comments are clear and technically accurate.,Your formula is well-formed and correctly expresses the mutual exclusivity between bread and filling. The formula uses logical implications to ensure that bread and filling cannot coexist in the same grid state.,strength,strength,task_group,task,,part_2_prolog_modal_logic,part_2_task_1|part_2_task_2|part_2_task_3|part_2_task_4|part_2_task_5,part_2_task_1,,P2-T1-R3,human_broader,compatible,not_assessable,0.0731416642665863,,,assessment_2|student_6|C|obs_s6_a2_009|obs_015,very_low
C,assessment_2,student_6,obs_s6_a2_009,obs_016,The comments are clear and technically accurate.,Your answer is correctly provided in the required predicate answer1/1. The formula correctly expresses that bread and filling cannot occupy the same grid state. The formula uses logical implications to enforce mutual exclusivity.,strength,strength,task_group,task,,part_2_prolog_modal_logic,part_2_task_1|part_2_task_2|part_2_task_3|part_2_task_4|part_2_task_5,part_2_task_1,,P2-T1-R4,human_broader,compatible,not_assessable,0.0846787691116333,,,assessment_2|student_6|C|obs_s6_a2_009|obs_016,very_low
C,assessment_2,student_6,obs_s6_a2_009,obs_024,The comments are clear and technically accurate.,"The formula correctly conditions the distance restriction on the presence of filling. The logic ensures that bread does not appear in any cell that is more than one row below a cell containing filling, as required.",strength,strength,task_group,task,,part_2_prolog_modal_logic,part_2_task_1|part_2_task_2|part_2_task_3|part_2_task_4|part_2_task_5,part_2_task_3,,P2-T3-R1,human_broader,compatible,not_assessable,0.0832918733358383,,,assessment_2|student_6|C|obs_s6_a2_009|obs_024,very_low
C,assessment_2,student_6,obs_s6_a2_009,obs_025,The comments are clear and technically accurate.,Your formula correctly distinguishes immediate adjacency from greater vertical distance. The use of 'dia' and 'box' operators effectively enforces the constraint that bread may not occur more than one row below a filling state.,strength,strength,task_group,task,,part_2_prolog_modal_logic,part_2_task_1|part_2_task_2|part_2_task_3|part_2_task_4|part_2_task_5,part_2_task_3,,P2-T3-R2,human_broader,compatible,not_assessable,0.0,,,assessment_2|student_6|C|obs_s6_a2_009|obs_025,very_low
C,assessment_2,student_6,obs_s6_a2_009,obs_026,The comments are clear and technically accurate.,Your formula correctly ensures that bread does not appear in any cell that is more than one row below a cell containing filling. The use of the 'dia' operator and the 'box' operator effectively enforces the distance constraint as required.,strength,strength,task_group,task,,part_2_prolog_modal_logic,part_2_task_1|part_2_task_2|part_2_task_3|part_2_task_4|part_2_task_5,part_2_task_3,,P2-T3-R3,human_broader,compatible,not_assessable,0.0012293148320168,,,assessment_2|student_6|C|obs_s6_a2_009|obs_026,very_low
C,assessment_2,student_6,obs_s6_a2_009,obs_027,The comments are clear and technically accurate.,Your formula correctly prevents bread from occurring more than one row below a filling state. The use of 'dia' and 'box' operators effectively enforces the distance constraint.,strength,strength,task_group,task,,part_2_prolog_modal_logic,part_2_task_1|part_2_task_2|part_2_task_3|part_2_task_4|part_2_task_5,part_2_task_3,,P2-T3-R4,human_broader,compatible,not_assessable,0.0,,,assessment_2|student_6|C|obs_s6_a2_009|obs_027,very_low
C,assessment_2,student_6,obs_s6_a2_009,obs_028,The comments are clear and technically accurate.,"The modal logic formula correctly expresses the intended spatial constraint. The formula ensures that bread does not appear in any cell that is more than one row below a cell containing filling, as required.",strength,strength,task_group,task,,part_2_prolog_modal_logic,part_2_task_1|part_2_task_2|part_2_task_3|part_2_task_4|part_2_task_5,part_2_task_3,,P2-T3-R5,human_broader,compatible,not_assessable,0.075811430811882,,,assessment_2|student_6|C|obs_s6_a2_009|obs_028,very_low
C,assessment_2,student_6,obs_s6_a2_009,obs_029,The comments are clear and technically accurate.,The formula is well-formed and correctly structured according to the modal logic syntax. No syntax errors were identified.,strength,strength,task_group,task,,part_2_prolog_modal_logic,part_2_task_1|part_2_task_2|part_2_task_3|part_2_task_4|part_2_task_5,part_2_task_3,,P2-T3-R6,human_broader,compatible,not_assessable,0.2628696858882904,,,assessment_2|student_6|C|obs_s6_a2_009|obs_029,low_medium
C,assessment_2,student_6,obs_s6_a2_009,obs_030,The comments are clear and technically accurate.,"The formula correctly expresses the requirement that bread must not occur more than one row below a state containing filling. The use of 'dia' and 'box' operators aligns with the modal logic framework, and the condition on 'filling' ensures the restriction is conditional on the presence of filling.",strength,strength,task_group,task,,part_2_prolog_modal_logic,part_2_task_1|part_2_task_2|part_2_task_3|part_2_task_4|part_2_task_5,part_2_task_3,,P2-T3-R7,human_broader,compatible,not_assessable,0.0582247301936149,,,assessment_2|student_6|C|obs_s6_a2_009|obs_030,very_low
C,assessment_2,student_6,obs_s6_a2_009,obs_031,The comments are clear and technically accurate.,"Your formula correctly conditions on the presence of filling using the 'implies' operator. The use of the 'box' operator ensures that no state above a filling state may also contain filling, which meets the requirement.",strength,strength,task_group,task,,part_2_prolog_modal_logic,part_2_task_1|part_2_task_2|part_2_task_3|part_2_task_4|part_2_task_5,part_2_task_4,,P2-T4-R1,human_broader,compatible,not_assessable,0.1383225172758102,,,assessment_2|student_6|C|obs_s6_a2_009|obs_031,very_low
C,assessment_2,student_6,obs_s6_a2_009,obs_032,The comments are clear and technically accurate.,Your formula correctly enforces the global vertical constraint by ensuring that no state above a filling state may also contain filling. The use of the box operator aligns with the requirement.,strength,strength,task_group,task,,part_2_prolog_modal_logic,part_2_task_1|part_2_task_2|part_2_task_3|part_2_task_4|part_2_task_5,part_2_task_4,,P2-T4-R2,human_broader,compatible,not_assessable,0.0,,,assessment_2|student_6|C|obs_s6_a2_009|obs_032,very_low
C,assessment_2,student_6,obs_s6_a2_009,obs_033,The comments are clear and technically accurate.,"Your formula correctly captures the requirement that if a state contains filling, then no state anywhere above it may also contain filling. The use of the box operator to enforce the constraint is appropriate.",strength,strength,task_group,task,,part_2_prolog_modal_logic,part_2_task_1|part_2_task_2|part_2_task_3|part_2_task_4|part_2_task_5,part_2_task_4,,P2-T4-R3,human_broader,compatible,not_assessable,0.0782737135887146,,,assessment_2|student_6|C|obs_s6_a2_009|obs_033,very_low
C,assessment_2,student_6,obs_s6_a2_009,obs_034,The comments are clear and technically accurate.,"Your modal logic formula correctly expresses the intended spatial constraint. The use of the box operator ensures that if a state contains filling, no state anywhere above it may also contain filling. The formula is logically sound and aligns with the task's requirements.",strength,strength,task_group,task,,part_2_prolog_modal_logic,part_2_task_1|part_2_task_2|part_2_task_3|part_2_task_4|part_2_task_5,part_2_task_4,,P2-T4-R4,human_broader,compatible,not_assessable,0.0790973156690597,,,assessment_2|student_6|C|obs_s6_a2_009|obs_034,very_low
C,assessment_2,student_6,obs_s6_a2_009,obs_036,The comments are clear and technically accurate.,"The formula correctly expresses the requirement that if a state contains filling, then no state anywhere above it may also contain filling. The use of 'box' and 'implies' operators aligns with the modal logic framework.",strength,strength,task_group,task,,part_2_prolog_modal_logic,part_2_task_1|part_2_task_2|part_2_task_3|part_2_task_4|part_2_task_5,part_2_task_4,,P2-T4-R6,human_broader,compatible,not_assessable,0.1973267197608947,,,assessment_2|student_6|C|obs_s6_a2_009|obs_036,very_low
C,assessment_2,student_6,obs_s6_a2_009,obs_037,The comments are clear and technically accurate.,"Your submission includes three examples for Task 5, each with a formula that is intended to prevent a problematic sandwich configuration. The examples are correctly labeled and associated with the required units and artifact. Ensure that each example clearly describes a distinct problematic configuration and that the formula directly addresses the described problem.",strength,strength,task_group,task,,part_2_prolog_modal_logic,part_2_task_1|part_2_task_2|part_2_task_3|part_2_task_4|part_2_task_5,part_2_task_5,,P2-T5-R1,human_broader,compatible,not_assessable,0.1360850930213928,,,assessment_2|student_6|C|obs_s6_a2_009|obs_037,very_low
C,assessment_2,student_6,obs_s6_a2_009,obs_043,The comments are clear and technically accurate.,Your formulas are well-formed according to the modal logic syntax. They correctly use logical operators and structure. Ensure that each formula directly addresses the described problem in the context of the sandwich constraints.,strength,strength,task_group,task,,part_2_prolog_modal_logic,part_2_task_1|part_2_task_2|part_2_task_3|part_2_task_4|part_2_task_5,part_2_task_5,,P2-T5-R7,human_broader,compatible,not_assessable,0.0925097167491912,,,assessment_2|student_6|C|obs_s6_a2_009|obs_043,very_low
C,assessment_2,student_6,obs_s6_a2_009,obs_044,The comments are clear and technically accurate.,"Your responses are correctly provided in the required answer locations (answer51/1, answer52/1, answer53/1). The formulas are included in the specified artifact and unit IDs, which align with the requirement.",strength,strength,task_group,task,,part_2_prolog_modal_logic,part_2_task_1|part_2_task_2|part_2_task_3|part_2_task_4|part_2_task_5,part_2_task_5,,P2-T5-R8,human_broader,compatible,not_assessable,0.1340272277593612,,,assessment_2|student_6|C|obs_s6_a2_009|obs_044,very_low
C,assessment_2,student_6,obs_s6_a2_010,obs_013,"The comments demonstrate excellent understanding of the real-world and cultural context behind the sandwich rules, supported by specific Wikipedia references and plausible food examples.","Your formula correctly prevents bread and filling from occupying the same grid state. The formula uses logical implications to enforce mutual exclusivity, which meets the requirement.",strength,strength,task_group,task,,part_2_prolog_modal_logic,part_2_task_1|part_2_task_2|part_2_task_3|part_2_task_4|part_2_task_5,part_2_task_1,,P2-T1-R1,human_broader,compatible,not_assessable,0.1962507665157318,,,assessment_2|student_6|C|obs_s6_a2_010|obs_013,very_low
C,assessment_2,student_6,obs_s6_a2_010,obs_014,"The comments demonstrate excellent understanding of the real-world and cultural context behind the sandwich rules, supported by specific Wikipedia references and plausible food examples.","Your formula correctly expresses that bread and filling cannot occupy the same grid state. The formula ensures mutual exclusivity by requiring that if one is present, the other is not.",strength,strength,task_group,task,,part_2_prolog_modal_logic,part_2_task_1|part_2_task_2|part_2_task_3|part_2_task_4|part_2_task_5,part_2_task_1,,P2-T1-R2,human_broader,compatible,not_assessable,0.2022513449192047,,,assessment_2|student_6|C|obs_s6_a2_010|obs_014,low_medium
C,assessment_2,student_6,obs_s6_a2_010,obs_015,"The comments demonstrate excellent understanding of the real-world and cultural context behind the sandwich rules, supported by specific Wikipedia references and plausible food examples.",Your formula is well-formed and correctly expresses the mutual exclusivity between bread and filling. The formula uses logical implications to ensure that bread and filling cannot coexist in the same grid state.,strength,strength,task_group,task,,part_2_prolog_modal_logic,part_2_task_1|part_2_task_2|part_2_task_3|part_2_task_4|part_2_task_5,part_2_task_1,,P2-T1-R3,human_broader,compatible,not_assessable,0.2301732897758484,,,assessment_2|student_6|C|obs_s6_a2_010|obs_015,low_medium
C,assessment_2,student_6,obs_s6_a2_010,obs_016,"The comments demonstrate excellent understanding of the real-world and cultural context behind the sandwich rules, supported by specific Wikipedia references and plausible food examples.",Your answer is correctly provided in the required predicate answer1/1. The formula correctly expresses that bread and filling cannot occupy the same grid state. The formula uses logical implications to enforce mutual exclusivity.,strength,strength,task_group,task,,part_2_prolog_modal_logic,part_2_task_1|part_2_task_2|part_2_task_3|part_2_task_4|part_2_task_5,part_2_task_1,,P2-T1-R4,human_broader,compatible,not_assessable,0.2303394973278045,,,assessment_2|student_6|C|obs_s6_a2_010|obs_016,low_medium
C,assessment_2,student_6,obs_s6_a2_010,obs_024,"The comments demonstrate excellent understanding of the real-world and cultural context behind the sandwich rules, supported by specific Wikipedia references and plausible food examples.","The formula correctly conditions the distance restriction on the presence of filling. The logic ensures that bread does not appear in any cell that is more than one row below a cell containing filling, as required.",strength,strength,task_group,task,,part_2_prolog_modal_logic,part_2_task_1|part_2_task_2|part_2_task_3|part_2_task_4|part_2_task_5,part_2_task_3,,P2-T3-R1,human_broader,compatible,not_assessable,0.2945630550384521,,,assessment_2|student_6|C|obs_s6_a2_010|obs_024,low_medium
C,assessment_2,student_6,obs_s6_a2_010,obs_025,"The comments demonstrate excellent understanding of the real-world and cultural context behind the sandwich rules, supported by specific Wikipedia references and plausible food examples.",Your formula correctly distinguishes immediate adjacency from greater vertical distance. The use of 'dia' and 'box' operators effectively enforces the constraint that bread may not occur more than one row below a filling state.,strength,strength,task_group,task,,part_2_prolog_modal_logic,part_2_task_1|part_2_task_2|part_2_task_3|part_2_task_4|part_2_task_5,part_2_task_3,,P2-T3-R2,human_broader,compatible,not_assessable,0.1700916886329651,,,assessment_2|student_6|C|obs_s6_a2_010|obs_025,very_low
C,assessment_2,student_6,obs_s6_a2_010,obs_026,"The comments demonstrate excellent understanding of the real-world and cultural context behind the sandwich rules, supported by specific Wikipedia references and plausible food examples.",Your formula correctly ensures that bread does not appear in any cell that is more than one row below a cell containing filling. The use of the 'dia' operator and the 'box' operator effectively enforces the distance constraint as required.,strength,strength,task_group,task,,part_2_prolog_modal_logic,part_2_task_1|part_2_task_2|part_2_task_3|part_2_task_4|part_2_task_5,part_2_task_3,,P2-T3-R3,human_broader,compatible,not_assessable,0.2368213236331939,,,assessment_2|student_6|C|obs_s6_a2_010|obs_026,low_medium
C,assessment_2,student_6,obs_s6_a2_010,obs_027,"The comments demonstrate excellent understanding of the real-world and cultural context behind the sandwich rules, supported by specific Wikipedia references and plausible food examples.",Your formula correctly prevents bread from occurring more than one row below a filling state. The use of 'dia' and 'box' operators effectively enforces the distance constraint.,strength,strength,task_group,task,,part_2_prolog_modal_logic,part_2_task_1|part_2_task_2|part_2_task_3|part_2_task_4|part_2_task_5,part_2_task_3,,P2-T3-R4,human_broader,compatible,not_assessable,0.2268077731132507,,,assessment_2|student_6|C|obs_s6_a2_010|obs_027,low_medium
C,assessment_2,student_6,obs_s6_a2_010,obs_028,"The comments demonstrate excellent understanding of the real-world and cultural context behind the sandwich rules, supported by specific Wikipedia references and plausible food examples.","The modal logic formula correctly expresses the intended spatial constraint. The formula ensures that bread does not appear in any cell that is more than one row below a cell containing filling, as required.",strength,strength,task_group,task,,part_2_prolog_modal_logic,part_2_task_1|part_2_task_2|part_2_task_3|part_2_task_4|part_2_task_5,part_2_task_3,,P2-T3-R5,human_broader,compatible,not_assessable,0.2877463698387146,,,assessment_2|student_6|C|obs_s6_a2_010|obs_028,low_medium
C,assessment_2,student_6,obs_s6_a2_010,obs_029,"The comments demonstrate excellent understanding of the real-world and cultural context behind the sandwich rules, supported by specific Wikipedia references and plausible food examples.",The formula is well-formed and correctly structured according to the modal logic syntax. No syntax errors were identified.,strength,strength,task_group,task,,part_2_prolog_modal_logic,part_2_task_1|part_2_task_2|part_2_task_3|part_2_task_4|part_2_task_5,part_2_task_3,,P2-T3-R6,human_broader,compatible,not_assessable,0.137792557477951,,,assessment_2|student_6|C|obs_s6_a2_010|obs_029,very_low
C,assessment_2,student_6,obs_s6_a2_010,obs_030,"The comments demonstrate excellent understanding of the real-world and cultural context behind the sandwich rules, supported by specific Wikipedia references and plausible food examples.","The formula correctly expresses the requirement that bread must not occur more than one row below a state containing filling. The use of 'dia' and 'box' operators aligns with the modal logic framework, and the condition on 'filling' ensures the restriction is conditional on the presence of filling.",strength,strength,task_group,task,,part_2_prolog_modal_logic,part_2_task_1|part_2_task_2|part_2_task_3|part_2_task_4|part_2_task_5,part_2_task_3,,P2-T3-R7,human_broader,compatible,not_assessable,0.252658873796463,,,assessment_2|student_6|C|obs_s6_a2_010|obs_030,low_medium
C,assessment_2,student_6,obs_s6_a2_010,obs_031,"The comments demonstrate excellent understanding of the real-world and cultural context behind the sandwich rules, supported by specific Wikipedia references and plausible food examples.","Your formula correctly conditions on the presence of filling using the 'implies' operator. The use of the 'box' operator ensures that no state above a filling state may also contain filling, which meets the requirement.",strength,strength,task_group,task,,part_2_prolog_modal_logic,part_2_task_1|part_2_task_2|part_2_task_3|part_2_task_4|part_2_task_5,part_2_task_4,,P2-T4-R1,human_broader,compatible,not_assessable,0.0321818366646766,,,assessment_2|student_6|C|obs_s6_a2_010|obs_031,very_low
C,assessment_2,student_6,obs_s6_a2_010,obs_032,"The comments demonstrate excellent understanding of the real-world and cultural context behind the sandwich rules, supported by specific Wikipedia references and plausible food examples.",Your formula correctly enforces the global vertical constraint by ensuring that no state above a filling state may also contain filling. The use of the box operator aligns with the requirement.,strength,strength,task_group,task,,part_2_prolog_modal_logic,part_2_task_1|part_2_task_2|part_2_task_3|part_2_task_4|part_2_task_5,part_2_task_4,,P2-T4-R2,human_broader,compatible,not_assessable,0.0657861456274986,,,assessment_2|student_6|C|obs_s6_a2_010|obs_032,very_low
C,assessment_2,student_6,obs_s6_a2_010,obs_033,"The comments demonstrate excellent understanding of the real-world and cultural context behind the sandwich rules, supported by specific Wikipedia references and plausible food examples.","Your formula correctly captures the requirement that if a state contains filling, then no state anywhere above it may also contain filling. The use of the box operator to enforce the constraint is appropriate.",strength,strength,task_group,task,,part_2_prolog_modal_logic,part_2_task_1|part_2_task_2|part_2_task_3|part_2_task_4|part_2_task_5,part_2_task_4,,P2-T4-R3,human_broader,compatible,not_assessable,0.0438660681247711,,,assessment_2|student_6|C|obs_s6_a2_010|obs_033,very_low
C,assessment_2,student_6,obs_s6_a2_010,obs_034,"The comments demonstrate excellent understanding of the real-world and cultural context behind the sandwich rules, supported by specific Wikipedia references and plausible food examples.","Your modal logic formula correctly expresses the intended spatial constraint. The use of the box operator ensures that if a state contains filling, no state anywhere above it may also contain filling. The formula is logically sound and aligns with the task's requirements.",strength,strength,task_group,task,,part_2_prolog_modal_logic,part_2_task_1|part_2_task_2|part_2_task_3|part_2_task_4|part_2_task_5,part_2_task_4,,P2-T4-R4,human_broader,compatible,not_assessable,0.0591949373483657,,,assessment_2|student_6|C|obs_s6_a2_010|obs_034,very_low
C,assessment_2,student_6,obs_s6_a2_010,obs_036,"The comments demonstrate excellent understanding of the real-world and cultural context behind the sandwich rules, supported by specific Wikipedia references and plausible food examples.","The formula correctly expresses the requirement that if a state contains filling, then no state anywhere above it may also contain filling. The use of 'box' and 'implies' operators aligns with the modal logic framework.",strength,strength,task_group,task,,part_2_prolog_modal_logic,part_2_task_1|part_2_task_2|part_2_task_3|part_2_task_4|part_2_task_5,part_2_task_4,,P2-T4-R6,human_broader,compatible,not_assessable,0.0946221798658371,,,assessment_2|student_6|C|obs_s6_a2_010|obs_036,very_low
C,assessment_2,student_6,obs_s6_a2_010,obs_037,"The comments demonstrate excellent understanding of the real-world and cultural context behind the sandwich rules, supported by specific Wikipedia references and plausible food examples.","Your submission includes three examples for Task 5, each with a formula that is intended to prevent a problematic sandwich configuration. The examples are correctly labeled and associated with the required units and artifact. Ensure that each example clearly describes a distinct problematic configuration and that the formula directly addresses the described problem.",strength,strength,task_group,task,,part_2_prolog_modal_logic,part_2_task_1|part_2_task_2|part_2_task_3|part_2_task_4|part_2_task_5,part_2_task_5,,P2-T5-R1,human_broader,compatible,not_assessable,0.3958040773868561,,,assessment_2|student_6|C|obs_s6_a2_010|obs_037,boundary_low
C,assessment_2,student_6,obs_s6_a2_010,obs_043,"The comments demonstrate excellent understanding of the real-world and cultural context behind the sandwich rules, supported by specific Wikipedia references and plausible food examples.",Your formulas are well-formed according to the modal logic syntax. They correctly use logical operators and structure. Ensure that each formula directly addresses the described problem in the context of the sandwich constraints.,strength,strength,task_group,task,,part_2_prolog_modal_logic,part_2_task_1|part_2_task_2|part_2_task_3|part_2_task_4|part_2_task_5,part_2_task_5,,P2-T5-R7,human_broader,compatible,not_assessable,0.379921406507492,,,assessment_2|student_6|C|obs_s6_a2_010|obs_043,boundary_low
C,assessment_2,student_6,obs_s6_a2_010,obs_044,"The comments demonstrate excellent understanding of the real-world and cultural context behind the sandwich rules, supported by specific Wikipedia references and plausible food examples.","Your responses are correctly provided in the required answer locations (answer51/1, answer52/1, answer53/1). The formulas are included in the specified artifact and unit IDs, which align with the requirement.",strength,strength,task_group,task,,part_2_prolog_modal_logic,part_2_task_1|part_2_task_2|part_2_task_3|part_2_task_4|part_2_task_5,part_2_task_5,,P2-T5-R8,human_broader,compatible,not_assessable,0.1012564003467559,,,assessment_2|student_6|C|obs_s6_a2_010|obs_044,very_low
D,assessment_2,student_6,obs_s6_a2_001,obs_002,The ontology uses a thoughtful top-down design with a well-articulated hierarchy.,Your subclass relationship between 'ToastedBread' and 'Bread' is correctly modeled. This demonstrates a logically justified class hierarchy as required.,strength,strength,part,task,part_1_ontology,part_1_ontology,,part_1_ontology,P1-R2|P1-R9,P1-R2,human_broader,compatible,overlap,0.2540493607521057,,,assessment_2|student_6|D|obs_s6_a2_001|obs_002,low_medium
D,assessment_2,student_6,obs_s6_a2_001,obs_009,The ontology uses a thoughtful top-down design with a well-articulated hierarchy.,"The report must include a justification for the class and property hierarchies in the ontology. The evidence provided shows an ontology subclass axiom, which is part of the class and property hierarchies.",strength,strength,part,task,part_1_ontology,part_1_ontology,,part_1_ontology,P1-R2|P1-R9,P1-R9,human_broader,compatible,overlap,0.5190469622612,,,assessment_2|student_6|D|obs_s6_a2_001|obs_009,boundary_high
D,assessment_2,student_6,obs_s6_a2_002,obs_003,"The ontology contains a six-property hierarchy, including inverse functional and symmetric property declarations that are applied appropriately.","Your ontology includes six object properties, which meets the requirement of having at least five meaningful object and/or data properties.",strength,strength,part,task,part_1_ontology,part_1_ontology,,part_1_ontology,P1-R3|P1-R4,P1-R3,human_broader,compatible,overlap,0.726772665977478,,,assessment_2|student_6|D|obs_s6_a2_002|obs_003,high
D,assessment_2,student_6,obs_s6_a2_002,obs_004,"The ontology contains a six-property hierarchy, including inverse functional and symmetric property declarations that are applied appropriately.","The student has correctly modelled six object properties in the OWL ontology, each with appropriate labels and structured data. The properties are relevant to the sandwich domain and correctly represent property domains, ranges, hierarchies, and characteristics.",strength,strength,part,task,part_1_ontology,part_1_ontology,,part_1_ontology,P1-R3|P1-R4,P1-R4,human_broader,compatible,overlap,0.6965295076370239,,,assessment_2|student_6|D|obs_s6_a2_002|obs_004,high
D,assessment_2,student_6,obs_s6_a2_004,obs_007,The report narrative is concise while remaining comprehensive.,"The report accurately describes the submitted ontology, including the classes and axioms related to the sandwich domain. The report includes a section on 'Sandwich: object_some_values_from on hasBreadSlice' and 'Sandwich: object_some_values_from on hasIngredient', which are part of the ontology's structure. The report also includes a section on 'ToastedBread subclass of Bread', which is an axiom in the ontology.",strength,strength,part,task,part_1_ontology,part_1_ontology,,part_1_ontology,P1-R7|P1-R8,P1-R7,human_broader,compatible,overlap,0.291580468416214,,,assessment_2|student_6|D|obs_s6_a2_004|obs_007,low_medium
D,assessment_2,student_6,obs_s6_a2_004,obs_008,The report narrative is concise while remaining comprehensive.,"The report clearly explains the purpose and scope of the ontology, including the rationale behind class and property choices and the strengths and limitations of the ontology design.",strength,strength,part,task,part_1_ontology,part_1_ontology,,part_1_ontology,P1-R7|P1-R8,P1-R8,human_broader,compatible,overlap,0.3098112940788269,,,assessment_2|student_6|D|obs_s6_a2_004|obs_008,low_medium
D,assessment_2,student_6,obs_s6_a2_005,obs_011,The critical reflection could be strengthened by briefly discussing scalability trade-offs.,"The report includes a section that discusses the rationale behind class and property choices, but it is incomplete and lacks a clear critical discussion of the ontology's strengths and limitations. The content is cut off mid-sentence, which may affect the assessment of the requirement.",suggestion,suggestion,part,task,part_1_ontology,part_1_ontology,,part_1_ontology,P1-R11,P1-R11,human_broader,compatible,exact,0.3584186136722564,,,assessment_2|student_6|D|obs_s6_a2_005|obs_011,boundary_low
D,assessment_2,student_6,obs_s6_a2_006,obs_011,The critical discussion could also evaluate whether Wikipedia is a reliable source for ontology development.,"The report includes a section that discusses the rationale behind class and property choices, but it is incomplete and lacks a clear critical discussion of the ontology's strengths and limitations. The content is cut off mid-sentence, which may affect the assessment of the requirement.",suggestion,suggestion,part,task,part_1_ontology,part_1_ontology,,part_1_ontology,P1-R11,P1-R11,human_broader,compatible,exact,0.4358117878437042,,,assessment_2|student_6|D|obs_s6_a2_006|obs_011,boundary_low
D,assessment_2,student_6,obs_s6_a2_009,obs_013,The comments are clear and technically accurate.,"Your formula correctly prevents bread and filling from occupying the same grid state. The formula uses logical implications to enforce mutual exclusivity, which meets the requirement.",strength,strength,task_group,task,,part_2_prolog_modal_logic,part_2_task_1|part_2_task_2|part_2_task_3|part_2_task_4|part_2_task_5,part_2_task_1,,P2-T1-R1,human_broader,compatible,not_assessable,0.0679614469408989,,,assessment_2|student_6|D|obs_s6_a2_009|obs_013,very_low
D,assessment_2,student_6,obs_s6_a2_009,obs_014,The comments are clear and technically accurate.,"Your formula correctly expresses that bread and filling cannot occupy the same grid state. The formula ensures mutual exclusivity by requiring that if one is present, the other is not.",strength,strength,task_group,task,,part_2_prolog_modal_logic,part_2_task_1|part_2_task_2|part_2_task_3|part_2_task_4|part_2_task_5,part_2_task_1,,P2-T1-R2,human_broader,compatible,not_assessable,0.0795027837157249,,,assessment_2|student_6|D|obs_s6_a2_009|obs_014,very_low
D,assessment_2,student_6,obs_s6_a2_009,obs_015,The comments are clear and technically accurate.,Your formula is well-formed and correctly expresses the mutual exclusivity between bread and filling. The formula uses logical implications to ensure that bread and filling cannot coexist in the same grid state.,strength,strength,task_group,task,,part_2_prolog_modal_logic,part_2_task_1|part_2_task_2|part_2_task_3|part_2_task_4|part_2_task_5,part_2_task_1,,P2-T1-R3,human_broader,compatible,not_assessable,0.0731416642665863,,,assessment_2|student_6|D|obs_s6_a2_009|obs_015,very_low
D,assessment_2,student_6,obs_s6_a2_009,obs_016,The comments are clear and technically accurate.,Your answer is correctly provided in the required predicate answer1/1. The formula correctly expresses that bread and filling cannot occupy the same grid state. The formula uses logical implications to enforce mutual exclusivity.,strength,strength,task_group,task,,part_2_prolog_modal_logic,part_2_task_1|part_2_task_2|part_2_task_3|part_2_task_4|part_2_task_5,part_2_task_1,,P2-T1-R4,human_broader,compatible,not_assessable,0.0846787691116333,,,assessment_2|student_6|D|obs_s6_a2_009|obs_016,very_low
D,assessment_2,student_6,obs_s6_a2_009,obs_017,The comments are clear and technically accurate.,"Your submitted formula correctly conditions on the presence of filling using 'implies(filling, ...)'. The requirement does not explicitly forbid other conditions, so the formula is valid.",strength,strength,task_group,task,,part_2_prolog_modal_logic,part_2_task_1|part_2_task_2|part_2_task_3|part_2_task_4|part_2_task_5,part_2_task_2,,P2-T2-R1,human_broader,compatible,not_assessable,0.1932765841484069,,,assessment_2|student_6|D|obs_s6_a2_009|obs_017,very_low
D,assessment_2,student_6,obs_s6_a2_009,obs_018,The comments are clear and technically accurate.,"Your submitted formula correctly enforces that bread is immediately above filling. The formula ensures that bread is immediately below (dia(above, bread)) and either bread is immediately above (dia(below, bread)) or it's an open sandwich (dia(openSandwich, filling)).",strength,strength,task_group,task,,part_2_prolog_modal_logic,part_2_task_1|part_2_task_2|part_2_task_3|part_2_task_4|part_2_task_5,part_2_task_2,,P2-T2-R2,human_broader,compatible,not_assessable,0.0782001987099647,,,assessment_2|student_6|D|obs_s6_a2_009|obs_018,very_low
D,assessment_2,student_6,obs_s6_a2_009,obs_019,The comments are clear and technically accurate.,"Your formula meets the requirement. The formula specifies that bread must be immediately below filling (dia(below, bread)), and the submission includes a condition for bread below (always) and an alternative for bread above (closed) or open-face. The requirement only specifies that bread must be immediately below filling, and the formula includes a condition for bread below (always) and an alternative for bread above (closed) or open-face, which satisfies the requirement.",strength,strength,task_group,task,,part_2_prolog_modal_logic,part_2_task_1|part_2_task_2|part_2_task_3|part_2_task_4|part_2_task_5,part_2_task_2,,P2-T2-R3,human_broader,compatible,not_assessable,0.0,,,assessment_2|student_6|D|obs_s6_a2_009|obs_019,very_low
D,assessment_2,student_6,obs_s6_a2_009,obs_020,The comments are clear and technically accurate.,"The formula correctly expresses immediate adjacency using the supplied relations. The use of 'dia(above, bread)' and 'dia(below, bread)' is consistent with the requirement to express immediate adjacency.",strength,strength,task_group,task,,part_2_prolog_modal_logic,part_2_task_1|part_2_task_2|part_2_task_3|part_2_task_4|part_2_task_5,part_2_task_2,,P2-T2-R4,human_broader,compatible,not_assessable,0.0567557141184806,,,assessment_2|student_6|D|obs_s6_a2_009|obs_020,very_low
D,assessment_2,student_6,obs_s6_a2_009,obs_021,The comments are clear and technically accurate.,"The student's formula uses the 'dia' operator consistently with the supplied framework. The requirement states that modal operators must be used consistently with the supplied framework, which is satisfied by the student's use of 'dia' in the formula.",strength,strength,task_group,task,,part_2_prolog_modal_logic,part_2_task_1|part_2_task_2|part_2_task_3|part_2_task_4|part_2_task_5,part_2_task_2,,P2-T2-R5,human_broader,compatible,not_assessable,0.1370930671691894,,,assessment_2|student_6|D|obs_s6_a2_009|obs_021,very_low
D,assessment_2,student_6,obs_s6_a2_009,obs_022,The comments are clear and technically accurate.,Your submitted formula is well formed according to the supplied modal logic syntax.,strength,strength,task_group,task,,part_2_prolog_modal_logic,part_2_task_1|part_2_task_2|part_2_task_3|part_2_task_4|part_2_task_5,part_2_task_2,,P2-T2-R6,human_broader,compatible,not_assessable,0.1654151380062103,,,assessment_2|student_6|D|obs_s6_a2_009|obs_022,very_low
D,assessment_2,student_6,obs_s6_a2_009,obs_023,The comments are clear and technically accurate.,The answer is provided in the required predicate answer2/1 with the correct formula in the structured_data.,strength,strength,task_group,task,,part_2_prolog_modal_logic,part_2_task_1|part_2_task_2|part_2_task_3|part_2_task_4|part_2_task_5,part_2_task_2,,P2-T2-R7,human_broader,compatible,not_assessable,0.1000069230794906,,,assessment_2|student_6|D|obs_s6_a2_009|obs_023,very_low
D,assessment_2,student_6,obs_s6_a2_009,obs_024,The comments are clear and technically accurate.,"The formula correctly conditions the distance restriction on the presence of filling. The logic ensures that bread does not appear in any cell that is more than one row below a cell containing filling, as required.",strength,strength,task_group,task,,part_2_prolog_modal_logic,part_2_task_1|part_2_task_2|part_2_task_3|part_2_task_4|part_2_task_5,part_2_task_3,,P2-T3-R1,human_broader,compatible,not_assessable,0.0832918733358383,,,assessment_2|student_6|D|obs_s6_a2_009|obs_024,very_low
D,assessment_2,student_6,obs_s6_a2_009,obs_025,The comments are clear and technically accurate.,Your formula correctly distinguishes immediate adjacency from greater vertical distance. The use of 'dia' and 'box' operators effectively enforces the constraint that bread may not occur more than one row below a filling state.,strength,strength,task_group,task,,part_2_prolog_modal_logic,part_2_task_1|part_2_task_2|part_2_task_3|part_2_task_4|part_2_task_5,part_2_task_3,,P2-T3-R2,human_broader,compatible,not_assessable,0.0,,,assessment_2|student_6|D|obs_s6_a2_009|obs_025,very_low
D,assessment_2,student_6,obs_s6_a2_009,obs_026,The comments are clear and technically accurate.,Your formula correctly ensures that bread does not appear in any cell that is more than one row below a cell containing filling. The use of the 'dia' operator and the 'box' operator effectively enforces the distance constraint as required.,strength,strength,task_group,task,,part_2_prolog_modal_logic,part_2_task_1|part_2_task_2|part_2_task_3|part_2_task_4|part_2_task_5,part_2_task_3,,P2-T3-R3,human_broader,compatible,not_assessable,0.0012293148320168,,,assessment_2|student_6|D|obs_s6_a2_009|obs_026,very_low
D,assessment_2,student_6,obs_s6_a2_009,obs_027,The comments are clear and technically accurate.,Your formula correctly prevents bread from occurring more than one row below a filling state. The use of 'dia' and 'box' operators effectively enforces the distance constraint.,strength,strength,task_group,task,,part_2_prolog_modal_logic,part_2_task_1|part_2_task_2|part_2_task_3|part_2_task_4|part_2_task_5,part_2_task_3,,P2-T3-R4,human_broader,compatible,not_assessable,0.0,,,assessment_2|student_6|D|obs_s6_a2_009|obs_027,very_low
D,assessment_2,student_6,obs_s6_a2_009,obs_028,The comments are clear and technically accurate.,"The modal logic formula correctly expresses the intended spatial constraint. The formula ensures that bread does not appear in any cell that is more than one row below a cell containing filling, as required.",strength,strength,task_group,task,,part_2_prolog_modal_logic,part_2_task_1|part_2_task_2|part_2_task_3|part_2_task_4|part_2_task_5,part_2_task_3,,P2-T3-R5,human_broader,compatible,not_assessable,0.075811430811882,,,assessment_2|student_6|D|obs_s6_a2_009|obs_028,very_low
D,assessment_2,student_6,obs_s6_a2_009,obs_029,The comments are clear and technically accurate.,The formula is well-formed and correctly structured according to the modal logic syntax. No syntax errors were identified.,strength,strength,task_group,task,,part_2_prolog_modal_logic,part_2_task_1|part_2_task_2|part_2_task_3|part_2_task_4|part_2_task_5,part_2_task_3,,P2-T3-R6,human_broader,compatible,not_assessable,0.2628696858882904,,,assessment_2|student_6|D|obs_s6_a2_009|obs_029,low_medium
D,assessment_2,student_6,obs_s6_a2_009,obs_030,The comments are clear and technically accurate.,"The formula correctly expresses the requirement that bread must not occur more than one row below a state containing filling. The use of 'dia' and 'box' operators aligns with the modal logic framework, and the condition on 'filling' ensures the restriction is conditional on the presence of filling.",strength,strength,task_group,task,,part_2_prolog_modal_logic,part_2_task_1|part_2_task_2|part_2_task_3|part_2_task_4|part_2_task_5,part_2_task_3,,P2-T3-R7,human_broader,compatible,not_assessable,0.0582247301936149,,,assessment_2|student_6|D|obs_s6_a2_009|obs_030,very_low
D,assessment_2,student_6,obs_s6_a2_009,obs_031,The comments are clear and technically accurate.,"Your formula correctly conditions on the presence of filling using the 'implies' operator. The use of the 'box' operator ensures that no state above a filling state may also contain filling, which meets the requirement.",strength,strength,task_group,task,,part_2_prolog_modal_logic,part_2_task_1|part_2_task_2|part_2_task_3|part_2_task_4|part_2_task_5,part_2_task_4,,P2-T4-R1,human_broader,compatible,not_assessable,0.1383225172758102,,,assessment_2|student_6|D|obs_s6_a2_009|obs_031,very_low
D,assessment_2,student_6,obs_s6_a2_009,obs_032,The comments are clear and technically accurate.,Your formula correctly enforces the global vertical constraint by ensuring that no state above a filling state may also contain filling. The use of the box operator aligns with the requirement.,strength,strength,task_group,task,,part_2_prolog_modal_logic,part_2_task_1|part_2_task_2|part_2_task_3|part_2_task_4|part_2_task_5,part_2_task_4,,P2-T4-R2,human_broader,compatible,not_assessable,0.0,,,assessment_2|student_6|D|obs_s6_a2_009|obs_032,very_low
D,assessment_2,student_6,obs_s6_a2_009,obs_033,The comments are clear and technically accurate.,"Your formula correctly captures the requirement that if a state contains filling, then no state anywhere above it may also contain filling. The use of the box operator to enforce the constraint is appropriate.",strength,strength,task_group,task,,part_2_prolog_modal_logic,part_2_task_1|part_2_task_2|part_2_task_3|part_2_task_4|part_2_task_5,part_2_task_4,,P2-T4-R3,human_broader,compatible,not_assessable,0.0782737135887146,,,assessment_2|student_6|D|obs_s6_a2_009|obs_033,very_low
D,assessment_2,student_6,obs_s6_a2_009,obs_034,The comments are clear and technically accurate.,"Your modal logic formula correctly expresses the intended spatial constraint. The use of the box operator ensures that if a state contains filling, no state anywhere above it may also contain filling. The formula is logically sound and aligns with the task's requirements.",strength,strength,task_group,task,,part_2_prolog_modal_logic,part_2_task_1|part_2_task_2|part_2_task_3|part_2_task_4|part_2_task_5,part_2_task_4,,P2-T4-R4,human_broader,compatible,not_assessable,0.0790973156690597,,,assessment_2|student_6|D|obs_s6_a2_009|obs_034,very_low
D,assessment_2,student_6,obs_s6_a2_009,obs_035,The comments are clear and technically accurate.,Your submitted formula is well formed according to the supplied modal logic syntax.,strength,strength,task_group,task,,part_2_prolog_modal_logic,part_2_task_1|part_2_task_2|part_2_task_3|part_2_task_4|part_2_task_5,part_2_task_4,,P2-T4-R5,human_broader,compatible,not_assessable,0.1654151380062103,,,assessment_2|student_6|D|obs_s6_a2_009|obs_035,very_low
D,assessment_2,student_6,obs_s6_a2_009,obs_036,The comments are clear and technically accurate.,"The formula correctly expresses the requirement that if a state contains filling, then no state anywhere above it may also contain filling. The use of 'box' and 'implies' operators aligns with the modal logic framework.",strength,strength,task_group,task,,part_2_prolog_modal_logic,part_2_task_1|part_2_task_2|part_2_task_3|part_2_task_4|part_2_task_5,part_2_task_4,,P2-T4-R6,human_broader,compatible,not_assessable,0.1973267197608947,,,assessment_2|student_6|D|obs_s6_a2_009|obs_036,very_low
D,assessment_2,student_6,obs_s6_a2_009,obs_037,The comments are clear and technically accurate.,"Your submission includes three examples for Task 5, each with a formula that is intended to prevent a problematic sandwich configuration. The examples are correctly labeled and associated with the required units and artifact. Ensure that each example clearly describes a distinct problematic configuration and that the formula directly addresses the described problem.",strength,strength,task_group,task,,part_2_prolog_modal_logic,part_2_task_1|part_2_task_2|part_2_task_3|part_2_task_4|part_2_task_5,part_2_task_5,,P2-T5-R1,human_broader,compatible,not_assessable,0.1360850930213928,,,assessment_2|student_6|D|obs_s6_a2_009|obs_037,very_low
D,assessment_2,student_6,obs_s6_a2_009,obs_040,The comments are clear and technically accurate.,The three examples clearly demonstrate different shortcomings of the original specification. Each preventive formula directly addresses a unique problem described in the example.,strength,strength,task_group,task,,part_2_prolog_modal_logic,part_2_task_1|part_2_task_2|part_2_task_3|part_2_task_4|part_2_task_5,part_2_task_5,,P2-T5-R4,human_broader,compatible,not_assessable,0.2018211781978607,,,assessment_2|student_6|D|obs_s6_a2_009|obs_040,low_medium
D,assessment_2,student_6,obs_s6_a2_009,obs_043,The comments are clear and technically accurate.,Your formulas are well-formed according to the modal logic syntax. They correctly use logical operators and structure. Ensure that each formula directly addresses the described problem in the context of the sandwich constraints.,strength,strength,task_group,task,,part_2_prolog_modal_logic,part_2_task_1|part_2_task_2|part_2_task_3|part_2_task_4|part_2_task_5,part_2_task_5,,P2-T5-R7,human_broader,compatible,not_assessable,0.0925097167491912,,,assessment_2|student_6|D|obs_s6_a2_009|obs_043,very_low
D,assessment_2,student_6,obs_s6_a2_009,obs_044,The comments are clear and technically accurate.,"Your responses are correctly provided in the required answer locations (answer51/1, answer52/1, answer53/1). The formulas are included in the specified artifact and unit IDs, which align with the requirement.",strength,strength,task_group,task,,part_2_prolog_modal_logic,part_2_task_1|part_2_task_2|part_2_task_3|part_2_task_4|part_2_task_5,part_2_task_5,,P2-T5-R8,human_broader,compatible,not_assessable,0.1340272277593612,,,assessment_2|student_6|D|obs_s6_a2_009|obs_044,very_low
D,assessment_2,student_6,obs_s6_a2_010,obs_013,"The comments demonstrate excellent understanding of the real-world and cultural context behind the sandwich rules, supported by specific Wikipedia references and plausible food examples.","Your formula correctly prevents bread and filling from occupying the same grid state. The formula uses logical implications to enforce mutual exclusivity, which meets the requirement.",strength,strength,task_group,task,,part_2_prolog_modal_logic,part_2_task_1|part_2_task_2|part_2_task_3|part_2_task_4|part_2_task_5,part_2_task_1,,P2-T1-R1,human_broader,compatible,not_assessable,0.1962507665157318,,,assessment_2|student_6|D|obs_s6_a2_010|obs_013,very_low
D,assessment_2,student_6,obs_s6_a2_010,obs_014,"The comments demonstrate excellent understanding of the real-world and cultural context behind the sandwich rules, supported by specific Wikipedia references and plausible food examples.","Your formula correctly expresses that bread and filling cannot occupy the same grid state. The formula ensures mutual exclusivity by requiring that if one is present, the other is not.",strength,strength,task_group,task,,part_2_prolog_modal_logic,part_2_task_1|part_2_task_2|part_2_task_3|part_2_task_4|part_2_task_5,part_2_task_1,,P2-T1-R2,human_broader,compatible,not_assessable,0.2022513747215271,,,assessment_2|student_6|D|obs_s6_a2_010|obs_014,low_medium
D,assessment_2,student_6,obs_s6_a2_010,obs_015,"The comments demonstrate excellent understanding of the real-world and cultural context behind the sandwich rules, supported by specific Wikipedia references and plausible food examples.",Your formula is well-formed and correctly expresses the mutual exclusivity between bread and filling. The formula uses logical implications to ensure that bread and filling cannot coexist in the same grid state.,strength,strength,task_group,task,,part_2_prolog_modal_logic,part_2_task_1|part_2_task_2|part_2_task_3|part_2_task_4|part_2_task_5,part_2_task_1,,P2-T1-R3,human_broader,compatible,not_assessable,0.2301732897758484,,,assessment_2|student_6|D|obs_s6_a2_010|obs_015,low_medium
D,assessment_2,student_6,obs_s6_a2_010,obs_016,"The comments demonstrate excellent understanding of the real-world and cultural context behind the sandwich rules, supported by specific Wikipedia references and plausible food examples.",Your answer is correctly provided in the required predicate answer1/1. The formula correctly expresses that bread and filling cannot occupy the same grid state. The formula uses logical implications to enforce mutual exclusivity.,strength,strength,task_group,task,,part_2_prolog_modal_logic,part_2_task_1|part_2_task_2|part_2_task_3|part_2_task_4|part_2_task_5,part_2_task_1,,P2-T1-R4,human_broader,compatible,not_assessable,0.2303394973278045,,,assessment_2|student_6|D|obs_s6_a2_010|obs_016,low_medium
D,assessment_2,student_6,obs_s6_a2_010,obs_017,"The comments demonstrate excellent understanding of the real-world and cultural context behind the sandwich rules, supported by specific Wikipedia references and plausible food examples.","Your submitted formula correctly conditions on the presence of filling using 'implies(filling, ...)'. The requirement does not explicitly forbid other conditions, so the formula is valid.",strength,strength,task_group,task,,part_2_prolog_modal_logic,part_2_task_1|part_2_task_2|part_2_task_3|part_2_task_4|part_2_task_5,part_2_task_2,,P2-T2-R1,human_broader,compatible,not_assessable,0.047711968421936,,,assessment_2|student_6|D|obs_s6_a2_010|obs_017,very_low
D,assessment_2,student_6,obs_s6_a2_010,obs_018,"The comments demonstrate excellent understanding of the real-world and cultural context behind the sandwich rules, supported by specific Wikipedia references and plausible food examples.","Your submitted formula correctly enforces that bread is immediately above filling. The formula ensures that bread is immediately below (dia(above, bread)) and either bread is immediately above (dia(below, bread)) or it's an open sandwich (dia(openSandwich, filling)).",strength,strength,task_group,task,,part_2_prolog_modal_logic,part_2_task_1|part_2_task_2|part_2_task_3|part_2_task_4|part_2_task_5,part_2_task_2,,P2-T2-R2,human_broader,compatible,not_assessable,0.3440110981464386,,,assessment_2|student_6|D|obs_s6_a2_010|obs_018,low_medium
D,assessment_2,student_6,obs_s6_a2_010,obs_019,"The comments demonstrate excellent understanding of the real-world and cultural context behind the sandwich rules, supported by specific Wikipedia references and plausible food examples.","Your formula meets the requirement. The formula specifies that bread must be immediately below filling (dia(below, bread)), and the submission includes a condition for bread below (always) and an alternative for bread above (closed) or open-face. The requirement only specifies that bread must be immediately below filling, and the formula includes a condition for bread below (always) and an alternative for bread above (closed) or open-face, which satisfies the requirement.",strength,strength,task_group,task,,part_2_prolog_modal_logic,part_2_task_1|part_2_task_2|part_2_task_3|part_2_task_4|part_2_task_5,part_2_task_2,,P2-T2-R3,human_broader,compatible,not_assessable,0.2672829627990722,,,assessment_2|student_6|D|obs_s6_a2_010|obs_019,low_medium
D,assessment_2,student_6,obs_s6_a2_010,obs_020,"The comments demonstrate excellent understanding of the real-world and cultural context behind the sandwich rules, supported by specific Wikipedia references and plausible food examples.","The formula correctly expresses immediate adjacency using the supplied relations. The use of 'dia(above, bread)' and 'dia(below, bread)' is consistent with the requirement to express immediate adjacency.",strength,strength,task_group,task,,part_2_prolog_modal_logic,part_2_task_1|part_2_task_2|part_2_task_3|part_2_task_4|part_2_task_5,part_2_task_2,,P2-T2-R4,human_broader,compatible,not_assessable,0.1675995588302612,,,assessment_2|student_6|D|obs_s6_a2_010|obs_020,very_low
D,assessment_2,student_6,obs_s6_a2_010,obs_021,"The comments demonstrate excellent understanding of the real-world and cultural context behind the sandwich rules, supported by specific Wikipedia references and plausible food examples.","The student's formula uses the 'dia' operator consistently with the supplied framework. The requirement states that modal operators must be used consistently with the supplied framework, which is satisfied by the student's use of 'dia' in the formula.",strength,strength,task_group,task,,part_2_prolog_modal_logic,part_2_task_1|part_2_task_2|part_2_task_3|part_2_task_4|part_2_task_5,part_2_task_2,,P2-T2-R5,human_broader,compatible,not_assessable,0.0965932607650756,,,assessment_2|student_6|D|obs_s6_a2_010|obs_021,very_low
D,assessment_2,student_6,obs_s6_a2_010,obs_022,"The comments demonstrate excellent understanding of the real-world and cultural context behind the sandwich rules, supported by specific Wikipedia references and plausible food examples.",Your submitted formula is well formed according to the supplied modal logic syntax.,strength,strength,task_group,task,,part_2_prolog_modal_logic,part_2_task_1|part_2_task_2|part_2_task_3|part_2_task_4|part_2_task_5,part_2_task_2,,P2-T2-R6,human_broader,compatible,not_assessable,0.0,,,assessment_2|student_6|D|obs_s6_a2_010|obs_022,very_low
D,assessment_2,student_6,obs_s6_a2_010,obs_023,"The comments demonstrate excellent understanding of the real-world and cultural context behind the sandwich rules, supported by specific Wikipedia references and plausible food examples.",The answer is provided in the required predicate answer2/1 with the correct formula in the structured_data.,strength,strength,task_group,task,,part_2_prolog_modal_logic,part_2_task_1|part_2_task_2|part_2_task_3|part_2_task_4|part_2_task_5,part_2_task_2,,P2-T2-R7,human_broader,compatible,not_assessable,0.0109727010130882,,,assessment_2|student_6|D|obs_s6_a2_010|obs_023,very_low
D,assessment_2,student_6,obs_s6_a2_010,obs_024,"The comments demonstrate excellent understanding of the real-world and cultural context behind the sandwich rules, supported by specific Wikipedia references and plausible food examples.","The formula correctly conditions the distance restriction on the presence of filling. The logic ensures that bread does not appear in any cell that is more than one row below a cell containing filling, as required.",strength,strength,task_group,task,,part_2_prolog_modal_logic,part_2_task_1|part_2_task_2|part_2_task_3|part_2_task_4|part_2_task_5,part_2_task_3,,P2-T3-R1,human_broader,compatible,not_assessable,0.2945630550384521,,,assessment_2|student_6|D|obs_s6_a2_010|obs_024,low_medium
D,assessment_2,student_6,obs_s6_a2_010,obs_025,"The comments demonstrate excellent understanding of the real-world and cultural context behind the sandwich rules, supported by specific Wikipedia references and plausible food examples.",Your formula correctly distinguishes immediate adjacency from greater vertical distance. The use of 'dia' and 'box' operators effectively enforces the constraint that bread may not occur more than one row below a filling state.,strength,strength,task_group,task,,part_2_prolog_modal_logic,part_2_task_1|part_2_task_2|part_2_task_3|part_2_task_4|part_2_task_5,part_2_task_3,,P2-T3-R2,human_broader,compatible,not_assessable,0.1700916886329651,,,assessment_2|student_6|D|obs_s6_a2_010|obs_025,very_low
D,assessment_2,student_6,obs_s6_a2_010,obs_026,"The comments demonstrate excellent understanding of the real-world and cultural context behind the sandwich rules, supported by specific Wikipedia references and plausible food examples.",Your formula correctly ensures that bread does not appear in any cell that is more than one row below a cell containing filling. The use of the 'dia' operator and the 'box' operator effectively enforces the distance constraint as required.,strength,strength,task_group,task,,part_2_prolog_modal_logic,part_2_task_1|part_2_task_2|part_2_task_3|part_2_task_4|part_2_task_5,part_2_task_3,,P2-T3-R3,human_broader,compatible,not_assessable,0.2368213236331939,,,assessment_2|student_6|D|obs_s6_a2_010|obs_026,low_medium
D,assessment_2,student_6,obs_s6_a2_010,obs_027,"The comments demonstrate excellent understanding of the real-world and cultural context behind the sandwich rules, supported by specific Wikipedia references and plausible food examples.",Your formula correctly prevents bread from occurring more than one row below a filling state. The use of 'dia' and 'box' operators effectively enforces the distance constraint.,strength,strength,task_group,task,,part_2_prolog_modal_logic,part_2_task_1|part_2_task_2|part_2_task_3|part_2_task_4|part_2_task_5,part_2_task_3,,P2-T3-R4,human_broader,compatible,not_assessable,0.2268077731132507,,,assessment_2|student_6|D|obs_s6_a2_010|obs_027,low_medium
D,assessment_2,student_6,obs_s6_a2_010,obs_028,"The comments demonstrate excellent understanding of the real-world and cultural context behind the sandwich rules, supported by specific Wikipedia references and plausible food examples.","The modal logic formula correctly expresses the intended spatial constraint. The formula ensures that bread does not appear in any cell that is more than one row below a cell containing filling, as required.",strength,strength,task_group,task,,part_2_prolog_modal_logic,part_2_task_1|part_2_task_2|part_2_task_3|part_2_task_4|part_2_task_5,part_2_task_3,,P2-T3-R5,human_broader,compatible,not_assessable,0.2877463698387146,,,assessment_2|student_6|D|obs_s6_a2_010|obs_028,low_medium
D,assessment_2,student_6,obs_s6_a2_010,obs_029,"The comments demonstrate excellent understanding of the real-world and cultural context behind the sandwich rules, supported by specific Wikipedia references and plausible food examples.",The formula is well-formed and correctly structured according to the modal logic syntax. No syntax errors were identified.,strength,strength,task_group,task,,part_2_prolog_modal_logic,part_2_task_1|part_2_task_2|part_2_task_3|part_2_task_4|part_2_task_5,part_2_task_3,,P2-T3-R6,human_broader,compatible,not_assessable,0.137792557477951,,,assessment_2|student_6|D|obs_s6_a2_010|obs_029,very_low
D,assessment_2,student_6,obs_s6_a2_010,obs_030,"The comments demonstrate excellent understanding of the real-world and cultural context behind the sandwich rules, supported by specific Wikipedia references and plausible food examples.","The formula correctly expresses the requirement that bread must not occur more than one row below a state containing filling. The use of 'dia' and 'box' operators aligns with the modal logic framework, and the condition on 'filling' ensures the restriction is conditional on the presence of filling.",strength,strength,task_group,task,,part_2_prolog_modal_logic,part_2_task_1|part_2_task_2|part_2_task_3|part_2_task_4|part_2_task_5,part_2_task_3,,P2-T3-R7,human_broader,compatible,not_assessable,0.252658873796463,,,assessment_2|student_6|D|obs_s6_a2_010|obs_030,low_medium
D,assessment_2,student_6,obs_s6_a2_010,obs_031,"The comments demonstrate excellent understanding of the real-world and cultural context behind the sandwich rules, supported by specific Wikipedia references and plausible food examples.","Your formula correctly conditions on the presence of filling using the 'implies' operator. The use of the 'box' operator ensures that no state above a filling state may also contain filling, which meets the requirement.",strength,strength,task_group,task,,part_2_prolog_modal_logic,part_2_task_1|part_2_task_2|part_2_task_3|part_2_task_4|part_2_task_5,part_2_task_4,,P2-T4-R1,human_broader,compatible,not_assessable,0.0321818366646766,,,assessment_2|student_6|D|obs_s6_a2_010|obs_031,very_low
D,assessment_2,student_6,obs_s6_a2_010,obs_032,"The comments demonstrate excellent understanding of the real-world and cultural context behind the sandwich rules, supported by specific Wikipedia references and plausible food examples.",Your formula correctly enforces the global vertical constraint by ensuring that no state above a filling state may also contain filling. The use of the box operator aligns with the requirement.,strength,strength,task_group,task,,part_2_prolog_modal_logic,part_2_task_1|part_2_task_2|part_2_task_3|part_2_task_4|part_2_task_5,part_2_task_4,,P2-T4-R2,human_broader,compatible,not_assessable,0.0657861456274986,,,assessment_2|student_6|D|obs_s6_a2_010|obs_032,very_low
D,assessment_2,student_6,obs_s6_a2_010,obs_033,"The comments demonstrate excellent understanding of the real-world and cultural context behind the sandwich rules, supported by specific Wikipedia references and plausible food examples.","Your formula correctly captures the requirement that if a state contains filling, then no state anywhere above it may also contain filling. The use of the box operator to enforce the constraint is appropriate.",strength,strength,task_group,task,,part_2_prolog_modal_logic,part_2_task_1|part_2_task_2|part_2_task_3|part_2_task_4|part_2_task_5,part_2_task_4,,P2-T4-R3,human_broader,compatible,not_assessable,0.0438660681247711,,,assessment_2|student_6|D|obs_s6_a2_010|obs_033,very_low
D,assessment_2,student_6,obs_s6_a2_010,obs_034,"The comments demonstrate excellent understanding of the real-world and cultural context behind the sandwich rules, supported by specific Wikipedia references and plausible food examples.","Your modal logic formula correctly expresses the intended spatial constraint. The use of the box operator ensures that if a state contains filling, no state anywhere above it may also contain filling. The formula is logically sound and aligns with the task's requirements.",strength,strength,task_group,task,,part_2_prolog_modal_logic,part_2_task_1|part_2_task_2|part_2_task_3|part_2_task_4|part_2_task_5,part_2_task_4,,P2-T4-R4,human_broader,compatible,not_assessable,0.0591949373483657,,,assessment_2|student_6|D|obs_s6_a2_010|obs_034,very_low
D,assessment_2,student_6,obs_s6_a2_010,obs_035,"The comments demonstrate excellent understanding of the real-world and cultural context behind the sandwich rules, supported by specific Wikipedia references and plausible food examples.",Your submitted formula is well formed according to the supplied modal logic syntax.,strength,strength,task_group,task,,part_2_prolog_modal_logic,part_2_task_1|part_2_task_2|part_2_task_3|part_2_task_4|part_2_task_5,part_2_task_4,,P2-T4-R5,human_broader,compatible,not_assessable,0.0,,,assessment_2|student_6|D|obs_s6_a2_010|obs_035,very_low
D,assessment_2,student_6,obs_s6_a2_010,obs_036,"The comments demonstrate excellent understanding of the real-world and cultural context behind the sandwich rules, supported by specific Wikipedia references and plausible food examples.","The formula correctly expresses the requirement that if a state contains filling, then no state anywhere above it may also contain filling. The use of 'box' and 'implies' operators aligns with the modal logic framework.",strength,strength,task_group,task,,part_2_prolog_modal_logic,part_2_task_1|part_2_task_2|part_2_task_3|part_2_task_4|part_2_task_5,part_2_task_4,,P2-T4-R6,human_broader,compatible,not_assessable,0.0946221798658371,,,assessment_2|student_6|D|obs_s6_a2_010|obs_036,very_low
D,assessment_2,student_6,obs_s6_a2_010,obs_037,"The comments demonstrate excellent understanding of the real-world and cultural context behind the sandwich rules, supported by specific Wikipedia references and plausible food examples.","Your submission includes three examples for Task 5, each with a formula that is intended to prevent a problematic sandwich configuration. The examples are correctly labeled and associated with the required units and artifact. Ensure that each example clearly describes a distinct problematic configuration and that the formula directly addresses the described problem.",strength,strength,task_group,task,,part_2_prolog_modal_logic,part_2_task_1|part_2_task_2|part_2_task_3|part_2_task_4|part_2_task_5,part_2_task_5,,P2-T5-R1,human_broader,compatible,not_assessable,0.3958040773868561,,,assessment_2|student_6|D|obs_s6_a2_010|obs_037,boundary_low
D,assessment_2,student_6,obs_s6_a2_010,obs_040,"The comments demonstrate excellent understanding of the real-world and cultural context behind the sandwich rules, supported by specific Wikipedia references and plausible food examples.",The three examples clearly demonstrate different shortcomings of the original specification. Each preventive formula directly addresses a unique problem described in the example.,strength,strength,task_group,task,,part_2_prolog_modal_logic,part_2_task_1|part_2_task_2|part_2_task_3|part_2_task_4|part_2_task_5,part_2_task_5,,P2-T5-R4,human_broader,compatible,not_assessable,0.2156655341386795,,,assessment_2|student_6|D|obs_s6_a2_010|obs_040,low_medium
D,assessment_2,student_6,obs_s6_a2_010,obs_043,"The comments demonstrate excellent understanding of the real-world and cultural context behind the sandwich rules, supported by specific Wikipedia references and plausible food examples.",Your formulas are well-formed according to the modal logic syntax. They correctly use logical operators and structure. Ensure that each formula directly addresses the described problem in the context of the sandwich constraints.,strength,strength,task_group,task,,part_2_prolog_modal_logic,part_2_task_1|part_2_task_2|part_2_task_3|part_2_task_4|part_2_task_5,part_2_task_5,,P2-T5-R7,human_broader,compatible,not_assessable,0.379921406507492,,,assessment_2|student_6|D|obs_s6_a2_010|obs_043,boundary_low
D,assessment_2,student_6,obs_s6_a2_010,obs_044,"The comments demonstrate excellent understanding of the real-world and cultural context behind the sandwich rules, supported by specific Wikipedia references and plausible food examples.","Your responses are correctly provided in the required answer locations (answer51/1, answer52/1, answer53/1). The formulas are included in the specified artifact and unit IDs, which align with the requirement.",strength,strength,task_group,task,,part_2_prolog_modal_logic,part_2_task_1|part_2_task_2|part_2_task_3|part_2_task_4|part_2_task_5,part_2_task_5,,P2-T5-R8,human_broader,compatible,not_assessable,0.1012564003467559,,,assessment_2|student_6|D|obs_s6_a2_010|obs_044,very_low
