calibration_pair_id,experiment,assessment_id,student_id,human_observation_id,generated_observation_id,human_text,generated_text,human_feedback_type,generated_feedback_type,human_scope,generated_scope,human_part_ids,generated_part_ids,human_task_ids,generated_task_ids,human_requirement_ids,generated_requirement_ids,scope_alignment,feedback_type_compatibility,requirement_alignment,semantic_similarity,manual_label,annotation_notes,pair_key,similarity_band
cal_0001,A,assessment_1,student_3,obs_006,obs_011,"Part 2 is entirely missing, including all four required theorems.",The theorem is not implemented. Please replace 'sorry' with actual proofs and add explanations.,omission,error,part,task,part_2,part_2,theorem_1|theorem_2|theorem_3|theorem_4,theorem_3,T1-R1|T1-R2|T1-R3|T1-R4|T1-R5|T2-R1|T2-R2|T2-R3|T2-R4|T2-R5|T3-R1|T3-R2|T3-R3|T3-R4|T3-R5|T3-R6|T4-R1|T4-R2|T4-R3|T4-R4|T4-R5|T4-R6,T3-R1|T3-R2|T3-R3|T3-R4|T3-R5|T3-R6,human_broader,potentially_compatible,overlap,0.618155837059021,,,assessment_1|student_3|A|obs_006|obs_011,boundary_high
cal_0002,A,assessment_1,student_3,obs_006,obs_010,"Part 2 is entirely missing, including all four required theorems.","The component is missing all required elements for proof correctness, explanation, and compilation. The theorem does not meet the submission criteria.",omission,error,part,task,part_2,part_2,theorem_1|theorem_2|theorem_3|theorem_4,theorem_2,T1-R1|T1-R2|T1-R3|T1-R4|T1-R5|T2-R1|T2-R2|T2-R3|T2-R4|T2-R5|T3-R1|T3-R2|T3-R3|T3-R4|T3-R5|T3-R6|T4-R1|T4-R2|T4-R3|T4-R4|T4-R5|T4-R6,T2-R1|T2-R2|T2-R3|T2-R4|T2-R5,human_broader,potentially_compatible,overlap,0.6085172891616821,,,assessment_1|student_3|A|obs_006|obs_010,boundary_high
cal_0003,A,assessment_1,student_3,obs_003,obs_006,The reasoning in Scenario 3 is logically sound and well structured.,Ensure the proof structure maintains the intended meaning of the scenario even with different proposition names.,strength,suggestion,task,task,part_1,part_1,scenario_3,scenario_3,S3-R5|S3-R6,S3-R6,exact,potentially_compatible,overlap,0.5303207635879517,,,assessment_1|student_3|A|obs_003|obs_006,boundary_high
cal_0004,A,assessment_1,student_3,obs_006,obs_009,"Part 2 is entirely missing, including all four required theorems.","The component does not include the required proof, explanations, or compilation.",omission,omission,part,task,part_2,part_2,theorem_1|theorem_2|theorem_3|theorem_4,theorem_1,T1-R1|T1-R2|T1-R3|T1-R4|T1-R5|T2-R1|T2-R2|T2-R3|T2-R4|T2-R5|T3-R1|T3-R2|T3-R3|T3-R4|T3-R5|T3-R6|T4-R1|T4-R2|T4-R3|T4-R4|T4-R5|T4-R6,T1-R1|T1-R2|T1-R3|T1-R4|T1-R5,human_broader,compatible,overlap,0.5115715861320496,,,assessment_1|student_3|A|obs_006|obs_009,boundary_high
cal_0005,A,assessment_1,student_3,obs_005,obs_008,Scenario 4 lacks a conclusion and therefore does not fully establish the required goal.,The submission should include a compilation check to ensure the code is valid.,error,omission,task,task,part_1,part_1,scenario_4,scenario_4,S4-R5,S4-R8,exact,potentially_compatible,no_overlap,0.2322991788387298,,,assessment_1|student_3|A|obs_005|obs_008,low_medium
cal_0006,A,assessment_1,student_3,obs_004,obs_003,Scenario 2 is incomplete.,The proof needs to explicitly derive 'a' using the assumptions and construct 'a ∧ d'. Add comments explaining the reasoning.,omission,error,task,task,part_1,part_1,scenario_2,scenario_2,,S2-R3|S2-R4|S2-R6,exact,potentially_compatible,not_assessable,0.1473737806081771,,,assessment_1|student_3|A|obs_004|obs_003,very_low
cal_0007,B,assessment_1,student_3,obs_003,b_obs_020,The reasoning in Scenario 3 is logically sound and well structured.,Ensure the proof structure maintains the intended meaning of the scenario even with different proposition names.,strength,suggestion,task,task,part_1,part_1,scenario_3,scenario_3,S3-R5|S3-R6,S3-R6,exact,potentially_compatible,overlap,0.5303207635879517,,,assessment_1|student_3|B|obs_003|b_obs_020,boundary_high
cal_0008,B,assessment_1,student_3,obs_006,b_obs_046,"Part 2 is entirely missing, including all four required theorems.",The theorem does not compile because the submission is empty.,omission,omission,part,task,part_2,part_2,theorem_1|theorem_2|theorem_3|theorem_4,theorem_3,T1-R1|T1-R2|T1-R3|T1-R4|T1-R5|T2-R1|T2-R2|T2-R3|T2-R4|T2-R5|T3-R1|T3-R2|T3-R3|T3-R4|T3-R5|T3-R6|T4-R1|T4-R2|T4-R3|T4-R4|T4-R5|T4-R6,T3-R6,human_broader,compatible,overlap,0.5219560265541077,,,assessment_1|student_3|B|obs_006|b_obs_046,boundary_high
cal_0009,B,assessment_1,student_3,obs_006,b_obs_051,"Part 2 is entirely missing, including all four required theorems.",The contradiction-based proof strategy is not explained in the submitted work.,omission,omission,part,task,part_2,part_2,theorem_1|theorem_2|theorem_3|theorem_4,theorem_4,T1-R1|T1-R2|T1-R3|T1-R4|T1-R5|T2-R1|T2-R2|T2-R3|T2-R4|T2-R5|T3-R1|T3-R2|T3-R3|T3-R4|T3-R5|T3-R6|T4-R1|T4-R2|T4-R3|T4-R4|T4-R5|T4-R6,T4-R5,human_broader,compatible,overlap,0.4211701154708862,,,assessment_1|student_3|B|obs_006|b_obs_051,boundary_low
cal_0010,B,assessment_1,student_3,obs_002,b_obs_001,The case-by-case analysis in Scenario 1 clearly captures all of the eligibility conditions.,Prerequisite requirement is correctly represented as x1 ∨ x2.,strength,strength,task,task,part_1,part_1,scenario_1,scenario_1,S1-R3|S1-R4,S1-R1,exact,compatible,no_overlap,0.403723269701004,,,assessment_1|student_3|B|obs_002|b_obs_001,boundary_low
cal_0011,B,assessment_1,student_3,obs_002,b_obs_002,The case-by-case analysis in Scenario 1 clearly captures all of the eligibility conditions.,"The student work includes the disjunction y1 ∨ y2 as part of the antecedent in the formula (x1 ∨ x2) ∧ (y1 ∨ y2) → z, which correctly represents the approval requirement as the disjunction y1 ∨ y2.",strength,strength,task,task,part_1,part_1,scenario_1,scenario_1,S1-R3|S1-R4,S1-R2,exact,compatible,no_overlap,0.3615733087062835,,,assessment_1|student_3|B|obs_002|b_obs_002,boundary_low
cal_0012,B,assessment_1,student_3,obs_005,b_obs_026,Scenario 4 lacks a conclusion and therefore does not fully establish the required goal.,¬f is not derived from the available assumptions.,error,error,task,task,part_1,part_1,scenario_4,scenario_4,S4-R5,S4-R4,exact,compatible,no_overlap,0.3586580157279968,,,assessment_1|student_3|B|obs_005|b_obs_026,boundary_low
cal_0013,B,assessment_1,student_3,obs_006,b_obs_038,"Part 2 is entirely missing, including all four required theorems.",The requirement to use the supplied conjunction-elimination and falsehood axioms appropriately is not met because the student work is empty.,omission,error,part,task,part_2,part_2,theorem_1|theorem_2|theorem_3|theorem_4,theorem_2,T1-R1|T1-R2|T1-R3|T1-R4|T1-R5|T2-R1|T2-R2|T2-R3|T2-R4|T2-R5|T3-R1|T3-R2|T3-R3|T3-R4|T3-R5|T3-R6|T4-R1|T4-R2|T4-R3|T4-R4|T4-R5|T4-R6,T2-R3,human_broader,potentially_compatible,overlap,0.353655993938446,,,assessment_1|student_3|B|obs_006|b_obs_038,boundary_low
cal_0014,B,assessment_1,student_3,obs_002,b_obs_005,The case-by-case analysis in Scenario 1 clearly captures all of the eligibility conditions.,"Your proof uses case evidence (e.g., 'case a', 'case b', 'case c', 'case d') and does not appear to rely on unrelated assumptions.",strength,strength,task,task,part_1,part_1,scenario_1,scenario_1,S1-R3|S1-R4,S1-R5,exact,compatible,no_overlap,0.3142169713973999,,,assessment_1|student_3|B|obs_002|b_obs_005,low_medium
cal_0015,B,assessment_1,student_3,obs_006,b_obs_037,"Part 2 is entirely missing, including all four required theorems.",The requirement to use the resulting contradiction to derive provable y is not present.,omission,omission,part,task,part_2,part_2,theorem_1|theorem_2|theorem_3|theorem_4,theorem_2,T1-R1|T1-R2|T1-R3|T1-R4|T1-R5|T2-R1|T2-R2|T2-R3|T2-R4|T2-R5|T3-R1|T3-R2|T3-R3|T3-R4|T3-R5|T3-R6|T4-R1|T4-R2|T4-R3|T4-R4|T4-R5|T4-R6,T2-R2,human_broader,compatible,overlap,0.2749103605747223,,,assessment_1|student_3|B|obs_006|b_obs_037,low_medium
cal_0016,B,assessment_1,student_3,obs_006,b_obs_036,"Part 2 is entirely missing, including all four required theorems.",The requirement to extract provable False from provable (conj x False) is not met because the student work is empty and the requirement is not satisfied.,omission,error,part,task,part_2,part_2,theorem_1|theorem_2|theorem_3|theorem_4,theorem_2,T1-R1|T1-R2|T1-R3|T1-R4|T1-R5|T2-R1|T2-R2|T2-R3|T2-R4|T2-R5|T3-R1|T3-R2|T3-R3|T3-R4|T3-R5|T3-R6|T4-R1|T4-R2|T4-R3|T4-R4|T4-R5|T4-R6,T2-R1,human_broader,potentially_compatible,overlap,0.2500810623168945,,,assessment_1|student_3|B|obs_006|b_obs_036,low_medium
cal_0017,B,assessment_1,student_3,obs_001,b_obs_003,The submission makes a strong start overall.,"Your submitted proof satisfies both the prerequisite and approval requirements, as demonstrated by the proof body that incorporates both conditions.",strength,strength,overall,task,,part_1,,scenario_1,,S1-R3,unknown,compatible,not_assessable,0.2284815907478332,,,assessment_1|student_3|B|obs_001|b_obs_003,low_medium
cal_0018,B,assessment_1,student_3,obs_001,b_obs_017,The submission makes a strong start overall.,The 'only if' interpretation is correctly applied in the formalisation.,strength,strength,overall,task,,part_1,,scenario_3,,S3-R3,unknown,compatible,not_assessable,0.0,,,assessment_1|student_3|B|obs_001|b_obs_017,very_low
cal_0019,C,assessment_1,student_3,obs_006,obs_034,"Part 2 is entirely missing, including all four required theorems.","The submission demonstrates understanding of logical structures involving conjunctions, but it lacks explicit explanations of the conjuncts in the context of the theorem. The examples include logical statements with conjunctions, but the specific explanation of each conjunct in the theorem is missing.",omission,suggestion,part,task,part_2,part_2,theorem_1|theorem_2|theorem_3|theorem_4,theorem_1,T1-R1|T1-R2|T1-R3|T1-R4|T1-R5|T2-R1|T2-R2|T2-R3|T2-R4|T2-R5|T3-R1|T3-R2|T3-R3|T3-R4|T3-R5|T3-R6|T4-R1|T4-R2|T4-R3|T4-R4|T4-R5|T4-R6,T1-R4,human_broader,potentially_compatible,overlap,0.5482621192932129,,,assessment_1|student_3|C|obs_006|obs_034,boundary_high
cal_0020,C,assessment_1,student_3,obs_002,obs_006,The case-by-case analysis in Scenario 1 clearly captures all of the eligibility conditions.,"The submission correctly formalizes the eligibility condition, but it needs to include a detailed explanation of how the prerequisite and approval conditions together establish eligibility. The proof should be accompanied by comments that clarify the reasoning steps.",strength,suggestion,task,task,part_1,part_1,scenario_1,scenario_1,S1-R3|S1-R4,S1-R6,exact,potentially_compatible,no_overlap,0.5300765037536621,,,assessment_1|student_3|C|obs_002|obs_006,boundary_high
cal_0021,C,assessment_1,student_3,obs_002,obs_003,The case-by-case analysis in Scenario 1 clearly captures all of the eligibility conditions.,"The submission demonstrates an understanding of the conjunctive eligibility condition, but the proof needs to explicitly connect the conditions to the provable predicate z to fully meet the requirement.",strength,suggestion,task,task,part_1,part_1,scenario_1,scenario_1,S1-R3|S1-R4,S1-R3,exact,potentially_compatible,overlap,0.5233808159828186,,,assessment_1|student_3|C|obs_002|obs_003,boundary_high
cal_0022,C,assessment_1,student_3,obs_006,obs_047,"Part 2 is entirely missing, including all four required theorems.","The submission includes several logical theorems and proofs, but it does not explicitly combine provable x and y as required by the assessment criterion. The proofs are structured and follow logical axioms, but the specific combination of x and y is missing.",omission,error,part,task,part_2,part_2,theorem_1|theorem_2|theorem_3|theorem_4,theorem_4,T1-R1|T1-R2|T1-R3|T1-R4|T1-R5|T2-R1|T2-R2|T2-R3|T2-R4|T2-R5|T3-R1|T3-R2|T3-R3|T3-R4|T3-R5|T3-R6|T4-R1|T4-R2|T4-R3|T4-R4|T4-R5|T4-R6,T4-R1,human_broader,potentially_compatible,overlap,0.4510067105293274,,,assessment_1|student_3|C|obs_006|obs_047,boundary_low
cal_0023,C,assessment_1,student_3,obs_006,obs_039,"Part 2 is entirely missing, including all four required theorems.","The submission contains Lean examples with logical proofs, but it does not include an explanation of the principle of explosion or how it is implemented. The explanation of the principle of explosion is missing from the provided evidence.",omission,error,part,task,part_2,part_2,theorem_1|theorem_2|theorem_3|theorem_4,theorem_2,T1-R1|T1-R2|T1-R3|T1-R4|T1-R5|T2-R1|T2-R2|T2-R3|T2-R4|T2-R5|T3-R1|T3-R2|T3-R3|T3-R4|T3-R5|T3-R6|T4-R1|T4-R2|T4-R3|T4-R4|T4-R5|T4-R6,T2-R4,human_broader,potentially_compatible,overlap,0.416826844215393,,,assessment_1|student_3|C|obs_006|obs_039,boundary_low
cal_0024,C,assessment_1,student_3,obs_006,obs_037,"Part 2 is entirely missing, including all four required theorems.",The submission demonstrates understanding of logical principles but fails to explicitly derive 'provable y' from the contradiction as required by the assessment.,omission,error,part,task,part_2,part_2,theorem_1|theorem_2|theorem_3|theorem_4,theorem_2,T1-R1|T1-R2|T1-R3|T1-R4|T1-R5|T2-R1|T2-R2|T2-R3|T2-R4|T2-R5|T3-R1|T3-R2|T3-R3|T3-R4|T3-R5|T3-R6|T4-R1|T4-R2|T4-R3|T4-R4|T4-R5|T4-R6,T2-R2,human_broader,potentially_compatible,overlap,0.4140581786632538,,,assessment_1|student_3|C|obs_006|obs_037,boundary_low
cal_0025,C,assessment_1,student_3,obs_004,obs_010,Scenario 2 is incomplete.,"The submission demonstrates an understanding of the logical structure of the problem. The proof body correctly decomposes the assumptions, but the proof is incomplete and does not fully derive the conclusion from the given assumptions.",omission,suggestion,task,task,part_1,part_1,scenario_2,scenario_2,,S2-R3,exact,potentially_compatible,not_assessable,0.3959561288356781,,,assessment_1|student_3|C|obs_004|obs_010,boundary_low
cal_0026,C,assessment_1,student_3,obs_006,obs_031,"Part 2 is entirely missing, including all four required theorems.","The submission includes several logical theorems and proofs, but none directly address the requirement to prove that a conjunction with False leads to a contradiction. The examples provided are focused on different logical structures and do not explicitly demonstrate the required proof.",omission,error,part,task,part_2,part_2,theorem_1|theorem_2|theorem_3|theorem_4,theorem_1,T1-R1|T1-R2|T1-R3|T1-R4|T1-R5|T2-R1|T2-R2|T2-R3|T2-R4|T2-R5|T3-R1|T3-R2|T3-R3|T3-R4|T3-R5|T3-R6|T4-R1|T4-R2|T4-R3|T4-R4|T4-R5|T4-R6,T1-R1,human_broader,potentially_compatible,overlap,0.3860384523868561,,,assessment_1|student_3|C|obs_006|obs_031,boundary_low
cal_0027,C,assessment_1,student_3,obs_006,obs_051,"Part 2 is entirely missing, including all four required theorems.","The submission demonstrates a strong understanding of logical principles and axioms, but it does not include an explicit explanation of the contradiction-based proof strategy as required by the assessment.",omission,error,part,task,part_2,part_2,theorem_1|theorem_2|theorem_3|theorem_4,theorem_4,T1-R1|T1-R2|T1-R3|T1-R4|T1-R5|T2-R1|T2-R2|T2-R3|T2-R4|T2-R5|T3-R1|T3-R2|T3-R3|T3-R4|T3-R5|T3-R6|T4-R1|T4-R2|T4-R3|T4-R4|T4-R5|T4-R6,T4-R5,human_broader,potentially_compatible,overlap,0.3693434000015259,,,assessment_1|student_3|C|obs_006|obs_051,boundary_low
cal_0028,C,assessment_1,student_3,obs_005,obs_030,Scenario 4 lacks a conclusion and therefore does not fully establish the required goal.,"The submission_reference evidence does not include any information about the compilation status of the Lean code. To assess the compilation requirement, we would need explicit evidence of whether the code compiled successfully or not.",error,suggestion,task,task,part_1,part_1,scenario_4,scenario_4,S4-R5,S4-R8,exact,potentially_compatible,no_overlap,0.2708048224449157,,,assessment_1|student_3|C|obs_005|obs_030,low_medium
cal_0029,C,assessment_1,student_3,obs_001,obs_040,The submission makes a strong start overall.,The submission demonstrates that the theorem compiles as all units have complete proofs without 'sorry' markers. The structured data confirms the proof style is 'term' and the compilation is ready.,strength,strength,overall,task,,part_2,,theorem_2,,T2-R5,unknown,compatible,not_assessable,0.1545138657093048,,,assessment_1|student_3|C|obs_001|obs_040,very_low
cal_0030,C,assessment_1,student_3,obs_002,obs_007,The case-by-case analysis in Scenario 1 clearly captures all of the eligibility conditions.,The compilation status of the submitted Lean code cannot be assessed due to the absence of a compilation tool in the preprocessing version. Please ensure that the Lean code is compiled successfully in a valid environment.,strength,suggestion,task,task,part_1,part_1,scenario_1,scenario_1,S1-R3|S1-R4,S1-R7,exact,potentially_compatible,no_overlap,0.1119415760040283,,,assessment_1|student_3|C|obs_002|obs_007,very_low
cal_0031,D,assessment_1,student_3,obs_002,obs_006,The case-by-case analysis in Scenario 1 clearly captures all of the eligibility conditions.,"The submission correctly formalizes the eligibility condition, but it needs to include a detailed explanation of how the prerequisite and approval conditions together establish eligibility. The proof should be accompanied by comments that clarify the reasoning steps.",strength,suggestion,task,task,part_1,part_1,scenario_1,scenario_1,S1-R3|S1-R4,S1-R6,exact,potentially_compatible,no_overlap,0.5300765037536621,,,assessment_1|student_3|D|obs_002|obs_006,boundary_high
cal_0032,D,assessment_1,student_3,obs_006,obs_039,"Part 2 is entirely missing, including all four required theorems.","The submission contains Lean examples with logical proofs, but it does not include an explanation of the principle of explosion or how it is implemented. The explanation of the principle of explosion is missing from the provided evidence.",omission,error,part,task,part_2,part_2,theorem_1|theorem_2|theorem_3|theorem_4,theorem_2,T1-R1|T1-R2|T1-R3|T1-R4|T1-R5|T2-R1|T2-R2|T2-R3|T2-R4|T2-R5|T3-R1|T3-R2|T3-R3|T3-R4|T3-R5|T3-R6|T4-R1|T4-R2|T4-R3|T4-R4|T4-R5|T4-R6,T2-R4,human_broader,potentially_compatible,overlap,0.416826844215393,,,assessment_1|student_3|D|obs_006|obs_039,boundary_low
cal_0033,D,assessment_1,student_3,obs_002,obs_005,The case-by-case analysis in Scenario 1 clearly captures all of the eligibility conditions.,"The student's proof uses case analysis on the disjunctions, which is appropriate. The proof is based solely on the case analysis evidence and does not rely on unrelated assumptions. The conclusion is derived directly from the case analysis without introducing additional assumptions.",strength,strength,task,task,part_1,part_1,scenario_1,scenario_1,S1-R3|S1-R4,S1-R5,exact,compatible,no_overlap,0.392983078956604,,,assessment_1|student_3|D|obs_002|obs_005,boundary_low
cal_0034,D,assessment_1,student_3,obs_002,obs_001,The case-by-case analysis in Scenario 1 clearly captures all of the eligibility conditions.,"Your submission correctly includes the disjunction x1 ∨ x2 as part of the formal statement, which meets the requirement to represent the prerequisite requirement as the disjunction x1 ∨ x2.",strength,strength,task,task,part_1,part_1,scenario_1,scenario_1,S1-R3|S1-R4,S1-R1,exact,compatible,no_overlap,0.3698971271514892,,,assessment_1|student_3|D|obs_002|obs_001,boundary_low
cal_0035,D,assessment_1,student_3,obs_002,obs_002,The case-by-case analysis in Scenario 1 clearly captures all of the eligibility conditions.,"Your submitted formalisation of the approval requirement includes y1 ∨ y2, which directly represents the disjunction as required by the exact requirement.",strength,strength,task,task,part_1,part_1,scenario_1,scenario_1,S1-R3|S1-R4,S1-R2,exact,compatible,no_overlap,0.3078081011772156,,,assessment_1|student_3|D|obs_002|obs_002,low_medium
cal_0036,D,assessment_1,student_3,obs_005,obs_024,Scenario 4 lacks a conclusion and therefore does not fully establish the required goal.,"The submission does not explicitly derive 'r' from 't' and 't → r'. The proof provided is for a different proposition that includes 'r' as a component of the conclusion, but it does not directly derive 'r' from the given assumptions.",error,error,task,task,part_1,part_1,scenario_4,scenario_4,S4-R5,S4-R2,exact,compatible,no_overlap,0.2626397609710693,,,assessment_1|student_3|D|obs_005|obs_024,low_medium
cal_0037,D,assessment_1,student_3,obs_001,obs_049,The submission makes a strong start overall.,"The submission includes multiple Lean examples with structured proofs that address the specific requirement related to the contradiction with ¬ provable (conj x y). The proofs are structured and follow axioms, and the requirement is met through the formal statements and proof bodies.",strength,strength,overall,task,,part_2,,theorem_4,,T4-R3,unknown,compatible,not_assessable,0.2518441677093506,,,assessment_1|student_3|D|obs_001|obs_049,low_medium
cal_0038,D,assessment_1,student_3,obs_001,obs_033,The submission makes a strong start overall.,"The submission meets the requirement by using appropriate axioms, including conjunction elimination and AxNotPrFalse, in the proofs provided. The evidence shows that the required axioms are applied correctly in the Lean examples.",strength,strength,overall,task,,part_2,,theorem_1,,T1-R3,unknown,compatible,not_assessable,0.2276607900857925,,,assessment_1|student_3|D|obs_001|obs_033,low_medium
cal_0039,D,assessment_1,student_3,obs_001,obs_050,The submission makes a strong start overall.,"The student has correctly applied AxConjIntro in all five examples. Each proof body uses the correct application of conjunction introduction, with proper case analysis and use of logical axioms.",strength,strength,overall,task,,part_2,,theorem_4,,T4-R4,unknown,compatible,not_assessable,0.1799734979867935,,,assessment_1|student_3|D|obs_001|obs_050,very_low
cal_0040,D,assessment_1,student_3,obs_002,obs_007,The case-by-case analysis in Scenario 1 clearly captures all of the eligibility conditions.,The compilation status of the submitted Lean code cannot be assessed due to the absence of a compilation tool in the preprocessing version. Please ensure that the Lean code is compiled successfully in a valid environment.,strength,suggestion,task,task,part_1,part_1,scenario_1,scenario_1,S1-R3|S1-R4,S1-R7,exact,potentially_compatible,no_overlap,0.1119415760040283,,,assessment_1|student_3|D|obs_002|obs_007,very_low
cal_0041,A,assessment_1,student_5,obs_002,obs_001,"Scenario 1 considers only the prerequisite pathway and does not incorporate the required approval condition, so eligibility is not established from both required inputs.",The submission does not correctly represent the prerequisite and approval conditions or explain how they establish eligibility. The proof also does not use case analysis evidence to derive the conclusion.,error,error,task,task,part_1,part_1,scenario_1,scenario_1,S1-R3|S1-R5,S1-R1|S1-R2|S1-R3|S1-R5|S1-R6,exact,compatible,overlap,0.6685922741889954,,,assessment_1|student_5|A|obs_002|obs_001,high
cal_0042,A,assessment_1,student_5,obs_004,obs_013,All four Part 2 theorems are logically sound.,The proof demonstrates a clear understanding of nested conjunctions and their manipulation using the specified axioms.,strength,strength,part,task,part_2,part_2,theorem_1|theorem_2|theorem_3|theorem_4,theorem_3,,T3-R1|T3-R2|T3-R3|T3-R4|T3-R6,human_broader,compatible,not_assessable,0.4276431798934936,,,assessment_1|student_5|A|obs_004|obs_013,boundary_low
cal_0043,A,assessment_1,student_5,obs_004,obs_015,All four Part 2 theorems are logically sound.,The proof strategy effectively uses the provided axioms and logical steps to derive the required conclusions.,strength,strength,part,task,part_2,part_2,theorem_1|theorem_2|theorem_3|theorem_4,theorem_4,,T4-R1|T4-R2|T4-R3|T4-R4,human_broader,compatible,not_assessable,0.4011315107345581,,,assessment_1|student_5|A|obs_004|obs_015,boundary_low
cal_0044,A,assessment_1,student_5,obs_001,obs_013,The submission is good overall.,The proof demonstrates a clear understanding of nested conjunctions and their manipulation using the specified axioms.,strength,strength,overall,task,,part_2,,theorem_3,,T3-R1|T3-R2|T3-R3|T3-R4|T3-R6,unknown,compatible,not_assessable,0.1279682368040084,,,assessment_1|student_5|A|obs_001|obs_013,very_low
cal_0045,B,assessment_1,student_5,obs_002,b_obs_006,"Scenario 1 considers only the prerequisite pathway and does not incorporate the required approval condition, so eligibility is not established from both required inputs.",Explanation of how conditions establish eligibility is missing.,error,error,task,task,part_1,part_1,scenario_1,scenario_1,S1-R3|S1-R5,S1-R6,exact,compatible,no_overlap,0.6575034856796265,,,assessment_1|student_5|B|obs_002|b_obs_006,high
cal_0046,B,assessment_1,student_5,obs_004,b_obs_035,All four Part 2 theorems are logically sound.,The theorem compiles as per the Lean 4 syntax.,strength,strength,part,task,part_2,part_2,theorem_1|theorem_2|theorem_3|theorem_4,theorem_1,,T1-R5,human_broader,compatible,not_assessable,0.5969269275665283,,,assessment_1|student_5|B|obs_004|b_obs_035,boundary_high
cal_0047,B,assessment_1,student_5,obs_004,b_obs_033,All four Part 2 theorems are logically sound.,The theorem uses appropriate axioms including AxConjElimRight and AxNotPrFalse as required.,strength,strength,part,task,part_2,part_2,theorem_1|theorem_2|theorem_3|theorem_4,theorem_1,,T1-R3,human_broader,compatible,not_assessable,0.4716458618640899,,,assessment_1|student_5|B|obs_004|b_obs_033,boundary_low
cal_0048,B,assessment_1,student_5,obs_004,b_obs_040,All four Part 2 theorems are logically sound.,"The theorem must compile, which is met in the submission.",strength,strength,part,task,part_2,part_2,theorem_1|theorem_2|theorem_3|theorem_4,theorem_2,,T2-R5,human_broader,compatible,not_assessable,0.4703552722930908,,,assessment_1|student_5|B|obs_004|b_obs_040,boundary_low
cal_0049,B,assessment_1,student_5,obs_004,b_obs_041,All four Part 2 theorems are logically sound.,"Provable x, y, z are extracted from nested conjunctions in the proof body.",strength,strength,part,task,part_2,part_2,theorem_1|theorem_2|theorem_3|theorem_4,theorem_3,,T3-R1,human_broader,compatible,not_assessable,0.3925316631793976,,,assessment_1|student_5|B|obs_004|b_obs_041,boundary_low
cal_0050,B,assessment_1,student_5,obs_003,b_obs_020,"Scenario 3 cannot be verified because the Lean submission fails to compile after provable is redeclared using both def and opaque, producing a name conflict.",Ensure the proof includes a brief explanation of the reasoning and the use of different proposition names.,error,suggestion,task,task,part_1,part_1,scenario_3,scenario_3,S3-R8,S3-R6,exact,potentially_compatible,no_overlap,0.388261467218399,,,assessment_1|student_5|B|obs_003|b_obs_020,boundary_low
cal_0051,B,assessment_1,student_5,obs_001,b_obs_007,The submission is good overall.,The submitted Lean code compiles successfully.,strength,strength,overall,task,,part_1,,scenario_1,,S1-R7,unknown,compatible,not_assessable,0.2967002689838409,,,assessment_1|student_5|B|obs_001|b_obs_007,low_medium
cal_0052,B,assessment_1,student_5,obs_001,b_obs_046,The submission is good overall.,The theorem compiles as no 'sorry' is present in the submission.,strength,strength,overall,task,,part_2,,theorem_3,,T3-R6,unknown,compatible,not_assessable,0.201271578669548,,,assessment_1|student_5|B|obs_001|b_obs_046,low_medium
cal_0053,B,assessment_1,student_5,obs_001,b_obs_042,The submission is good overall.,Provable (conj y x) is constructed using AxConjIntro in the proof body.,strength,strength,overall,task,,part_2,,theorem_3,,T3-R2,unknown,compatible,not_assessable,0.142397254705429,,,assessment_1|student_5|B|obs_001|b_obs_042,very_low
cal_0054,C,assessment_1,student_5,obs_005,obs_034,The Part 2 theorems are well explained.,The student has correctly explained both conjuncts of the theorem. The proof includes detailed comments that clarify the logical steps for both parts of the theorem.,strength,strength,part,task,part_2,part_2,theorem_1|theorem_2|theorem_3|theorem_4,theorem_1,T1-R4|T2-R4|T3-R5|T4-R5,T1-R4,human_broader,compatible,overlap,0.6810675859451294,,,assessment_1|student_5|C|obs_005|obs_034,high
cal_0055,C,assessment_1,student_5,obs_002,obs_006,"Scenario 1 considers only the prerequisite pathway and does not incorporate the required approval condition, so eligibility is not established from both required inputs.","The proof demonstrates case analysis on the disjunctions, but it is incomplete and lacks a clear explanation of how the conditions establish eligibility. The explanation is missing, and the proof does not fully connect the prerequisite and approval conditions to the eligibility requirement.",error,error,task,task,part_1,part_1,scenario_1,scenario_1,S1-R3|S1-R5,S1-R6,exact,compatible,no_overlap,0.6569080352783203,,,assessment_1|student_5|C|obs_002|obs_006,high
cal_0056,C,assessment_1,student_5,obs_002,obs_002,"Scenario 1 considers only the prerequisite pathway and does not incorporate the required approval condition, so eligibility is not established from both required inputs.",The submission does not correctly formalize the approval requirement as the disjunction y1 ∨ y2. The proof body uses case analysis on y1 ∨ y2 but does not explicitly represent the approval requirement as a disjunction in the formal statement.,error,error,task,task,part_1,part_1,scenario_1,scenario_1,S1-R3|S1-R5,S1-R2,exact,compatible,no_overlap,0.5339879989624023,,,assessment_1|student_5|C|obs_002|obs_002,boundary_high
cal_0057,C,assessment_1,student_5,obs_004,obs_038,All four Part 2 theorems are logically sound.,The student has correctly applied the conjunction-elimination and falsehood axioms in the proof of theorem ex2. The use of AxConjElimRight and AxNotPrFalse is appropriate and well-explained with comments.,strength,strength,part,task,part_2,part_2,theorem_1|theorem_2|theorem_3|theorem_4,theorem_2,,T2-R3,human_broader,compatible,not_assessable,0.5100340247154236,,,assessment_1|student_5|C|obs_004|obs_038,boundary_high
cal_0058,C,assessment_1,student_5,obs_002,obs_003,"Scenario 1 considers only the prerequisite pathway and does not incorporate the required approval condition, so eligibility is not established from both required inputs.","The proof demonstrates an attempt to satisfy both prerequisite and approval requirements, but it is incomplete and lacks full handling of all case combinations. The proof should explicitly handle all four cases (x1 ∧ y1, x1 ∧ y2, x2 ∧ y1, x2 ∧ y2) and ensure that both conditions are fully addressed.",error,suggestion,task,task,part_1,part_1,scenario_1,scenario_1,S1-R3|S1-R5,S1-R3,exact,potentially_compatible,overlap,0.5056029558181763,,,assessment_1|student_5|C|obs_002|obs_003,boundary_high
cal_0059,C,assessment_1,student_5,obs_003,obs_022,"Scenario 3 cannot be verified because the Lean submission fails to compile after provable is redeclared using both def and opaque, producing a name conflict.",The compilation status of the submitted Lean code cannot be assessed as the preprocessing version does not include Lean compilation. Please ensure that the Lean code is compiled and verified for correctness.,error,suggestion,task,task,part_1,part_1,scenario_3,scenario_3,S3-R8,S3-R8,exact,potentially_compatible,exact,0.4816036820411682,,,assessment_1|student_5|C|obs_003|obs_022,boundary_low
cal_0060,C,assessment_1,student_5,obs_004,obs_047,All four Part 2 theorems are logically sound.,"The student has met the requirement by proving the theorem using the given assumptions. The proof is structured correctly and uses the necessary axioms. The comments in the proof provide some explanation, but more detailed comments could be added for clarity.",strength,strength,part,task,part_2,part_2,theorem_1|theorem_2|theorem_3|theorem_4,theorem_4,,T4-R1,human_broader,compatible,not_assessable,0.4387589693069458,,,assessment_1|student_5|C|obs_004|obs_047,boundary_low
cal_0061,C,assessment_1,student_5,obs_004,obs_041,All four Part 2 theorems are logically sound.,"The student's proof demonstrates the ability to extract provable components from a nested conjunction. The use of the provided axioms and the logical steps taken to recombine the components meet the requirement. The comments in the proof body provide some explanation, but more detailed comments could enhance clarity.",strength,strength,part,task,part_2,part_2,theorem_1|theorem_2|theorem_3|theorem_4,theorem_3,,T3-R1,human_broader,compatible,not_assessable,0.4045431613922119,,,assessment_1|student_5|C|obs_004|obs_041,boundary_low
cal_0062,C,assessment_1,student_5,obs_004,obs_043,All four Part 2 theorems are logically sound.,"The student has successfully constructed a proof that meets the requirement. The proof uses the provided axioms to extract and recombine components, demonstrating correct reasoning. The comments in the code provide explanations of each step, which is good practice.",strength,strength,part,task,part_2,part_2,theorem_1|theorem_2|theorem_3|theorem_4,theorem_3,,T3-R3,human_broader,compatible,not_assessable,0.392865389585495,,,assessment_1|student_5|C|obs_004|obs_043,boundary_low
cal_0063,C,assessment_1,student_5,obs_002,obs_005,"Scenario 1 considers only the prerequisite pathway and does not incorporate the required approval condition, so eligibility is not established from both required inputs.","The proof in the submission uses case analysis on the disjunctions, but it is incomplete and does not fully connect the disjunction assumptions to the conclusion z. The hypotheses h1, h3, and h4 are not defined, which may lead to an incomplete proof.",error,error,task,task,part_1,part_1,scenario_1,scenario_1,S1-R3|S1-R5,S1-R5,exact,compatible,overlap,0.3767756223678589,,,assessment_1|student_5|C|obs_002|obs_005,boundary_low
cal_0064,C,assessment_1,student_5,obs_002,obs_004,"Scenario 1 considers only the prerequisite pathway and does not incorporate the required approval condition, so eligibility is not established from both required inputs.","The proof demonstrates an attempt to handle the four combinations of the disjunctions, but it is incomplete and lacks the full case analysis required for all four combinations. The proof needs to be completed to ensure that all four cases are properly addressed.",error,suggestion,task,task,part_1,part_1,scenario_1,scenario_1,S1-R3|S1-R5,S1-R4,exact,potentially_compatible,no_overlap,0.3642322421073913,,,assessment_1|student_5|C|obs_002|obs_004,boundary_low
cal_0065,C,assessment_1,student_5,obs_002,obs_007,"Scenario 1 considers only the prerequisite pathway and does not incorporate the required approval condition, so eligibility is not established from both required inputs.","The submission contains conflicting definitions of the 'provable' function, which prevents the Lean code from compiling. The definitions in units 002, 005, and 009 are inconsistent and need to be resolved to ensure the code compiles correctly.",error,error,task,task,part_1,part_1,scenario_1,scenario_1,S1-R3|S1-R5,S1-R7,exact,compatible,no_overlap,0.2382912635803222,,,assessment_1|student_5|C|obs_002|obs_007,low_medium
cal_0066,C,assessment_1,student_5,obs_003,obs_016,"Scenario 3 cannot be verified because the Lean submission fails to compile after provable is redeclared using both def and opaque, producing a name conflict.","The student's proof does not explicitly represent 'safe weather' as the negation of 'unsafe weather'. The formalisation note in the task description requires this representation, but it is not present in the submitted evidence.",error,error,task,task,part_1,part_1,scenario_3,scenario_3,S3-R8,S3-R2,exact,compatible,no_overlap,0.2358721494674682,,,assessment_1|student_5|C|obs_003|obs_016,low_medium
cal_0067,C,assessment_1,student_5,obs_003,obs_018,"Scenario 3 cannot be verified because the Lean submission fails to compile after provable is redeclared using both def and opaque, producing a name conflict.",The student's work does not demonstrate the required formalisation that unsafe alternate-route weather implies the absence of congestion on the usual route. The proof attempts focus on different conditions and do not explicitly link these concepts.,error,error,task,task,part_1,part_1,scenario_3,scenario_3,S3-R8,S3-R4,exact,compatible,no_overlap,0.1790039241313934,,,assessment_1|student_5|C|obs_003|obs_018,very_low
cal_0068,C,assessment_1,student_5,obs_001,obs_020,The submission is good overall.,"The proof correctly preserves the intended meaning of the scenario, even with different proposition names or theorem structure. The student's approach aligns with the requirement to formalize the autonomous vehicle route conditions and prove that the car reaches the destination.",strength,strength,overall,task,,part_1,,scenario_3,,S3-R6,unknown,compatible,not_assessable,0.1424260735511779,,,assessment_1|student_5|C|obs_001|obs_020,very_low
cal_0069,C,assessment_1,student_5,obs_001,obs_031,The submission is good overall.,The student has successfully proven that provable (conj x False) leads to a contradiction. The proof is structured correctly and includes necessary comments explaining the reasoning. The use of axioms and logical steps is appropriate.,strength,strength,overall,task,,part_2,,theorem_1,,T1-R1,unknown,compatible,not_assessable,0.118351012468338,,,assessment_1|student_5|C|obs_001|obs_031,very_low
cal_0070,D,assessment_1,student_5,obs_005,obs_034,The Part 2 theorems are well explained.,The student has correctly explained both conjuncts of the theorem. The proof includes detailed comments that clarify the logical steps for both parts of the theorem.,strength,strength,part,task,part_2,part_2,theorem_1|theorem_2|theorem_3|theorem_4,theorem_1,T1-R4|T2-R4|T3-R5|T4-R5,T1-R4,human_broader,compatible,overlap,0.6810675859451294,,,assessment_1|student_5|D|obs_005|obs_034,high
cal_0071,D,assessment_1,student_5,obs_002,obs_006,"Scenario 1 considers only the prerequisite pathway and does not incorporate the required approval condition, so eligibility is not established from both required inputs.","The proof demonstrates case analysis on the disjunctions, but it is incomplete and lacks a clear explanation of how the conditions establish eligibility. The explanation is missing, and the proof does not fully connect the prerequisite and approval conditions to the eligibility requirement.",error,error,task,task,part_1,part_1,scenario_1,scenario_1,S1-R3|S1-R5,S1-R6,exact,compatible,no_overlap,0.6569080352783203,,,assessment_1|student_5|D|obs_002|obs_006,high
cal_0072,D,assessment_1,student_5,obs_004,obs_034,All four Part 2 theorems are logically sound.,The student has correctly explained both conjuncts of the theorem. The proof includes detailed comments that clarify the logical steps for both parts of the theorem.,strength,strength,part,task,part_2,part_2,theorem_1|theorem_2|theorem_3|theorem_4,theorem_1,,T1-R4,human_broader,compatible,not_assessable,0.5887028574943542,,,assessment_1|student_5|D|obs_004|obs_034,boundary_high
cal_0073,D,assessment_1,student_5,obs_004,obs_052,All four Part 2 theorems are logically sound.,"The theorem_4 component compiles successfully. The theorem is correctly defined with a proof body, and all supporting axioms are present and properly structured. The code is well-formed and does not contain any syntax errors.",strength,strength,part,task,part_2,part_2,theorem_1|theorem_2|theorem_3|theorem_4,theorem_4,,T4-R6,human_broader,compatible,not_assessable,0.5648133754730225,,,assessment_1|student_5|D|obs_004|obs_052,boundary_high
cal_0074,D,assessment_1,student_5,obs_004,obs_046,All four Part 2 theorems are logically sound.,"The theorem_3 component compiles correctly with the provided axioms. The proof uses the defined axioms for conjunction elimination and introduction, and the theorem is properly declared with no 'sorry' markers.",strength,strength,part,task,part_2,part_2,theorem_1|theorem_2|theorem_3|theorem_4,theorem_3,,T3-R6,human_broader,compatible,not_assessable,0.5286296010017395,,,assessment_1|student_5|D|obs_004|obs_046,boundary_high
cal_0075,D,assessment_1,student_5,obs_004,obs_038,All four Part 2 theorems are logically sound.,The student has correctly applied the conjunction-elimination and falsehood axioms in the proof of theorem ex2. The use of AxConjElimRight and AxNotPrFalse is appropriate and well-explained with comments.,strength,strength,part,task,part_2,part_2,theorem_1|theorem_2|theorem_3|theorem_4,theorem_2,,T2-R3,human_broader,compatible,not_assessable,0.5100340247154236,,,assessment_1|student_5|D|obs_004|obs_038,boundary_high
cal_0076,D,assessment_1,student_5,obs_004,obs_051,All four Part 2 theorems are logically sound.,The student has demonstrated an understanding of the contradiction-based proof strategy by implementing a proof by contradiction in the theorem ex4. The proof body includes comments that explain the assumption of provable y and the subsequent contradiction.,strength,strength,part,task,part_2,part_2,theorem_1|theorem_2|theorem_3|theorem_4,theorem_4,,T4-R5,human_broader,compatible,not_assessable,0.5061749219894409,,,assessment_1|student_5|D|obs_004|obs_051,boundary_high
cal_0077,D,assessment_1,student_5,obs_003,obs_022,"Scenario 3 cannot be verified because the Lean submission fails to compile after provable is redeclared using both def and opaque, producing a name conflict.",The compilation status of the submitted Lean code cannot be assessed as the preprocessing version does not include Lean compilation. Please ensure that the Lean code is compiled and verified for correctness.,error,suggestion,task,task,part_1,part_1,scenario_3,scenario_3,S3-R8,S3-R8,exact,potentially_compatible,exact,0.4816036820411682,,,assessment_1|student_5|D|obs_003|obs_022,boundary_low
cal_0078,D,assessment_1,student_5,obs_004,obs_043,All four Part 2 theorems are logically sound.,"The student has successfully constructed a proof that meets the requirement. The proof uses the provided axioms to extract and recombine components, demonstrating correct reasoning. The comments in the code provide explanations of each step, which is good practice.",strength,strength,part,task,part_2,part_2,theorem_1|theorem_2|theorem_3|theorem_4,theorem_3,,T3-R3,human_broader,compatible,not_assessable,0.392865389585495,,,assessment_1|student_5|D|obs_004|obs_043,boundary_low
cal_0079,D,assessment_1,student_5,obs_005,obs_045,The Part 2 theorems are well explained.,The student has provided a clear and detailed explanation of the elimination and reconstruction steps in the proof. The comments in the code clearly label each step and describe the logical operations involved. This meets the requirement for explaining the steps.,strength,strength,part,task,part_2,part_2,theorem_1|theorem_2|theorem_3|theorem_4,theorem_3,T1-R4|T2-R4|T3-R5|T4-R5,T3-R5,human_broader,compatible,overlap,0.3350852131843567,,,assessment_1|student_5|D|obs_005|obs_045,low_medium
cal_0080,D,assessment_1,student_5,obs_001,obs_024,The submission is good overall.,The student has correctly derived r from t and t -> r using the provided proof steps. The proof includes the necessary logical steps to achieve the goal.,strength,strength,overall,task,,part_1,,scenario_4,,S4-R2,unknown,compatible,not_assessable,0.124668501317501,,,assessment_1|student_5|D|obs_001|obs_024,very_low
cal_0081,A,assessment_1,student_7,obs_002,obs_001,Scenario 1 does not correctly combine the prerequisite condition and approval condition into the required conjunctive eligibility condition.,"The proof needs to clearly demonstrate both prerequisite and approval conditions, address all four cases, and include an explanation of how the conditions establish eligibility.",error,error,task,task,part_1,part_1,scenario_1,scenario_1,S1-R3,S1-R3|S1-R4|S1-R5|S1-R6,exact,compatible,overlap,0.6634945869445801,,,assessment_1|student_7|A|obs_002|obs_001,high
cal_0082,A,assessment_1,student_7,obs_002,obs_002,Scenario 1 does not correctly combine the prerequisite condition and approval condition into the required conjunctive eligibility condition.,Include a brief explanation of how the prerequisite and approval conditions together establish eligibility.,error,suggestion,task,task,part_1,part_1,scenario_1,scenario_1,S1-R3,S1-R6,exact,potentially_compatible,no_overlap,0.645200252532959,,,assessment_1|student_7|A|obs_002|obs_002,boundary_high
cal_0083,A,assessment_1,student_7,obs_001,obs_006,The submission is good overall.,Ensure the proof clearly explains the reasoning and includes comments for clarity.,strength,suggestion,overall,task,,part_1,,scenario_3,,S3-R6,unknown,potentially_compatible,not_assessable,0.1936335265636444,,,assessment_1|student_7|A|obs_001|obs_006,very_low
cal_0084,B,assessment_1,student_7,obs_003,b_obs_032,"Theorem 1 proves the wrong logical structure: the required goal is a conjunction containing two claims, but the submitted proof instead establishes an implication from a conjunction to a single outcome.",The student's submitted work proves a different theorem (ex2) which states that 'provable (conj x False) implies provable y'. This does not satisfy the exact requirement to prove that 'provable x does not imply that False is provable'.,error,error,task,task,part_2,part_2,theorem_1,theorem_1,T1-R1|T1-R2,T1-R2,exact,compatible,overlap,0.5469304323196411,,,assessment_1|student_7|B|obs_003|b_obs_032,boundary_high
cal_0085,B,assessment_1,student_7,obs_003,b_obs_034,"Theorem 1 proves the wrong logical structure: the required goal is a conjunction containing two claims, but the submitted proof instead establishes an implication from a conjunction to a single outcome.",The explanation of the theorem is missing in the proof body.,error,error,task,task,part_2,part_2,theorem_1,theorem_1,T1-R1|T1-R2,T1-R4,exact,compatible,no_overlap,0.5254961848258972,,,assessment_1|student_7|B|obs_003|b_obs_034,boundary_high
cal_0086,B,assessment_1,student_7,obs_001,b_obs_014,The submission is good overall.,The submitted Lean code compiles correctly.,strength,strength,overall,task,,part_1,,scenario_2,,S2-R7,unknown,compatible,not_assessable,0.2978448569774627,,,assessment_1|student_7|B|obs_001|b_obs_014,low_medium
cal_0087,B,assessment_1,student_7,obs_002,b_obs_005,Scenario 1 does not correctly combine the prerequisite condition and approval condition into the required conjunctive eligibility condition.,Evidence from case analysis is not used to derive the conclusion.,error,error,task,task,part_1,part_1,scenario_1,scenario_1,S1-R3,S1-R5,exact,compatible,no_overlap,0.2097561955451965,,,assessment_1|student_7|B|obs_002|b_obs_005,low_medium
cal_0088,B,assessment_1,student_7,obs_001,b_obs_009,The submission is good overall.,Derive d from b and b → d using modus ponens.,strength,strength,overall,task,,part_1,,scenario_2,,S2-R2,unknown,compatible,not_assessable,0.0,,,assessment_1|student_7|B|obs_001|b_obs_009,very_low
cal_0089,C,assessment_1,student_7,obs_002,obs_004,Scenario 1 does not correctly combine the prerequisite condition and approval condition into the required conjunctive eligibility condition.,"The proof demonstrates case analysis on the prerequisites and approvals, but it does not fully address all four combinations of the prerequisite and approval conditions as required. The use of 'True' and 'False' may not fully encode the stated conjunctive eligibility requirement.",error,suggestion,task,task,part_1,part_1,scenario_1,scenario_1,S1-R3,S1-R4,exact,potentially_compatible,no_overlap,0.7796108722686768,,,assessment_1|student_7|C|obs_002|obs_004,high
cal_0090,C,assessment_1,student_7,obs_002,obs_006,Scenario 1 does not correctly combine the prerequisite condition and approval condition into the required conjunctive eligibility condition.,"Your proof demonstrates the use of case analysis to handle the disjunctions in the eligibility conditions. However, it does not include an explicit explanation of how the prerequisite and approval conditions together establish eligibility, which is required by the assessment criterion.",error,suggestion,task,task,part_1,part_1,scenario_1,scenario_1,S1-R3,S1-R6,exact,potentially_compatible,no_overlap,0.7092380523681641,,,assessment_1|student_7|C|obs_002|obs_006,high
cal_0091,C,assessment_1,student_7,obs_002,obs_007,Scenario 1 does not correctly combine the prerequisite condition and approval condition into the required conjunctive eligibility condition.,The proof does not fully satisfy the requirement that both prerequisite and approval conditions must be satisfied. The proof uses case analysis but does not properly handle the conjunctive requirement. The proof should ensure that both (x1 ∨ x2) and (y1 ∨ y2) are satisfied and that their conjunction implies z.,error,error,task,task,part_1,part_1,scenario_1,scenario_1,S1-R3,S1-R7,exact,compatible,no_overlap,0.7023256421089172,,,assessment_1|student_7|C|obs_002|obs_007,high
cal_0092,C,assessment_1,student_7,obs_002,obs_003,Scenario 1 does not correctly combine the prerequisite condition and approval condition into the required conjunctive eligibility condition.,"The proof demonstrates an attempt to handle all four cases, but it does not explicitly show that both the prerequisite and approval conditions are satisfied together. The proof should clearly connect the disjunctions (x1 ∨ x2) and (y1 ∨ y2) to the conclusion z.",error,suggestion,task,task,part_1,part_1,scenario_1,scenario_1,S1-R3,S1-R3,exact,potentially_compatible,exact,0.6841548085212708,,,assessment_1|student_7|C|obs_002|obs_003,high
cal_0093,C,assessment_1,student_7,obs_002,obs_001,Scenario 1 does not correctly combine the prerequisite condition and approval condition into the required conjunctive eligibility condition.,"The student's proof uses case analysis to handle the disjunctions, but the formalisation of the prerequisite requirement as x1 ∨ x2 is not explicitly demonstrated. The proof should clearly represent the prerequisite requirement as the disjunction x1 ∨ x2.",error,error,task,task,part_1,part_1,scenario_1,scenario_1,S1-R3,S1-R1,exact,compatible,no_overlap,0.5768741369247437,,,assessment_1|student_7|C|obs_002|obs_001,boundary_high
cal_0094,C,assessment_1,student_7,obs_002,obs_002,Scenario 1 does not correctly combine the prerequisite condition and approval condition into the required conjunctive eligibility condition.,"The student's proof uses case analysis to handle the disjunctions, but the approval requirement is not explicitly formalized as the disjunction y1 ∨ y2. The logical form of the approval requirement should be directly represented as y1 ∨ y2 in the formal statement.",error,error,task,task,part_1,part_1,scenario_1,scenario_1,S1-R3,S1-R2,exact,compatible,no_overlap,0.5768115520477295,,,assessment_1|student_7|C|obs_002|obs_002,boundary_high
cal_0095,D,assessment_1,student_7,obs_002,obs_006,Scenario 1 does not correctly combine the prerequisite condition and approval condition into the required conjunctive eligibility condition.,"Your proof demonstrates the use of case analysis to handle the disjunctions in the eligibility conditions. However, it does not include an explicit explanation of how the prerequisite and approval conditions together establish eligibility, which is required by the assessment criterion.",error,suggestion,task,task,part_1,part_1,scenario_1,scenario_1,S1-R3,S1-R6,exact,potentially_compatible,no_overlap,0.7092380523681641,,,assessment_1|student_7|D|obs_002|obs_006,high
cal_0096,D,assessment_1,student_7,obs_002,obs_007,Scenario 1 does not correctly combine the prerequisite condition and approval condition into the required conjunctive eligibility condition.,The proof does not fully satisfy the requirement that both prerequisite and approval conditions must be satisfied. The proof uses case analysis but does not properly handle the conjunctive requirement. The proof should ensure that both (x1 ∨ x2) and (y1 ∨ y2) are satisfied and that their conjunction implies z.,error,error,task,task,part_1,part_1,scenario_1,scenario_1,S1-R3,S1-R7,exact,compatible,no_overlap,0.7023256421089172,,,assessment_1|student_7|D|obs_002|obs_007,high
cal_0097,D,assessment_1,student_7,obs_003,obs_031,"Theorem 1 proves the wrong logical structure: the required goal is a conjunction containing two claims, but the submitted proof instead establishes an implication from a conjunction to a single outcome.","The student's proof does not directly address the requirement that provable (conj x False) leads to a contradiction. The proof provided is for a different statement, and therefore does not meet the exact requirement.",error,error,task,task,part_2,part_2,theorem_1,theorem_1,T1-R1|T1-R2,T1-R1,exact,compatible,overlap,0.5169169902801514,,,assessment_1|student_7|D|obs_003|obs_031,boundary_high
cal_0098,D,assessment_1,student_7,obs_003,obs_032,"Theorem 1 proves the wrong logical structure: the required goal is a conjunction containing two claims, but the submitted proof instead establishes an implication from a conjunction to a single outcome.","The student's proof demonstrates a different claim: if provable (conj x False) and provable x, then ¬provable False. This is not the exact requirement, which is to prove that 'provable x does not imply that False is provable.'",error,error,task,task,part_2,part_2,theorem_1,theorem_1,T1-R1|T1-R2,T1-R2,exact,compatible,overlap,0.474710077047348,,,assessment_1|student_7|D|obs_003|obs_032,boundary_low
cal_0099,D,assessment_1,student_7,obs_001,obs_045,The submission is good overall.,"The student has correctly implemented the elimination and reconstruction steps in the proof. The comments in the proof body provide a clear explanation of each step, meeting the requirement for explanation.",strength,strength,overall,task,,part_2,,theorem_3,,T3-R5,unknown,compatible,not_assessable,0.2381311953067779,,,assessment_1|student_7|D|obs_001|obs_045,low_medium
cal_0100,D,assessment_1,student_7,obs_001,obs_043,The submission is good overall.,"The student has successfully constructed a proof that demonstrates the requirement. The proof uses the provided axioms to rearrange the nested conjunction, and the comments in the code explain each step of the proof.",strength,strength,overall,task,,part_2,,theorem_3,,T3-R3,unknown,compatible,not_assessable,0.0688495263457298,,,assessment_1|student_7|D|obs_001|obs_043,very_low
cal_0101,A,assessment_2,student_1,obs_001,obs_002,"The ontology is logically sound and makes appropriate use of subclassing, properties, and a well-formed Description Logic axiom.",Consider using an OWL reasoner to validate the ontology's logical consistency.,strength,suggestion,part,part,part_1_ontology,part_1_ontology,,,P1-R2|P1-R3|P1-R5|P1-R6,P1-R6,exact,potentially_compatible,overlap,0.6044833064079285,,,assessment_2|student_1|A|obs_001|obs_002,boundary_high
cal_0102,A,assessment_2,student_1,obs_001,obs_001,"The ontology is logically sound and makes appropriate use of subclassing, properties, and a well-formed Description Logic axiom.",The report and ontology are well-structured and meet all the requirements for completeness and correctness.,strength,strength,part,part,part_1_ontology,part_1_ontology,,,P1-R2|P1-R3|P1-R5|P1-R6,P1-R1|P1-R2|P1-R3|P1-R4|P1-R5|P1-R7|P1-R8|P1-R9|P1-R10|P1-R11,exact,compatible,overlap,0.5662720203399658,,,assessment_2|student_1|A|obs_001|obs_001,boundary_high
cal_0103,A,assessment_2,student_1,obs_005,obs_003,The modal logic formulas are mostly accurate and syntactically correct.,"The formula meets all the requirements for the task, including semantic alignment and framework compliance.",strength,strength,part,task,part_2_prolog_modal_logic,part_2_prolog_modal_logic,,part_2_task_1,,P2-T1-R1|P2-T1-R2|P2-T1-R3|P2-T1-R4,human_broader,compatible,not_assessable,0.4668224453926086,,,assessment_2|student_1|A|obs_005|obs_003,boundary_low
cal_0104,A,assessment_2,student_1,obs_008,obs_009,Task 4 contains a directional error in the use of modal operators.,Consider using a different modal operator to better express the vertical constraint.,error,suggestion,task,task,part_2_prolog_modal_logic,part_2_prolog_modal_logic,part_2_task_4,part_2_task_4,P2-T4-R4,P2-T4-R4,exact,potentially_compatible,exact,0.3869190812110901,,,assessment_2|student_1|A|obs_008|obs_009,boundary_low
cal_0105,B,assessment_2,student_1,obs_001,b_obs_005,"The ontology is logically sound and makes appropriate use of subclassing, properties, and a well-formed Description Logic axiom.",The ontology contains a logically correct Description Logic axiom.,strength,strength,part,part,part_1_ontology,part_1_ontology,,,P1-R2|P1-R3|P1-R5|P1-R6,P1-R5,exact,compatible,overlap,0.8352488279342651,,,assessment_2|student_1|B|obs_001|b_obs_005,high
cal_0106,B,assessment_2,student_1,obs_001,b_obs_001,"The ontology is logically sound and makes appropriate use of subclassing, properties, and a well-formed Description Logic axiom.",The ontology contains at least ten relevant classes.,strength,strength,part,part,part_1_ontology,part_1_ontology,,,P1-R2|P1-R3|P1-R5|P1-R6,P1-R1,exact,compatible,no_overlap,0.6888232231140137,,,assessment_2|student_1|B|obs_001|b_obs_001,high
cal_0107,B,assessment_2,student_1,obs_001,b_obs_003,"The ontology is logically sound and makes appropriate use of subclassing, properties, and a well-formed Description Logic axiom.",The ontology contains at least five meaningful properties.,strength,strength,part,part,part_1_ontology,part_1_ontology,,,P1-R2|P1-R3|P1-R5|P1-R6,P1-R3,exact,compatible,overlap,0.6542434692382812,,,assessment_2|student_1|B|obs_001|b_obs_003,high
cal_0108,B,assessment_2,student_1,obs_001,b_obs_006,"The ontology is logically sound and makes appropriate use of subclassing, properties, and a well-formed Description Logic axiom.",Consider using an OWL reasoner to validate the ontology's logical consistency.,strength,strength,part,part,part_1_ontology,part_1_ontology,,,P1-R2|P1-R3|P1-R5|P1-R6,P1-R6,exact,compatible,overlap,0.6044833064079285,,,assessment_2|student_1|B|obs_001|b_obs_006,boundary_high
cal_0109,B,assessment_2,student_1,obs_005,b_obs_029,The modal logic formulas are mostly accurate and syntactically correct.,The submitted formula is well formed according to the supplied modal logic syntax.,strength,strength,part,task,part_2_prolog_modal_logic,part_2_prolog_modal_logic,,part_2_task_3,,P2-T3-R6,human_broader,compatible,not_assessable,0.5878170728683472,,,assessment_2|student_1|B|obs_005|b_obs_029,boundary_high
cal_0110,B,assessment_2,student_1,obs_001,b_obs_010,"The ontology is logically sound and makes appropriate use of subclassing, properties, and a well-formed Description Logic axiom.",The report correctly explains the Description Logic axiom and relates it to the source text.,strength,strength,part,part,part_1_ontology,part_1_ontology,,,P1-R2|P1-R3|P1-R5|P1-R6,P1-R10,exact,compatible,no_overlap,0.5811259746551514,,,assessment_2|student_1|B|obs_001|b_obs_010,boundary_high
cal_0111,B,assessment_2,student_1,obs_006,b_obs_015,The modal logic rules would benefit from clearer explanations and justification to improve their interpretability and depth.,The submitted formula is well formed according to the supplied modal logic syntax.,suggestion,strength,part,task,part_2_prolog_modal_logic,part_2_prolog_modal_logic,,part_2_task_1,,P2-T1-R3,human_broader,potentially_compatible,not_assessable,0.3785292506217956,,,assessment_2|student_1|B|obs_006|b_obs_015,boundary_low
cal_0112,B,assessment_2,student_1,obs_006,b_obs_021,The modal logic rules would benefit from clearer explanations and justification to improve their interpretability and depth.,Use the correct modal operators as specified in the framework.,suggestion,error,part,task,part_2_prolog_modal_logic,part_2_prolog_modal_logic,,part_2_task_2,,P2-T2-R5,human_broader,potentially_compatible,not_assessable,0.2513335943222046,,,assessment_2|student_1|B|obs_006|b_obs_021,low_medium
cal_0113,B,assessment_2,student_1,obs_005,b_obs_024,The modal logic formulas are mostly accurate and syntactically correct.,The distance restriction is correctly conditioned on the presence of filling.,strength,strength,part,task,part_2_prolog_modal_logic,part_2_prolog_modal_logic,,part_2_task_3,,P2-T3-R1,human_broader,compatible,not_assessable,0.0765100270509719,,,assessment_2|student_1|B|obs_005|b_obs_024,very_low
cal_0114,C,assessment_2,student_1,obs_007,obs_039,Task 5 needs clearer explanation and justification of the proposed problematic configurations and the rules intended to prevent them.,Your submission for Task 5 is missing the natural-language descriptions of the three problematic sandwich configurations. Each example should include a description of the configuration and a formula that prevents it. Please provide these descriptions along with the formulas.,error,error,task,task,part_2_prolog_modal_logic,part_2_prolog_modal_logic,part_2_task_5,part_2_task_5,P2-T5-R2|P2-T5-R5,P2-T5-R3,exact,compatible,no_overlap,0.5530489683151245,,,assessment_2|student_1|C|obs_007|obs_039,boundary_high
cal_0115,C,assessment_2,student_1,obs_001,obs_005,"The ontology is logically sound and makes appropriate use of subclassing, properties, and a well-formed Description Logic axiom.","Your submission includes logically correct Description Logic axioms using number restrictions. The axioms are properly defined with subject, property, filler, and cardinality values.",strength,strength,part,task,part_1_ontology,part_1_ontology,,part_1_ontology,P1-R2|P1-R3|P1-R5|P1-R6,P1-R5,human_broader,compatible,overlap,0.5323053002357483,,,assessment_2|student_1|C|obs_001|obs_005,boundary_high
cal_0116,C,assessment_2,student_1,obs_007,obs_042,Task 5 needs clearer explanation and justification of the proposed problematic configurations and the rules intended to prevent them.,The preventive formulas do not effectively exclude the described configurations. Each formula should directly address the specific problem identified in the description to ensure the configuration is prevented.,error,error,task,task,part_2_prolog_modal_logic,part_2_prolog_modal_logic,part_2_task_5,part_2_task_5,P2-T5-R2|P2-T5-R5,P2-T5-R6,exact,compatible,no_overlap,0.4091419279575348,,,assessment_2|student_1|C|obs_007|obs_042,boundary_low
cal_0117,C,assessment_2,student_1,obs_007,obs_041,Task 5 needs clearer explanation and justification of the proposed problematic configurations and the rules intended to prevent them.,The preventive formulas provided do not directly address the problem descriptions. Please ensure that each formula clearly corresponds to the described problem in the example.,error,error,task,task,part_2_prolog_modal_logic,part_2_prolog_modal_logic,part_2_task_5,part_2_task_5,P2-T5-R2|P2-T5-R5,P2-T5-R5,exact,compatible,overlap,0.2835167646408081,,,assessment_2|student_1|C|obs_007|obs_041,low_medium
cal_0118,C,assessment_2,student_1,obs_008,obs_035,Task 4 contains a directional error in the use of modal operators.,"The formula does not correctly express the vertical constraint. The 'box(below, not(filling))' part enforces a constraint on states below, not above, and the logical structure does not correctly enforce the vertical constraint as required.",error,error,task,task,part_2_prolog_modal_logic,part_2_prolog_modal_logic,part_2_task_4,part_2_task_4,P2-T4-R4,P2-T4-R5,exact,compatible,no_overlap,0.2763081192970276,,,assessment_2|student_1|C|obs_008|obs_035,low_medium
cal_0119,C,assessment_2,student_1,obs_005,obs_016,The modal logic formulas are mostly accurate and syntactically correct.,Your answer is correctly provided in the required predicate answer1/1. The formula correctly expresses that bread and filling cannot occupy the same grid state.,strength,strength,part,task,part_2_prolog_modal_logic,part_2_prolog_modal_logic,,part_2_task_1,,P2-T1-R4,human_broader,compatible,not_assessable,0.1492558121681213,,,assessment_2|student_1|C|obs_005|obs_016,very_low
cal_0120,D,assessment_2,student_1,obs_005,obs_029,The modal logic formulas are mostly accurate and syntactically correct.,The submitted formula is well formed according to the supplied modal logic syntax. The formula uses valid syntax for the modal logic operators and is correctly structured as per the requirement.,strength,strength,part,task,part_2_prolog_modal_logic,part_2_prolog_modal_logic,,part_2_task_3,,P2-T3-R6,human_broader,compatible,not_assessable,0.6557556390762329,,,assessment_2|student_1|D|obs_005|obs_029,high
cal_0121,D,assessment_2,student_1,obs_001,obs_003,"The ontology is logically sound and makes appropriate use of subclassing, properties, and a well-formed Description Logic axiom.","Your ontology includes five object properties, which meets the requirement. Ensure that each property is meaningful and well-defined in the context of the sandwich domain.",strength,strength,part,task,part_1_ontology,part_1_ontology,,part_1_ontology,P1-R2|P1-R3|P1-R5|P1-R6,P1-R3,human_broader,compatible,overlap,0.6124923229217529,,,assessment_2|student_1|D|obs_001|obs_003,boundary_high
cal_0122,D,assessment_2,student_1,obs_001,obs_005,"The ontology is logically sound and makes appropriate use of subclassing, properties, and a well-formed Description Logic axiom.","Your submission includes logically correct Description Logic axioms using number restrictions. The axioms are properly defined with subject, property, filler, and cardinality values.",strength,strength,part,task,part_1_ontology,part_1_ontology,,part_1_ontology,P1-R2|P1-R3|P1-R5|P1-R6,P1-R5,human_broader,compatible,overlap,0.5323053002357483,,,assessment_2|student_1|D|obs_001|obs_005,boundary_high
cal_0123,D,assessment_2,student_1,obs_001,obs_006,"The ontology is logically sound and makes appropriate use of subclassing, properties, and a well-formed Description Logic axiom.","The evidence provided includes units that define the ontology structure, but there is no direct information to assess the logical consistency of the ontology. To evaluate the consistency, the ontology would need to be checked for contradictions or logical errors, which was not performed in this submission.",strength,suggestion,part,task,part_1_ontology,part_1_ontology,,part_1_ontology,P1-R2|P1-R3|P1-R5|P1-R6,P1-R6,human_broader,potentially_compatible,overlap,0.4375627636909485,,,assessment_2|student_1|D|obs_001|obs_006,boundary_low
cal_0124,D,assessment_2,student_1,obs_001,obs_002,"The ontology is logically sound and makes appropriate use of subclassing, properties, and a well-formed Description Logic axiom.","Your submission correctly models the subclass relationships for various sandwich types, with each subclass properly defined as a subclass of 'Sandwich'. The structure and content of the axioms are valid and align with the requirement.",strength,strength,part,task,part_1_ontology,part_1_ontology,,part_1_ontology,P1-R2|P1-R3|P1-R5|P1-R6,P1-R2,human_broader,compatible,overlap,0.4349878430366516,,,assessment_2|student_1|D|obs_001|obs_002,boundary_low
cal_0125,D,assessment_2,student_1,obs_007,obs_042,Task 5 needs clearer explanation and justification of the proposed problematic configurations and the rules intended to prevent them.,The preventive formulas do not effectively exclude the described configurations. Each formula should directly address the specific problem identified in the description to ensure the configuration is prevented.,error,error,task,task,part_2_prolog_modal_logic,part_2_prolog_modal_logic,part_2_task_5,part_2_task_5,P2-T5-R2|P2-T5-R5,P2-T5-R6,exact,compatible,no_overlap,0.4091419279575348,,,assessment_2|student_1|D|obs_007|obs_042,boundary_low
cal_0126,D,assessment_2,student_1,obs_008,obs_034,Task 4 contains a directional error in the use of modal operators.,"The formula uses 'below' which may be the inverse of what is needed. The task specifies that no state 'above' a filling state may contain filling, so 'above' should be used instead of 'below' to ensure the correct spatial constraint is expressed.",error,error,task,task,part_2_prolog_modal_logic,part_2_prolog_modal_logic,part_2_task_4,part_2_task_4,P2-T4-R4,P2-T4-R4,exact,compatible,exact,0.2713969945907593,,,assessment_2|student_1|D|obs_008|obs_034,low_medium
cal_0127,D,assessment_2,student_1,obs_006,obs_026,The modal logic rules would benefit from clearer explanations and justification to improve their interpretability and depth.,"The formula does not incorrectly prohibit bread immediately below filling. The use of two 'box(below)' operators enforces a distance constraint that is more restrictive than intended, but this is not a material defect under the exact requirement.",suggestion,strength,part,task,part_2_prolog_modal_logic,part_2_prolog_modal_logic,,part_2_task_3,,P2-T3-R3,human_broader,potentially_compatible,not_assessable,0.1617561280727386,,,assessment_2|student_1|D|obs_006|obs_026,very_low
cal_0128,A,assessment_2,student_2,obs_001,obs_001,The ontology has a justified class hierarchy that includes both sandwich types and ingredient subclasses.,"The ontology includes ten classes and five properties, with a logically correct axiom. The report accurately describes the ontology and is within the word limit.",strength,strength,part,part,part_1_ontology,part_1_ontology,,,P1-R2,P1-R1|P1-R2|P1-R3|P1-R4|P1-R5|P1-R7|P1-R8|P1-R9|P1-R10|P1-R12,exact,compatible,overlap,0.5142901539802551,,,assessment_2|student_2|A|obs_001|obs_001,boundary_high
cal_0129,A,assessment_2,student_2,obs_005,obs_001,The report could provide more explicit referencing for the source material associated with the axiom.,"The ontology includes ten classes and five properties, with a logically correct axiom. The report accurately describes the ontology and is within the word limit.",suggestion,strength,part,part,part_1_ontology,part_1_ontology,,,P1-R10,P1-R1|P1-R2|P1-R3|P1-R4|P1-R5|P1-R7|P1-R8|P1-R9|P1-R10|P1-R12,exact,potentially_compatible,overlap,0.4963674247264862,,,assessment_2|student_2|A|obs_005|obs_001,boundary_low
cal_0130,A,assessment_2,student_2,obs_007,obs_003,"The Prolog modal logic is technically sound, and the symbolic formulas are valid and structurally correct.","The formula meets all the requirements for the task, including semantic alignment and framework compliance.",strength,strength,part,task,part_2_prolog_modal_logic,part_2_prolog_modal_logic,,part_2_task_1,,P2-T1-R1|P2-T1-R2|P2-T1-R3|P2-T1-R4,human_broader,compatible,not_assessable,0.3947283625602722,,,assessment_2|student_2|A|obs_007|obs_003,boundary_low
cal_0131,A,assessment_2,student_2,obs_006,obs_001,The critical reflection could be expanded to consider more modelling alternatives and broader cultural perspectives.,"The ontology includes ten classes and five properties, with a logically correct axiom. The report accurately describes the ontology and is within the word limit.",suggestion,strength,part,part,part_1_ontology,part_1_ontology,,,P1-R11,P1-R1|P1-R2|P1-R3|P1-R4|P1-R5|P1-R7|P1-R8|P1-R9|P1-R10|P1-R12,exact,potentially_compatible,no_overlap,0.2395866364240646,,,assessment_2|student_2|A|obs_006|obs_001,low_medium
cal_0132,B,assessment_2,student_2,obs_005,b_obs_010,The report could provide more explicit referencing for the source material associated with the axiom.,The report correctly explains the Description Logic axiom and relates it to the source text.,suggestion,strength,part,part,part_1_ontology,part_1_ontology,,,P1-R10,P1-R10,exact,potentially_compatible,exact,0.7517162561416626,,,assessment_2|student_2|B|obs_005|b_obs_010,high
cal_0133,B,assessment_2,student_2,obs_003,b_obs_010,"The central axiom is formalised in Description Logic, clearly explained, and directly linked to the source baseline.",The report correctly explains the Description Logic axiom and relates it to the source text.,strength,strength,part,part,part_1_ontology,part_1_ontology,,,P1-R5|P1-R10,P1-R10,exact,compatible,overlap,0.7110927700996399,,,assessment_2|student_2|B|obs_003|b_obs_010,high
cal_0134,B,assessment_2,student_2,obs_002,b_obs_004,The property design is thoughtful and makes effective use of subproperties and transitive or functional characteristics to create expressive logical relationships.,"Property domains, ranges, hierarchies, and characteristics are correctly modelled where appropriate.",strength,strength,part,part,part_1_ontology,part_1_ontology,,,P1-R3|P1-R4,P1-R4,exact,compatible,overlap,0.5574554204940796,,,assessment_2|student_2|B|obs_002|b_obs_004,boundary_high
cal_0135,B,assessment_2,student_2,obs_004,b_obs_001,"The report discusses both strengths and limitations of the ontology, including logical precision, extensibility, automated reasoning, cultural specificity, and difficulty modelling all possible sandwich variations or ingredient requirements.",The ontology contains at least ten relevant and appropriately varied classes.,strength,strength,part,part,part_1_ontology,part_1_ontology,,,P1-R11,P1-R1,exact,compatible,no_overlap,0.5488982200622559,,,assessment_2|student_2|B|obs_004|b_obs_001,boundary_high
cal_0136,B,assessment_2,student_2,obs_001,b_obs_002,The ontology has a justified class hierarchy that includes both sandwich types and ingredient subclasses.,Subclass relationships are logically justified and appropriately modelled.,strength,strength,part,part,part_1_ontology,part_1_ontology,,,P1-R2,P1-R2,exact,compatible,exact,0.5479521751403809,,,assessment_2|student_2|B|obs_001|b_obs_002,boundary_high
cal_0137,B,assessment_2,student_2,obs_004,b_obs_005,"The report discusses both strengths and limitations of the ontology, including logical precision, extensibility, automated reasoning, cultural specificity, and difficulty modelling all possible sandwich variations or ingredient requirements.",The ontology contains one logically correct Description Logic axiom using a number restriction.,strength,strength,part,part,part_1_ontology,part_1_ontology,,,P1-R11,P1-R5,exact,compatible,no_overlap,0.5197231769561768,,,assessment_2|student_2|B|obs_004|b_obs_005,boundary_high
cal_0138,B,assessment_2,student_2,obs_002,b_obs_003,The property design is thoughtful and makes effective use of subproperties and transitive or functional characteristics to create expressive logical relationships.,The ontology contains at least five meaningful object and/or data properties.,strength,strength,part,part,part_1_ontology,part_1_ontology,,,P1-R3|P1-R4,P1-R3,exact,compatible,overlap,0.5054869651794434,,,assessment_2|student_2|B|obs_002|b_obs_003,boundary_high
cal_0139,B,assessment_2,student_2,obs_005,b_obs_005,The report could provide more explicit referencing for the source material associated with the axiom.,The ontology contains one logically correct Description Logic axiom using a number restriction.,suggestion,strength,part,part,part_1_ontology,part_1_ontology,,,P1-R10,P1-R5,exact,potentially_compatible,no_overlap,0.4463402330875397,,,assessment_2|student_2|B|obs_005|b_obs_005,boundary_low
cal_0140,B,assessment_2,student_2,obs_005,b_obs_009,The report could provide more explicit referencing for the source material associated with the axiom.,The report justifies the chosen class and property hierarchies.,suggestion,strength,part,part,part_1_ontology,part_1_ontology,,,P1-R10,P1-R9,exact,potentially_compatible,no_overlap,0.430120587348938,,,assessment_2|student_2|B|obs_005|b_obs_009,boundary_low
cal_0141,B,assessment_2,student_2,obs_003,b_obs_003,"The central axiom is formalised in Description Logic, clearly explained, and directly linked to the source baseline.",The ontology contains at least five meaningful object and/or data properties.,strength,strength,part,part,part_1_ontology,part_1_ontology,,,P1-R5|P1-R10,P1-R3,exact,compatible,no_overlap,0.4102005958557129,,,assessment_2|student_2|B|obs_003|b_obs_003,boundary_low
cal_0142,B,assessment_2,student_2,obs_006,b_obs_011,The critical reflection could be expanded to consider more modelling alternatives and broader cultural perspectives.,The report critically discusses the strengths and limitations of the ontology.,suggestion,error,part,part,part_1_ontology,part_1_ontology,,,P1-R11,P1-R11,exact,potentially_compatible,exact,0.384104311466217,,,assessment_2|student_2|B|obs_006|b_obs_011,boundary_low
cal_0143,B,assessment_2,student_2,obs_004,b_obs_004,"The report discusses both strengths and limitations of the ontology, including logical precision, extensibility, automated reasoning, cultural specificity, and difficulty modelling all possible sandwich variations or ingredient requirements.","Property domains, ranges, hierarchies, and characteristics are correctly modelled where appropriate.",strength,strength,part,part,part_1_ontology,part_1_ontology,,,P1-R11,P1-R4,exact,compatible,no_overlap,0.3573377728462219,,,assessment_2|student_2|B|obs_004|b_obs_004,boundary_low
cal_0144,B,assessment_2,student_2,obs_002,b_obs_005,The property design is thoughtful and makes effective use of subproperties and transitive or functional characteristics to create expressive logical relationships.,The ontology contains one logically correct Description Logic axiom using a number restriction.,strength,strength,part,part,part_1_ontology,part_1_ontology,,,P1-R3|P1-R4,P1-R5,exact,compatible,no_overlap,0.3349862694740295,,,assessment_2|student_2|B|obs_002|b_obs_005,low_medium
cal_0145,B,assessment_2,student_2,obs_004,b_obs_012,"The report discusses both strengths and limitations of the ontology, including logical precision, extensibility, automated reasoning, cultural specificity, and difficulty modelling all possible sandwich variations or ingredient requirements.",The report does not exceed the specified word limit of 750 words.,strength,strength,part,part,part_1_ontology,part_1_ontology,,,P1-R11,P1-R12,exact,compatible,no_overlap,0.3130639195442199,,,assessment_2|student_2|B|obs_004|b_obs_012,low_medium
cal_0146,B,assessment_2,student_2,obs_002,b_obs_007,The property design is thoughtful and makes effective use of subproperties and transitive or functional characteristics to create expressive logical relationships.,The report accurately describes the submitted ontology.,strength,strength,part,part,part_1_ontology,part_1_ontology,,,P1-R3|P1-R4,P1-R7,exact,compatible,no_overlap,0.2894657552242279,,,assessment_2|student_2|B|obs_002|b_obs_007,low_medium
cal_0147,B,assessment_2,student_2,obs_006,b_obs_001,The critical reflection could be expanded to consider more modelling alternatives and broader cultural perspectives.,The ontology contains at least ten relevant and appropriately varied classes.,suggestion,strength,part,part,part_1_ontology,part_1_ontology,,,P1-R11,P1-R1,exact,potentially_compatible,no_overlap,0.2786277532577514,,,assessment_2|student_2|B|obs_006|b_obs_001,low_medium
cal_0148,B,assessment_2,student_2,obs_003,b_obs_004,"The central axiom is formalised in Description Logic, clearly explained, and directly linked to the source baseline.","Property domains, ranges, hierarchies, and characteristics are correctly modelled where appropriate.",strength,strength,part,part,part_1_ontology,part_1_ontology,,,P1-R5|P1-R10,P1-R4,exact,compatible,no_overlap,0.1810933649539947,,,assessment_2|student_2|B|obs_003|b_obs_004,very_low
cal_0149,C,assessment_2,student_2,obs_005,obs_010,The report could provide more explicit referencing for the source material associated with the axiom.,The report explaining the Description Logic axiom and its relation to the source text is missing from the submission. Please ensure the report is included and clearly explains the axiom and its connection to the source text.,suggestion,error,part,task,part_1_ontology,part_1_ontology,,part_1_ontology,P1-R10,P1-R10,human_broader,potentially_compatible,exact,0.6928225755691528,,,assessment_2|student_2|C|obs_005|obs_010,high
cal_0150,C,assessment_2,student_2,obs_001,obs_002,The ontology has a justified class hierarchy that includes both sandwich types and ingredient subclasses.,"The student has correctly modelled the subclass relationships in the OWL ontology. The relationships are logically justified and appropriately model the sandwich domain. The evidence includes 12 units, each representing a valid subclass relationship, which aligns with the requirement for logically justified and appropriately modelled subclass relationships.",strength,strength,part,task,part_1_ontology,part_1_ontology,,part_1_ontology,P1-R2,P1-R2,human_broader,compatible,exact,0.6867153644561768,,,assessment_2|student_2|C|obs_001|obs_002,high
cal_0151,C,assessment_2,student_2,obs_002,obs_004,The property design is thoughtful and makes effective use of subproperties and transitive or functional characteristics to create expressive logical relationships.,"The student has correctly modelled the property domains, ranges, hierarchies, and characteristics for the sandwich ontology. The properties and their subproperty relationships are appropriately defined.",strength,strength,part,task,part_1_ontology,part_1_ontology,,part_1_ontology,P1-R3|P1-R4,P1-R4,human_broader,compatible,overlap,0.52376389503479,,,assessment_2|student_2|C|obs_002|obs_004,boundary_high
cal_0152,C,assessment_2,student_2,obs_002,obs_003,The property design is thoughtful and makes effective use of subproperties and transitive or functional characteristics to create expressive logical relationships.,"Your ontology includes five object properties, which meets the requirement. These properties are well-defined and relevant to the sandwich domain.",strength,strength,part,task,part_1_ontology,part_1_ontology,,part_1_ontology,P1-R3|P1-R4,P1-R3,human_broader,compatible,overlap,0.443499207496643,,,assessment_2|student_2|C|obs_002|obs_003,boundary_low
cal_0153,C,assessment_2,student_2,obs_006,obs_011,The critical reflection could be expanded to consider more modelling alternatives and broader cultural perspectives.,The report needs to include a critical discussion of the strengths and limitations of the ontology. The current section is a general overview and does not address the specific requirements of the criterion.,suggestion,error,part,task,part_1_ontology,part_1_ontology,,part_1_ontology,P1-R11,P1-R11,human_broader,potentially_compatible,exact,0.3790866136550903,,,assessment_2|student_2|C|obs_006|obs_011,boundary_low
cal_0154,C,assessment_2,student_2,obs_007,obs_033,"The Prolog modal logic is technically sound, and the symbolic formulas are valid and structurally correct.","Your formula correctly expresses the constraint that if a state contains filling, then no state anywhere above it may also contain filling. The use of the 'implies' and 'box' operators aligns with the requirement.",strength,strength,part,task,part_2_prolog_modal_logic,part_2_prolog_modal_logic,,part_2_task_4,,P2-T4-R3,human_broader,compatible,not_assessable,0.3195345401763916,,,assessment_2|student_2|C|obs_007|obs_033,low_medium
cal_0155,C,assessment_2,student_2,obs_008,obs_042,The Part 2 submission is missing the required explanatory comments.,The preventive formulas need to be directly tied to the described limitations of the original specification. Each formula should clearly exclude the described configuration and address the specific problem identified.,omission,error,part,task,part_2_prolog_modal_logic,part_2_prolog_modal_logic,,part_2_task_5,,P2-T5-R6,human_broader,potentially_compatible,not_assessable,0.2492288202047348,,,assessment_2|student_2|C|obs_008|obs_042,low_medium
cal_0156,D,assessment_2,student_2,obs_005,obs_010,The report could provide more explicit referencing for the source material associated with the axiom.,The report explaining the Description Logic axiom and its relation to the source text is missing from the submission. Please ensure the report is included and clearly explains the axiom and its connection to the source text.,suggestion,error,part,task,part_1_ontology,part_1_ontology,,part_1_ontology,P1-R10,P1-R10,human_broader,potentially_compatible,exact,0.6928225755691528,,,assessment_2|student_2|D|obs_005|obs_010,high
cal_0157,D,assessment_2,student_2,obs_001,obs_002,The ontology has a justified class hierarchy that includes both sandwich types and ingredient subclasses.,"The student has correctly modelled the subclass relationships in the OWL ontology. The relationships are logically justified and appropriately model the sandwich domain. The evidence includes 12 units, each representing a valid subclass relationship, which aligns with the requirement for logically justified and appropriately modelled subclass relationships.",strength,strength,part,task,part_1_ontology,part_1_ontology,,part_1_ontology,P1-R2,P1-R2,human_broader,compatible,exact,0.6867153644561768,,,assessment_2|student_2|D|obs_001|obs_002,high
cal_0158,D,assessment_2,student_2,obs_002,obs_004,The property design is thoughtful and makes effective use of subproperties and transitive or functional characteristics to create expressive logical relationships.,"The student has correctly modelled the property domains, ranges, hierarchies, and characteristics for the sandwich ontology. The properties and their subproperty relationships are appropriately defined.",strength,strength,part,task,part_1_ontology,part_1_ontology,,part_1_ontology,P1-R3|P1-R4,P1-R4,human_broader,compatible,overlap,0.52376389503479,,,assessment_2|student_2|D|obs_002|obs_004,boundary_high
cal_0159,D,assessment_2,student_2,obs_007,obs_029,"The Prolog modal logic is technically sound, and the symbolic formulas are valid and structurally correct.",Your submitted formula is well-formed according to the supplied modal logic syntax.,strength,strength,part,task,part_2_prolog_modal_logic,part_2_prolog_modal_logic,,part_2_task_3,,P2-T3-R6,human_broader,compatible,not_assessable,0.5006341934204102,,,assessment_2|student_2|D|obs_007|obs_029,boundary_high
cal_0160,D,assessment_2,student_2,obs_006,obs_011,The critical reflection could be expanded to consider more modelling alternatives and broader cultural perspectives.,The report needs to include a critical discussion of the strengths and limitations of the ontology. The current section is a general overview and does not address the specific requirements of the criterion.,suggestion,error,part,task,part_1_ontology,part_1_ontology,,part_1_ontology,P1-R11,P1-R11,human_broader,potentially_compatible,exact,0.3790866136550903,,,assessment_2|student_2|D|obs_006|obs_011,boundary_low
cal_0161,D,assessment_2,student_2,obs_007,obs_022,"The Prolog modal logic is technically sound, and the symbolic formulas are valid and structurally correct.","Your formula is well-formed and correctly uses the modal logic syntax. The formula expresses that whenever there is filling, bread is immediately above and below it, which meets the requirement.",strength,strength,part,task,part_2_prolog_modal_logic,part_2_prolog_modal_logic,,part_2_task_2,,P2-T2-R6,human_broader,compatible,not_assessable,0.3553905189037323,,,assessment_2|student_2|D|obs_007|obs_022,boundary_low
cal_0162,D,assessment_2,student_2,obs_007,obs_016,"The Prolog modal logic is technically sound, and the symbolic formulas are valid and structurally correct.",Your formula correctly expresses that bread and filling cannot occupy the same grid state. The formula is in the required predicate answer1/1 and meets the task's requirements.,strength,strength,part,task,part_2_prolog_modal_logic,part_2_prolog_modal_logic,,part_2_task_1,,P2-T1-R4,human_broader,compatible,not_assessable,0.2824010550975799,,,assessment_2|student_2|D|obs_007|obs_016,low_medium
cal_0163,D,assessment_2,student_2,obs_007,obs_027,"The Prolog modal logic is technically sound, and the symbolic formulas are valid and structurally correct.","The formula correctly expresses the requirement. The use of two layers of 'box(below)' enforces a distance of two rows below, which meets the requirement that bread must not occur more than one row below filling.",strength,strength,part,task,part_2_prolog_modal_logic,part_2_prolog_modal_logic,,part_2_task_3,,P2-T3-R4,human_broader,compatible,not_assessable,0.1805773973464965,,,assessment_2|student_2|D|obs_007|obs_027,very_low
cal_0164,A,assessment_2,student_6,obs_s6_a2_002,obs_001,"The ontology contains a six-property hierarchy, including inverse functional and symmetric property declarations that are applied appropriately.","The ontology includes ten classes and five properties, and the report accurately describes the design.",strength,strength,part,part,part_1_ontology,part_1_ontology,,,P1-R3|P1-R4,P1-R1|P1-R3|P1-R7|P1-R8|P1-R9|P1-R10|P1-R12,exact,compatible,overlap,0.6929258108139038,,,assessment_2|student_6|A|obs_s6_a2_002|obs_001,high
cal_0165,A,assessment_2,student_6,obs_s6_a2_005,obs_002,The critical reflection could be strengthened by briefly discussing scalability trade-offs.,Ensure subclass relationships are logically justified and property domains/ranges are specified. Add critical discussion of strengths and limitations.,suggestion,error,part,part,part_1_ontology,part_1_ontology,,,P1-R11,P1-R2|P1-R4|P1-R6|P1-R11,exact,potentially_compatible,overlap,0.3101950585842132,,,assessment_2|student_6|A|obs_s6_a2_005|obs_002,low_medium
cal_0166,A,assessment_2,student_6,obs_s6_a2_010,obs_001,"The comments demonstrate excellent understanding of the real-world and cultural context behind the sandwich rules, supported by specific Wikipedia references and plausible food examples.","The ontology includes ten classes and five properties, and the report accurately describes the design.",strength,strength,task_group,part,,part_1_ontology,part_2_task_1|part_2_task_2|part_2_task_3|part_2_task_4|part_2_task_5,,,P1-R1|P1-R3|P1-R7|P1-R8|P1-R9|P1-R10|P1-R12,unknown,compatible,not_assessable,0.1321496069431305,,,assessment_2|student_6|A|obs_s6_a2_010|obs_001,very_low
cal_0167,B,assessment_2,student_6,obs_s6_a2_002,b_obs_003,"The ontology contains a six-property hierarchy, including inverse functional and symmetric property declarations that are applied appropriately.",The ontology contains at least five meaningful object properties.,strength,strength,part,part,part_1_ontology,part_1_ontology,,,P1-R3|P1-R4,P1-R3,exact,compatible,overlap,0.7232969999313354,,,assessment_2|student_6|B|obs_s6_a2_002|b_obs_003,high
cal_0168,B,assessment_2,student_6,obs_s6_a2_002,b_obs_001,"The ontology contains a six-property hierarchy, including inverse functional and symmetric property declarations that are applied appropriately.",The ontology contains at least ten relevant classes.,strength,strength,part,part,part_1_ontology,part_1_ontology,,,P1-R3|P1-R4,P1-R1,exact,compatible,no_overlap,0.6627150774002075,,,assessment_2|student_6|B|obs_s6_a2_002|b_obs_001,high
cal_0169,B,assessment_2,student_6,obs_s6_a2_001,b_obs_001,The ontology uses a thoughtful top-down design with a well-articulated hierarchy.,The ontology contains at least ten relevant classes.,strength,strength,part,part,part_1_ontology,part_1_ontology,,,P1-R2|P1-R9,P1-R1,exact,compatible,no_overlap,0.57679682970047,,,assessment_2|student_6|B|obs_s6_a2_001|b_obs_001,boundary_high
cal_0170,B,assessment_2,student_6,obs_s6_a2_006,b_obs_011,The critical discussion could also evaluate whether Wikipedia is a reliable source for ontology development.,The report lacks critical discussion of the ontology's strengths and limitations.,suggestion,error,part,part,part_1_ontology,part_1_ontology,,,P1-R11,P1-R11,exact,potentially_compatible,exact,0.5713778734207153,,,assessment_2|student_6|B|obs_s6_a2_006|b_obs_011,boundary_high
cal_0171,B,assessment_2,student_6,obs_s6_a2_001,b_obs_008,The ontology uses a thoughtful top-down design with a well-articulated hierarchy.,The report clearly explains the purpose and scope of the ontology.,strength,strength,part,part,part_1_ontology,part_1_ontology,,,P1-R2|P1-R9,P1-R8,exact,compatible,no_overlap,0.565554141998291,,,assessment_2|student_6|B|obs_s6_a2_001|b_obs_008,boundary_high
cal_0172,B,assessment_2,student_6,obs_s6_a2_002,b_obs_005,"The ontology contains a six-property hierarchy, including inverse functional and symmetric property declarations that are applied appropriately.",The ontology contains a logically correct Description Logic axiom.,strength,strength,part,part,part_1_ontology,part_1_ontology,,,P1-R3|P1-R4,P1-R5,exact,compatible,no_overlap,0.5573223829269409,,,assessment_2|student_6|B|obs_s6_a2_002|b_obs_005,boundary_high
cal_0173,B,assessment_2,student_6,obs_s6_a2_001,b_obs_003,The ontology uses a thoughtful top-down design with a well-articulated hierarchy.,The ontology contains at least five meaningful object properties.,strength,strength,part,part,part_1_ontology,part_1_ontology,,,P1-R2|P1-R9,P1-R3,exact,compatible,no_overlap,0.5560792684555054,,,assessment_2|student_6|B|obs_s6_a2_001|b_obs_003,boundary_high
cal_0174,B,assessment_2,student_6,obs_s6_a2_001,b_obs_007,The ontology uses a thoughtful top-down design with a well-articulated hierarchy.,The report accurately describes the submitted ontology.,strength,strength,part,part,part_1_ontology,part_1_ontology,,,P1-R2|P1-R9,P1-R7,exact,compatible,no_overlap,0.5325453281402588,,,assessment_2|student_6|B|obs_s6_a2_001|b_obs_007,boundary_high
cal_0175,B,assessment_2,student_6,obs_s6_a2_006,b_obs_005,The critical discussion could also evaluate whether Wikipedia is a reliable source for ontology development.,The ontology contains a logically correct Description Logic axiom.,suggestion,strength,part,part,part_1_ontology,part_1_ontology,,,P1-R11,P1-R5,exact,potentially_compatible,no_overlap,0.439497709274292,,,assessment_2|student_6|B|obs_s6_a2_006|b_obs_005,boundary_low
cal_0176,B,assessment_2,student_6,obs_s6_a2_004,b_obs_007,The report narrative is concise while remaining comprehensive.,The report accurately describes the submitted ontology.,strength,strength,part,part,part_1_ontology,part_1_ontology,,,P1-R7|P1-R8,P1-R7,exact,compatible,overlap,0.4249221384525299,,,assessment_2|student_6|B|obs_s6_a2_004|b_obs_007,boundary_low
cal_0177,B,assessment_2,student_6,obs_s6_a2_001,b_obs_004,The ontology uses a thoughtful top-down design with a well-articulated hierarchy.,"Your submitted work correctly models property characteristics where appropriate, as evidenced by the detailed ontology report section that explains the rationale for this modelling.",strength,strength,part,part,part_1_ontology,part_1_ontology,,,P1-R2|P1-R9,P1-R4,exact,compatible,no_overlap,0.4235004484653473,,,assessment_2|student_6|B|obs_s6_a2_001|b_obs_004,boundary_low
cal_0178,B,assessment_2,student_6,obs_s6_a2_005,b_obs_011,The critical reflection could be strengthened by briefly discussing scalability trade-offs.,The report lacks critical discussion of the ontology's strengths and limitations.,suggestion,error,part,part,part_1_ontology,part_1_ontology,,,P1-R11,P1-R11,exact,potentially_compatible,exact,0.3315573930740356,,,assessment_2|student_6|B|obs_s6_a2_005|b_obs_011,low_medium
cal_0179,B,assessment_2,student_6,obs_s6_a2_003,b_obs_001,"The axiom defining the open, toasted and double-decker variants uses number restrictions and is traceable to cited source text.",The ontology contains at least ten relevant classes.,strength,strength,part,part,part_1_ontology,part_1_ontology,,,P1-R5|P1-R10,P1-R1,exact,compatible,no_overlap,0.2911842763423919,,,assessment_2|student_6|B|obs_s6_a2_003|b_obs_001,low_medium
cal_0180,B,assessment_2,student_6,obs_s6_a2_006,b_obs_009,The critical discussion could also evaluate whether Wikipedia is a reliable source for ontology development.,The report justifies the chosen class and property hierarchies.,suggestion,strength,part,part,part_1_ontology,part_1_ontology,,,P1-R11,P1-R9,exact,potentially_compatible,no_overlap,0.2351171374320984,,,assessment_2|student_6|B|obs_s6_a2_006|b_obs_009,low_medium
cal_0181,B,assessment_2,student_6,obs_s6_a2_009,b_obs_012,The comments are clear and technically accurate.,The report does not exceed the specified word limit of 750 words.,strength,strength,task_group,part,,part_1_ontology,part_2_task_1|part_2_task_2|part_2_task_3|part_2_task_4|part_2_task_5,,,P1-R12,unknown,compatible,not_assessable,0.215673953294754,,,assessment_2|student_6|B|obs_s6_a2_009|b_obs_012,low_medium
cal_0182,B,assessment_2,student_6,obs_s6_a2_009,b_obs_004,The comments are clear and technically accurate.,"Your submitted work correctly models property characteristics where appropriate, as evidenced by the detailed ontology report section that explains the rationale for this modelling.",strength,strength,task_group,part,,part_1_ontology,part_2_task_1|part_2_task_2|part_2_task_3|part_2_task_4|part_2_task_5,,,P1-R4,unknown,compatible,not_assessable,0.1752542555332183,,,assessment_2|student_6|B|obs_s6_a2_009|b_obs_004,very_low
cal_0183,B,assessment_2,student_6,obs_s6_a2_004,b_obs_003,The report narrative is concise while remaining comprehensive.,The ontology contains at least five meaningful object properties.,strength,strength,part,part,part_1_ontology,part_1_ontology,,,P1-R7|P1-R8,P1-R3,exact,compatible,no_overlap,0.1547024250030517,,,assessment_2|student_6|B|obs_s6_a2_004|b_obs_003,very_low
cal_0184,B,assessment_2,student_6,obs_s6_a2_010,b_obs_009,"The comments demonstrate excellent understanding of the real-world and cultural context behind the sandwich rules, supported by specific Wikipedia references and plausible food examples.",The report justifies the chosen class and property hierarchies.,strength,strength,task_group,part,,part_1_ontology,part_2_task_1|part_2_task_2|part_2_task_3|part_2_task_4|part_2_task_5,,,P1-R9,unknown,compatible,not_assessable,0.1412709653377533,,,assessment_2|student_6|B|obs_s6_a2_010|b_obs_009,very_low
cal_0185,B,assessment_2,student_6,obs_s6_a2_009,b_obs_003,The comments are clear and technically accurate.,The ontology contains at least five meaningful object properties.,strength,strength,task_group,part,,part_1_ontology,part_2_task_1|part_2_task_2|part_2_task_3|part_2_task_4|part_2_task_5,,,P1-R3,unknown,compatible,not_assessable,0.1320311278104782,,,assessment_2|student_6|B|obs_s6_a2_009|b_obs_003,very_low
cal_0186,B,assessment_2,student_6,obs_s6_a2_010,b_obs_001,"The comments demonstrate excellent understanding of the real-world and cultural context behind the sandwich rules, supported by specific Wikipedia references and plausible food examples.",The ontology contains at least ten relevant classes.,strength,strength,task_group,part,,part_1_ontology,part_2_task_1|part_2_task_2|part_2_task_3|part_2_task_4|part_2_task_5,,,P1-R1,unknown,compatible,not_assessable,0.1280929148197174,,,assessment_2|student_6|B|obs_s6_a2_010|b_obs_001,very_low
cal_0187,B,assessment_2,student_6,obs_s6_a2_009,b_obs_034,The comments are clear and technically accurate.,The modal operators correctly express the intended spatial constraint according to the submitted formula.,strength,strength,task_group,task,,part_2_prolog_modal_logic,part_2_task_1|part_2_task_2|part_2_task_3|part_2_task_4|part_2_task_5,part_2_task_4,,P2-T4-R4,human_broader,compatible,not_assessable,0.1025258153676986,,,assessment_2|student_6|B|obs_s6_a2_009|b_obs_034,very_low
cal_0188,B,assessment_2,student_6,obs_s6_a2_010,b_obs_012,"The comments demonstrate excellent understanding of the real-world and cultural context behind the sandwich rules, supported by specific Wikipedia references and plausible food examples.",The report does not exceed the specified word limit of 750 words.,strength,strength,task_group,part,,part_1_ontology,part_2_task_1|part_2_task_2|part_2_task_3|part_2_task_4|part_2_task_5,,,P1-R12,unknown,compatible,not_assessable,0.0928900763392448,,,assessment_2|student_6|B|obs_s6_a2_010|b_obs_012,very_low
cal_0189,B,assessment_2,student_6,obs_s6_a2_002,b_obs_012,"The ontology contains a six-property hierarchy, including inverse functional and symmetric property declarations that are applied appropriately.",The report does not exceed the specified word limit of 750 words.,strength,strength,part,part,part_1_ontology,part_1_ontology,,,P1-R3|P1-R4,P1-R12,exact,compatible,no_overlap,0.0620072335004806,,,assessment_2|student_6|B|obs_s6_a2_002|b_obs_012,very_low
cal_0190,B,assessment_2,student_6,obs_s6_a2_010,b_obs_007,"The comments demonstrate excellent understanding of the real-world and cultural context behind the sandwich rules, supported by specific Wikipedia references and plausible food examples.",The report accurately describes the submitted ontology.,strength,strength,task_group,part,,part_1_ontology,part_2_task_1|part_2_task_2|part_2_task_3|part_2_task_4|part_2_task_5,,,P1-R7,unknown,compatible,not_assessable,0.0595442354679107,,,assessment_2|student_6|B|obs_s6_a2_010|b_obs_007,very_low
cal_0191,C,assessment_2,student_6,obs_s6_a2_002,obs_003,"The ontology contains a six-property hierarchy, including inverse functional and symmetric property declarations that are applied appropriately.","Your ontology includes six object properties, which meets the requirement of having at least five meaningful object and/or data properties.",strength,strength,part,task,part_1_ontology,part_1_ontology,,part_1_ontology,P1-R3|P1-R4,P1-R3,human_broader,compatible,overlap,0.726772665977478,,,assessment_2|student_6|C|obs_s6_a2_002|obs_003,high
cal_0192,C,assessment_2,student_6,obs_s6_a2_002,obs_004,"The ontology contains a six-property hierarchy, including inverse functional and symmetric property declarations that are applied appropriately.","The student has correctly modelled six object properties in the OWL ontology, each with appropriate labels and structured data. The properties are relevant to the sandwich domain and correctly represent property domains, ranges, hierarchies, and characteristics.",strength,strength,part,task,part_1_ontology,part_1_ontology,,part_1_ontology,P1-R3|P1-R4,P1-R4,human_broader,compatible,overlap,0.6965295076370239,,,assessment_2|student_6|C|obs_s6_a2_002|obs_004,high
cal_0193,C,assessment_2,student_6,obs_s6_a2_003,obs_005,"The axiom defining the open, toasted and double-decker variants uses number restrictions and is traceable to cited source text.","Your submission includes two axioms that use number restrictions. These axioms correctly model the domain by defining relationships between the Sandwich and its components. However, the axioms use 'object_some_values_from' which is a form of number restriction, but it may be more appropriate to use 'some_values_from' for this purpose.",strength,strength,part,task,part_1_ontology,part_1_ontology,,part_1_ontology,P1-R5|P1-R10,P1-R5,human_broader,compatible,overlap,0.5557089447975159,,,assessment_2|student_6|C|obs_s6_a2_003|obs_005,boundary_high
cal_0194,C,assessment_2,student_6,obs_s6_a2_006,obs_011,The critical discussion could also evaluate whether Wikipedia is a reliable source for ontology development.,"The report includes a section that discusses the rationale behind class and property choices, but it is incomplete and lacks a clear critical discussion of the ontology's strengths and limitations. The content is cut off mid-sentence, which may affect the assessment of the requirement.",suggestion,suggestion,part,task,part_1_ontology,part_1_ontology,,part_1_ontology,P1-R11,P1-R11,human_broader,compatible,exact,0.4358117878437042,,,assessment_2|student_6|C|obs_s6_a2_006|obs_011,boundary_low
cal_0195,C,assessment_2,student_6,obs_s6_a2_005,obs_011,The critical reflection could be strengthened by briefly discussing scalability trade-offs.,"The report includes a section that discusses the rationale behind class and property choices, but it is incomplete and lacks a clear critical discussion of the ontology's strengths and limitations. The content is cut off mid-sentence, which may affect the assessment of the requirement.",suggestion,suggestion,part,task,part_1_ontology,part_1_ontology,,part_1_ontology,P1-R11,P1-R11,human_broader,compatible,exact,0.3584186136722564,,,assessment_2|student_6|C|obs_s6_a2_005|obs_011,boundary_low
cal_0196,C,assessment_2,student_6,obs_s6_a2_004,obs_008,The report narrative is concise while remaining comprehensive.,"The report clearly explains the purpose and scope of the ontology, including the rationale behind class and property choices and the strengths and limitations of the ontology design.",strength,strength,part,task,part_1_ontology,part_1_ontology,,part_1_ontology,P1-R7|P1-R8,P1-R8,human_broader,compatible,overlap,0.3098112940788269,,,assessment_2|student_6|C|obs_s6_a2_004|obs_008,low_medium
cal_0197,D,assessment_2,student_6,obs_s6_a2_002,obs_003,"The ontology contains a six-property hierarchy, including inverse functional and symmetric property declarations that are applied appropriately.","Your ontology includes six object properties, which meets the requirement of having at least five meaningful object and/or data properties.",strength,strength,part,task,part_1_ontology,part_1_ontology,,part_1_ontology,P1-R3|P1-R4,P1-R3,human_broader,compatible,overlap,0.726772665977478,,,assessment_2|student_6|D|obs_s6_a2_002|obs_003,high
cal_0198,D,assessment_2,student_6,obs_s6_a2_002,obs_004,"The ontology contains a six-property hierarchy, including inverse functional and symmetric property declarations that are applied appropriately.","The student has correctly modelled six object properties in the OWL ontology, each with appropriate labels and structured data. The properties are relevant to the sandwich domain and correctly represent property domains, ranges, hierarchies, and characteristics.",strength,strength,part,task,part_1_ontology,part_1_ontology,,part_1_ontology,P1-R3|P1-R4,P1-R4,human_broader,compatible,overlap,0.6965295076370239,,,assessment_2|student_6|D|obs_s6_a2_002|obs_004,high
cal_0199,D,assessment_2,student_6,obs_s6_a2_006,obs_011,The critical discussion could also evaluate whether Wikipedia is a reliable source for ontology development.,"The report includes a section that discusses the rationale behind class and property choices, but it is incomplete and lacks a clear critical discussion of the ontology's strengths and limitations. The content is cut off mid-sentence, which may affect the assessment of the requirement.",suggestion,suggestion,part,task,part_1_ontology,part_1_ontology,,part_1_ontology,P1-R11,P1-R11,human_broader,compatible,exact,0.4358117878437042,,,assessment_2|student_6|D|obs_s6_a2_006|obs_011,boundary_low
cal_0200,D,assessment_2,student_6,obs_s6_a2_005,obs_011,The critical reflection could be strengthened by briefly discussing scalability trade-offs.,"The report includes a section that discusses the rationale behind class and property choices, but it is incomplete and lacks a clear critical discussion of the ontology's strengths and limitations. The content is cut off mid-sentence, which may affect the assessment of the requirement.",suggestion,suggestion,part,task,part_1_ontology,part_1_ontology,,part_1_ontology,P1-R11,P1-R11,human_broader,compatible,exact,0.3584186136722564,,,assessment_2|student_6|D|obs_s6_a2_005|obs_011,boundary_low
